# Made in Blockbench 4.12.4
mtllib pirateboss_convertedtoOBJ.mtl

o cube
v 0.0625 4 0.7875
v 0.0625 4 0.6
v 0.0625 3.875 0.7875
v 0.0625 3.875 0.6
v -0.0625 4 0.6
v -0.0625 4 0.7875
v -0.0625 3.875 0.6
v -0.0625 3.875 0.7875
vt 0.49609375 0.8984375
vt 0.50390625 0.8984375
vt 0.50390625 0.890625
vt 0.49609375 0.890625
vt 0.484375 0.8984375
vt 0.49609375 0.8984375
vt 0.49609375 0.890625
vt 0.484375 0.890625
vt 0.515625 0.8984375
vt 0.5234375 0.8984375
vt 0.5234375 0.890625
vt 0.515625 0.890625
vt 0.50390625 0.8984375
vt 0.515625 0.8984375
vt 0.515625 0.890625
vt 0.50390625 0.890625
vt 0.50390625 0.8984375
vt 0.49609375 0.8984375
vt 0.49609375 0.91015625
vt 0.50390625 0.91015625
vt 0.51171875 0.91015625
vt 0.50390625 0.91015625
vt 0.50390625 0.8984375
vt 0.51171875 0.8984375
vn 0 0 -1
vn 1 0 0
vn 0 0 1
vn -1 0 0
vn 0 1 0
vn 0 -1 0
usemtl m_78259a52-36d1-b55a-1736-85a769a7346c
f 4/4/1 7/3/1 5/2/1 2/1/1
f 3/8/2 4/7/2 2/6/2 1/5/2
f 8/12/3 3/11/3 1/10/3 6/9/3
f 7/16/4 8/15/4 6/14/4 5/13/4
f 6/20/5 1/19/5 2/18/5 5/17/5
f 7/24/6 4/23/6 3/22/6 8/21/6
o cube
v 0.0625 3.3125 1.1625
v 0.0625 3.3125 0.9750000000000001
v 0.0625 3.0625 1.1625
v 0.0625 3.0625 0.9750000000000001
v -0.125 3.3125 0.9750000000000001
v -0.125 3.3125 1.1625
v -0.125 3.0625 0.9750000000000001
v -0.125 3.0625 1.1625
vt 0.12109375 0.60546875
vt 0.1328125 0.60546875
vt 0.1328125 0.58984375
vt 0.12109375 0.58984375
vt 0.14453125 0.60546875
vt 0.15625 0.60546875
vt 0.15625 0.58984375
vt 0.14453125 0.58984375
vt 0.1328125 0.60546875
vt 0.14453125 0.60546875
vt 0.14453125 0.58984375
vt 0.1328125 0.58984375
vt 0.14453125 0.6171875
vt 0.1328125 0.6171875
vt 0.1328125 0.60546875
vt 0.14453125 0.60546875
vn 0 0 -1
vn 0 0 1
vn -1 0 0
vn 0 -1 0
usemtl m_78259a52-36d1-b55a-1736-85a769a7346c
f 12/28/7 15/27/7 13/26/7 10/25/7
f 16/32/8 11/31/8 9/30/8 14/29/8
f 15/36/9 16/35/9 14/34/9 13/33/9
f 15/40/10 12/39/10 11/38/10 16/37/10
o cube
v 0.125 3.875 0.975
v 0.125 3.875 0.7875
v 0.125 3.6875 0.975
v 0.125 3.6875 0.7875
v -0.0625 3.875 0.7875
v -0.0625 3.875 0.975
v -0.0625 3.6875 0.7875
v -0.0625 3.6875 0.975
vt 0.05859375 0.55078125
vt 0.0703125 0.55078125
vt 0.0703125 0.5390625
vt 0.05859375 0.5390625
vt 0.046875 0.55078125
vt 0.05859375 0.55078125
vt 0.05859375 0.5390625
vt 0.046875 0.5390625
vt 0.08203125 0.55078125
vt 0.09375 0.55078125
vt 0.09375 0.5390625
vt 0.08203125 0.5390625
vt 0.0703125 0.55078125
vt 0.05859375 0.55078125
vt 0.05859375 0.5625
vt 0.0703125 0.5625
vt 0.08203125 0.5625
vt 0.0703125 0.5625
vt 0.0703125 0.55078125
vt 0.08203125 0.55078125
vn 0 0 -1
vn 1 0 0
vn 0 0 1
vn 0 1 0
vn 0 -1 0
usemtl m_78259a52-36d1-b55a-1736-85a769a7346c
f 20/44/11 23/43/11 21/42/11 18/41/11
f 19/48/12 20/47/12 18/46/12 17/45/12
f 24/52/13 19/51/13 17/50/13 22/49/13
f 22/56/14 17/55/14 18/54/14 21/53/14
f 23/60/15 20/59/15 19/58/15 24/57/15
o cube
v 0.125 3.8125 1.0375
v 0.125 3.8125 0.8500000000000001
v 0.125 3.625 1.0375
v 0.125 3.625 0.8500000000000001
v -0.0625 3.8125 0.8500000000000001
v -0.0625 3.8125 1.0375
v -0.0625 3.625 0.8500000000000001
v -0.0625 3.625 1.0375
vt 0.10546875 0.55078125
vt 0.1171875 0.55078125
vt 0.1171875 0.5390625
vt 0.10546875 0.5390625
vt 0.09375 0.55078125
vt 0.10546875 0.55078125
vt 0.10546875 0.5390625
vt 0.09375 0.5390625
vt 0.1171875 0.55078125
vt 0.10546875 0.55078125
vt 0.10546875 0.5625
vt 0.1171875 0.5625
vt 0.12890625 0.5625
vt 0.1171875 0.5625
vt 0.1171875 0.55078125
vt 0.12890625 0.55078125
vn 0 0 -1
vn 1 0 0
vn 0 1 0
vn 0 -1 0
usemtl m_78259a52-36d1-b55a-1736-85a769a7346c
f 28/64/16 31/63/16 29/62/16 26/61/16
f 27/68/17 28/67/17 26/66/17 25/65/17
f 30/72/18 25/71/18 26/70/18 29/69/18
f 31/76/19 28/75/19 27/74/19 32/73/19
o cube
v 0.0625 3.875 0.975
v 0.0625 3.875 0.7875
v 0.0625 3.6875 0.975
v 0.0625 3.6875 0.7875
v -0.125 3.875 0.7875
v -0.125 3.875 0.975
v -0.125 3.6875 0.7875
v -0.125 3.6875 0.975
vt 0.0703125 0.55078125
vt 0.05859375 0.55078125
vt 0.05859375 0.5390625
vt 0.0703125 0.5390625
vt 0.09375 0.55078125
vt 0.08203125 0.55078125
vt 0.08203125 0.5390625
vt 0.09375 0.5390625
vt 0.05859375 0.55078125
vt 0.046875 0.55078125
vt 0.046875 0.5390625
vt 0.05859375 0.5390625
vt 0.05859375 0.55078125
vt 0.0703125 0.55078125
vt 0.0703125 0.5625
vt 0.05859375 0.5625
vt 0.0703125 0.5625
vt 0.08203125 0.5625
vt 0.08203125 0.55078125
vt 0.0703125 0.55078125
vn 0 0 -1
vn 0 0 1
vn -1 0 0
vn 0 1 0
vn 0 -1 0
usemtl m_78259a52-36d1-b55a-1736-85a769a7346c
f 36/80/20 39/79/20 37/78/20 34/77/20
f 40/84/21 35/83/21 33/82/21 38/81/21
f 39/88/22 40/87/22 38/86/22 37/85/22
f 38/92/23 33/91/23 34/90/23 37/89/23
f 39/96/24 36/95/24 35/94/24 40/93/24
o cube
v 0.125 3.75 1.1
v 0.125 3.75 0.9125000000000001
v 0.125 3.5625 1.1
v 0.125 3.5625 0.9125000000000001
v -0.0625 3.75 0.9125000000000001
v -0.0625 3.75 1.1
v -0.0625 3.5625 0.9125000000000001
v -0.0625 3.5625 1.1
vt 0.44921875 0.78125
vt 0.4609375 0.78125
vt 0.4609375 0.76953125
vt 0.44921875 0.76953125
vt 0.4375 0.78125
vt 0.44921875 0.78125
vt 0.44921875 0.76953125
vt 0.4375 0.76953125
vt 0.47265625 0.78125
vt 0.484375 0.78125
vt 0.484375 0.76953125
vt 0.47265625 0.76953125
vt 0.47265625 0.79296875
vt 0.4609375 0.79296875
vt 0.4609375 0.78125
vt 0.47265625 0.78125
vn 0 0 -1
vn 1 0 0
vn 0 0 1
vn 0 -1 0
usemtl m_78259a52-36d1-b55a-1736-85a769a7346c
f 44/100/25 47/99/25 45/98/25 42/97/25
f 43/104/26 44/103/26 42/102/26 41/101/26
f 48/108/27 43/107/27 41/106/27 46/105/27
f 47/112/28 44/111/28 43/110/28 48/109/28
o cube
v 0.0625 3.8125 1.0375
v 0.0625 3.8125 0.8500000000000001
v 0.0625 3.625 1.0375
v 0.0625 3.625 0.8500000000000001
v -0.125 3.8125 0.8500000000000001
v -0.125 3.8125 1.0375
v -0.125 3.625 0.8500000000000001
v -0.125 3.625 1.0375
vt 0.1171875 0.55078125
vt 0.10546875 0.55078125
vt 0.10546875 0.5390625
vt 0.1171875 0.5390625
vt 0.10546875 0.55078125
vt 0.09375 0.55078125
vt 0.09375 0.5390625
vt 0.10546875 0.5390625
vt 0.10546875 0.55078125
vt 0.1171875 0.55078125
vt 0.1171875 0.5625
vt 0.10546875 0.5625
vt 0.1171875 0.5625
vt 0.12890625 0.5625
vt 0.12890625 0.55078125
vt 0.1171875 0.55078125
vn 0 0 -1
vn -1 0 0
vn 0 1 0
vn 0 -1 0
usemtl m_78259a52-36d1-b55a-1736-85a769a7346c
f 52/116/29 55/115/29 53/114/29 50/113/29
f 55/120/30 56/119/30 54/118/30 53/117/30
f 54/124/31 49/123/31 50/122/31 53/121/31
f 55/128/32 52/127/32 51/126/32 56/125/32
o cube
v 0.125 3.625 1.1625
v 0.125 3.625 0.9750000000000001
v 0.125 3.4375 1.1625
v 0.125 3.4375 0.9750000000000001
v -0.0625 3.625 0.9750000000000001
v -0.0625 3.625 1.1625
v -0.0625 3.4375 0.9750000000000001
v -0.0625 3.4375 1.1625
vt 0.19921875 0.546875
vt 0.2109375 0.546875
vt 0.2109375 0.53515625
vt 0.19921875 0.53515625
vt 0.1875 0.546875
vt 0.19921875 0.546875
vt 0.19921875 0.53515625
vt 0.1875 0.53515625
vt 0.22265625 0.546875
vt 0.234375 0.546875
vt 0.234375 0.53515625
vt 0.22265625 0.53515625
vt 0.2109375 0.546875
vt 0.19921875 0.546875
vt 0.19921875 0.55859375
vt 0.2109375 0.55859375
vn 0 0 -1
vn 1 0 0
vn 0 0 1
vn 0 1 0
usemtl m_78259a52-36d1-b55a-1736-85a769a7346c
f 60/132/33 63/131/33 61/130/33 58/129/33
f 59/136/34 60/135/34 58/134/34 57/133/34
f 64/140/35 59/139/35 57/138/35 62/137/35
f 62/144/36 57/143/36 58/142/36 61/141/36
o cube
v 0.0625 3.75 1.1
v 0.0625 3.75 0.9125000000000001
v 0.0625 3.5625 1.1
v 0.0625 3.5625 0.9125000000000001
v -0.125 3.75 0.9125000000000001
v -0.125 3.75 1.1
v -0.125 3.5625 0.9125000000000001
v -0.125 3.5625 1.1
vt 0.4609375 0.78125
vt 0.44921875 0.78125
vt 0.44921875 0.76953125
vt 0.4609375 0.76953125
vt 0.484375 0.78125
vt 0.47265625 0.78125
vt 0.47265625 0.76953125
vt 0.484375 0.76953125
vt 0.44921875 0.78125
vt 0.4375 0.78125
vt 0.4375 0.76953125
vt 0.44921875 0.76953125
vt 0.4609375 0.79296875
vt 0.47265625 0.79296875
vt 0.47265625 0.78125
vt 0.4609375 0.78125
vn 0 0 -1
vn 0 0 1
vn -1 0 0
vn 0 -1 0
usemtl m_78259a52-36d1-b55a-1736-85a769a7346c
f 68/148/37 71/147/37 69/146/37 66/145/37
f 72/152/38 67/151/38 65/150/38 70/149/38
f 71/156/39 72/155/39 70/154/39 69/153/39
f 71/160/40 68/159/40 67/158/40 72/157/40
o cube
v 0.125 3.5 1.1625
v 0.125 3.5 0.9750000000000001
v 0.125 3.25 1.1625
v 0.125 3.25 0.9750000000000001
v -0.0625 3.5 0.9750000000000001
v -0.0625 3.5 1.1625
v -0.0625 3.25 0.9750000000000001
v -0.0625 3.25 1.1625
vt 0.39453125 0.734375
vt 0.40625 0.734375
vt 0.40625 0.71875
vt 0.39453125 0.71875
vt 0.3828125 0.734375
vt 0.39453125 0.734375
vt 0.39453125 0.71875
vt 0.3828125 0.71875
vt 0.41796875 0.734375
vt 0.4296875 0.734375
vt 0.4296875 0.71875
vt 0.41796875 0.71875
vn 0 0 -1
vn 1 0 0
vn 0 0 1
usemtl m_78259a52-36d1-b55a-1736-85a769a7346c
f 76/164/41 79/163/41 77/162/41 74/161/41
f 75/168/42 76/167/42 74/166/42 73/165/42
f 80/172/43 75/171/43 73/170/43 78/169/43
o cube
v 0.0625 3.625 1.1625
v 0.0625 3.625 0.9750000000000001
v 0.0625 3.4375 1.1625
v 0.0625 3.4375 0.9750000000000001
v -0.125 3.625 0.9750000000000001
v -0.125 3.625 1.1625
v -0.125 3.4375 0.9750000000000001
v -0.125 3.4375 1.1625
vt 0.2109375 0.546875
vt 0.19921875 0.546875
vt 0.19921875 0.53515625
vt 0.2109375 0.53515625
vt 0.234375 0.546875
vt 0.22265625 0.546875
vt 0.22265625 0.53515625
vt 0.234375 0.53515625
vt 0.19921875 0.546875
vt 0.1875 0.546875
vt 0.1875 0.53515625
vt 0.19921875 0.53515625
vt 0.19921875 0.546875
vt 0.2109375 0.546875
vt 0.2109375 0.55859375
vt 0.19921875 0.55859375
vn 0 0 -1
vn 0 0 1
vn -1 0 0
vn 0 1 0
usemtl m_78259a52-36d1-b55a-1736-85a769a7346c
f 84/176/44 87/175/44 85/174/44 82/173/44
f 88/180/45 83/179/45 81/178/45 86/177/45
f 87/184/46 88/183/46 86/182/46 85/181/46
f 86/188/47 81/187/47 82/186/47 85/185/47
o cube
v 0.125 3.125 1.1
v 0.125 3.125 0.9125000000000001
v 0.125 2.875 1.1
v 0.125 2.875 0.9125000000000001
v -0.0625 3.125 0.9125000000000001
v -0.0625 3.125 1.1
v -0.0625 2.875 0.9125000000000001
v -0.0625 2.875 1.1
vt 0.23046875 0.6015625
vt 0.2421875 0.6015625
vt 0.2421875 0.5859375
vt 0.23046875 0.5859375
vt 0.21875 0.6015625
vt 0.23046875 0.6015625
vt 0.23046875 0.5859375
vt 0.21875 0.5859375
vt 0.25390625 0.6015625
vt 0.265625 0.6015625
vt 0.265625 0.5859375
vt 0.25390625 0.5859375
vt 0.2421875 0.6015625
vt 0.23046875 0.6015625
vt 0.23046875 0.61328125
vt 0.2421875 0.61328125
vt 0.25390625 0.61328125
vt 0.2421875 0.61328125
vt 0.2421875 0.6015625
vt 0.25390625 0.6015625
vn 0 0 -1
vn 1 0 0
vn 0 0 1
vn 0 1 0
vn 0 -1 0
usemtl m_78259a52-36d1-b55a-1736-85a769a7346c
f 92/192/48 95/191/48 93/190/48 90/189/48
f 91/196/49 92/195/49 90/194/49 89/193/49
f 96/200/50 91/199/50 89/198/50 94/197/50
f 94/204/51 89/203/51 90/202/51 93/201/51
f 95/208/52 92/207/52 91/206/52 96/205/52
o cube
v 0.0625 3.5 1.1625
v 0.0625 3.5 0.9750000000000001
v 0.0625 3.25 1.1625
v 0.0625 3.25 0.9750000000000001
v -0.125 3.5 0.9750000000000001
v -0.125 3.5 1.1625
v -0.125 3.25 0.9750000000000001
v -0.125 3.25 1.1625
vt 0.40625 0.734375
vt 0.39453125 0.734375
vt 0.39453125 0.71875
vt 0.40625 0.71875
vt 0.4296875 0.734375
vt 0.41796875 0.734375
vt 0.41796875 0.71875
vt 0.4296875 0.71875
vt 0.39453125 0.734375
vt 0.3828125 0.734375
vt 0.3828125 0.71875
vt 0.39453125 0.71875
vn 0 0 -1
vn 0 0 1
vn -1 0 0
usemtl m_78259a52-36d1-b55a-1736-85a769a7346c
f 100/212/53 103/211/53 101/210/53 98/209/53
f 104/216/54 99/215/54 97/214/54 102/213/54
f 103/220/55 104/219/55 102/218/55 101/217/55
o cube
v 0.125 3.3125 1.1625
v 0.125 3.3125 0.9750000000000001
v 0.125 3.0625 1.1625
v 0.125 3.0625 0.9750000000000001
v -0.0625 3.3125 0.9750000000000001
v -0.0625 3.3125 1.1625
v -0.0625 3.0625 0.9750000000000001
v -0.0625 3.0625 1.1625
vt 0.1328125 0.60546875
vt 0.12109375 0.60546875
vt 0.12109375 0.58984375
vt 0.1328125 0.58984375
vt 0.14453125 0.60546875
vt 0.1328125 0.60546875
vt 0.1328125 0.58984375
vt 0.14453125 0.58984375
vt 0.15625 0.60546875
vt 0.14453125 0.60546875
vt 0.14453125 0.58984375
vt 0.15625 0.58984375
vt 0.1328125 0.6171875
vt 0.14453125 0.6171875
vt 0.14453125 0.60546875
vt 0.1328125 0.60546875
vn 0 0 -1
vn 1 0 0
vn 0 0 1
vn 0 -1 0
usemtl m_78259a52-36d1-b55a-1736-85a769a7346c
f 108/224/56 111/223/56 109/222/56 106/221/56
f 107/228/57 108/227/57 106/226/57 105/225/57
f 112/232/58 107/231/58 105/230/58 110/229/58
f 111/236/59 108/235/59 107/234/59 112/233/59
o cube
v 0.125 2.875 1.0375
v 0.125 2.875 0.8500000000000001
v 0.125 2.625 1.0375
v 0.125 2.625 0.8500000000000001
v -0.0625 2.875 0.8500000000000001
v -0.0625 2.875 1.0375
v -0.0625 2.625 0.8500000000000001
v -0.0625 2.625 1.0375
vt 0.32421875 0.58984375
vt 0.3359375 0.58984375
vt 0.3359375 0.57421875
vt 0.32421875 0.57421875
vt 0.3125 0.58984375
vt 0.32421875 0.58984375
vt 0.32421875 0.57421875
vt 0.3125 0.57421875
vt 0.34765625 0.58984375
vt 0.359375 0.58984375
vt 0.359375 0.57421875
vt 0.34765625 0.57421875
vt 0.3359375 0.58984375
vt 0.32421875 0.58984375
vt 0.32421875 0.6015625
vt 0.3359375 0.6015625
vt 0.34765625 0.6015625
vt 0.3359375 0.6015625
vt 0.3359375 0.58984375
vt 0.34765625 0.58984375
vn 0 0 -1
vn 1 0 0
vn 0 0 1
vn 0 1 0
vn 0 -1 0
usemtl m_78259a52-36d1-b55a-1736-85a769a7346c
f 116/240/60 119/239/60 117/238/60 114/237/60
f 115/244/61 116/243/61 114/242/61 113/241/61
f 120/248/62 115/247/62 113/246/62 118/245/62
f 118/252/63 113/251/63 114/250/63 117/249/63
f 119/256/64 116/255/64 115/254/64 120/253/64
o cube
v 0.0625 3.125 1.1
v 0.0625 3.125 0.9125000000000001
v 0.0625 2.875 1.1
v 0.0625 2.875 0.9125000000000001
v -0.125 3.125 0.9125000000000001
v -0.125 3.125 1.1
v -0.125 2.875 0.9125000000000001
v -0.125 2.875 1.1
vt 0.2421875 0.6015625
vt 0.23046875 0.6015625
vt 0.23046875 0.5859375
vt 0.2421875 0.5859375
vt 0.265625 0.6015625
vt 0.25390625 0.6015625
vt 0.25390625 0.5859375
vt 0.265625 0.5859375
vt 0.23046875 0.6015625
vt 0.21875 0.6015625
vt 0.21875 0.5859375
vt 0.23046875 0.5859375
vt 0.23046875 0.6015625
vt 0.2421875 0.6015625
vt 0.2421875 0.61328125
vt 0.23046875 0.61328125
vt 0.2421875 0.61328125
vt 0.25390625 0.61328125
vt 0.25390625 0.6015625
vt 0.2421875 0.6015625
vn 0 0 -1
vn 0 0 1
vn -1 0 0
vn 0 1 0
vn 0 -1 0
usemtl m_78259a52-36d1-b55a-1736-85a769a7346c
f 124/260/65 127/259/65 125/258/65 122/257/65
f 128/264/66 123/263/66 121/262/66 126/261/66
f 127/268/67 128/267/67 126/266/67 125/265/67
f 126/272/68 121/271/68 122/270/68 125/269/68
f 127/276/69 124/275/69 123/274/69 128/273/69
o cube
v 0.125 2.6875 0.975
v 0.125 2.6875 0.7875
v 0.125 2.4375 0.975
v 0.125 2.4375 0.7875
v -0.0625 2.6875 0.7875
v -0.0625 2.6875 0.975
v -0.0625 2.4375 0.7875
v -0.0625 2.4375 0.975
vt 0.41796875 0.92578125
vt 0.4296875 0.92578125
vt 0.4296875 0.91015625
vt 0.41796875 0.91015625
vt 0.40625 0.92578125
vt 0.41796875 0.92578125
vt 0.41796875 0.91015625
vt 0.40625 0.91015625
vt 0.44140625 0.92578125
vt 0.453125 0.92578125
vt 0.453125 0.91015625
vt 0.44140625 0.91015625
vt 0.4296875 0.92578125
vt 0.41796875 0.92578125
vt 0.41796875 0.9375
vt 0.4296875 0.9375
vt 0.44140625 0.9375
vt 0.4296875 0.9375
vt 0.4296875 0.92578125
vt 0.44140625 0.92578125
vn 0 0 -1
vn 1 0 0
vn 0 0 1
vn 0 1 0
vn 0 -1 0
usemtl m_78259a52-36d1-b55a-1736-85a769a7346c
f 132/280/70 135/279/70 133/278/70 130/277/70
f 131/284/71 132/283/71 130/282/71 129/281/71
f 136/288/72 131/287/72 129/286/72 134/285/72
f 134/292/73 129/291/73 130/290/73 133/289/73
f 135/296/74 132/295/74 131/294/74 136/293/74
o cube
v 0.0625 2.875 1.0375
v 0.0625 2.875 0.8500000000000001
v 0.0625 2.625 1.0375
v 0.0625 2.625 0.8500000000000001
v -0.125 2.875 0.8500000000000001
v -0.125 2.875 1.0375
v -0.125 2.625 0.8500000000000001
v -0.125 2.625 1.0375
vt 0.3359375 0.58984375
vt 0.32421875 0.58984375
vt 0.32421875 0.57421875
vt 0.3359375 0.57421875
vt 0.359375 0.58984375
vt 0.34765625 0.58984375
vt 0.34765625 0.57421875
vt 0.359375 0.57421875
vt 0.32421875 0.58984375
vt 0.3125 0.58984375
vt 0.3125 0.57421875
vt 0.32421875 0.57421875
vt 0.32421875 0.58984375
vt 0.3359375 0.58984375
vt 0.3359375 0.6015625
vt 0.32421875 0.6015625
vt 0.3359375 0.6015625
vt 0.34765625 0.6015625
vt 0.34765625 0.58984375
vt 0.3359375 0.58984375
vn 0 0 -1
vn 0 0 1
vn -1 0 0
vn 0 1 0
vn 0 -1 0
usemtl m_78259a52-36d1-b55a-1736-85a769a7346c
f 140/300/75 143/299/75 141/298/75 138/297/75
f 144/304/76 139/303/76 137/302/76 142/301/76
f 143/308/77 144/307/77 142/306/77 141/305/77
f 142/312/78 137/311/78 138/310/78 141/309/78
f 143/316/79 140/315/79 139/314/79 144/313/79
o cube
v 0.125 2.5 0.85
v 0.125 2.5 0.6625
v 0.125 2.25 0.85
v 0.125 2.25 0.6625
v -0.0625 2.5 0.6625
v -0.0625 2.5 0.85
v -0.0625 2.25 0.6625
v -0.0625 2.25 0.85
vt 0.05859375 0.578125
vt 0.0703125 0.578125
vt 0.0703125 0.5625
vt 0.05859375 0.5625
vt 0.046875 0.578125
vt 0.05859375 0.578125
vt 0.05859375 0.5625
vt 0.046875 0.5625
vt 0.08203125 0.578125
vt 0.09375 0.578125
vt 0.09375 0.5625
vt 0.08203125 0.5625
vt 0.0703125 0.578125
vt 0.05859375 0.578125
vt 0.05859375 0.58984375
vt 0.0703125 0.58984375
vt 0.08203125 0.58984375
vt 0.0703125 0.58984375
vt 0.0703125 0.578125
vt 0.08203125 0.578125
vn 0 0 -1
vn 1 0 0
vn 0 0 1
vn 0 1 0
vn 0 -1 0
usemtl m_78259a52-36d1-b55a-1736-85a769a7346c
f 148/320/80 151/319/80 149/318/80 146/317/80
f 147/324/81 148/323/81 146/322/81 145/321/81
f 152/328/82 147/327/82 145/326/82 150/325/82
f 150/332/83 145/331/83 146/330/83 149/329/83
f 151/336/84 148/335/84 147/334/84 152/333/84
o cube
v 0.0625 2.6875 0.975
v 0.0625 2.6875 0.7875
v 0.0625 2.4375 0.975
v 0.0625 2.4375 0.7875
v -0.125 2.6875 0.7875
v -0.125 2.6875 0.975
v -0.125 2.4375 0.7875
v -0.125 2.4375 0.975
vt 0.4296875 0.92578125
vt 0.41796875 0.92578125
vt 0.41796875 0.91015625
vt 0.4296875 0.91015625
vt 0.453125 0.92578125
vt 0.44140625 0.92578125
vt 0.44140625 0.91015625
vt 0.453125 0.91015625
vt 0.41796875 0.92578125
vt 0.40625 0.92578125
vt 0.40625 0.91015625
vt 0.41796875 0.91015625
vt 0.41796875 0.92578125
vt 0.4296875 0.92578125
vt 0.4296875 0.9375
vt 0.41796875 0.9375
vt 0.4296875 0.9375
vt 0.44140625 0.9375
vt 0.44140625 0.92578125
vt 0.4296875 0.92578125
vn 0 0 -1
vn 0 0 1
vn -1 0 0
vn 0 1 0
vn 0 -1 0
usemtl m_78259a52-36d1-b55a-1736-85a769a7346c
f 156/340/85 159/339/85 157/338/85 154/337/85
f 160/344/86 155/343/86 153/342/86 158/341/86
f 159/348/87 160/347/87 158/346/87 157/345/87
f 158/352/88 153/351/88 154/350/88 157/349/88
f 159/356/89 156/355/89 155/354/89 160/353/89
o cube
v 0.0625 2.5 0.85
v 0.0625 2.5 0.6625
v 0.0625 2.25 0.85
v 0.0625 2.25 0.6625
v -0.125 2.5 0.6625
v -0.125 2.5 0.85
v -0.125 2.25 0.6625
v -0.125 2.25 0.85
vt 0.0703125 0.578125
vt 0.05859375 0.578125
vt 0.05859375 0.5625
vt 0.0703125 0.5625
vt 0.09375 0.578125
vt 0.08203125 0.578125
vt 0.08203125 0.5625
vt 0.09375 0.5625
vt 0.05859375 0.578125
vt 0.046875 0.578125
vt 0.046875 0.5625
vt 0.05859375 0.5625
vt 0.05859375 0.578125
vt 0.0703125 0.578125
vt 0.0703125 0.58984375
vt 0.05859375 0.58984375
vt 0.0703125 0.58984375
vt 0.08203125 0.58984375
vt 0.08203125 0.578125
vt 0.0703125 0.578125
vn 0 0 -1
vn 0 0 1
vn -1 0 0
vn 0 1 0
vn 0 -1 0
usemtl m_78259a52-36d1-b55a-1736-85a769a7346c
f 164/360/90 167/359/90 165/358/90 162/357/90
f 168/364/91 163/363/91 161/362/91 166/361/91
f 167/368/92 168/367/92 166/366/92 165/365/92
f 166/372/93 161/371/93 162/370/93 165/369/93
f 167/376/94 164/375/94 163/374/94 168/373/94
o cube
v 0.0625 3.9375 0.85
v 0.0625 3.9375 0.6625
v 0.0625 3.75 0.85
v 0.0625 3.75 0.6625
v -0.125 3.9375 0.6625
v -0.125 3.9375 0.85
v -0.125 3.75 0.6625
v -0.125 3.75 0.85
vt 0.44921875 0.54296875
vt 0.4609375 0.54296875
vt 0.4609375 0.53125
vt 0.44921875 0.53125
vt 0.47265625 0.54296875
vt 0.484375 0.54296875
vt 0.484375 0.53125
vt 0.47265625 0.53125
vt 0.4609375 0.54296875
vt 0.47265625 0.54296875
vt 0.47265625 0.53125
vt 0.4609375 0.53125
vt 0.4609375 0.54296875
vt 0.44921875 0.54296875
vt 0.44921875 0.5546875
vt 0.4609375 0.5546875
vt 0.47265625 0.5546875
vt 0.4609375 0.5546875
vt 0.4609375 0.54296875
vt 0.47265625 0.54296875
vn 0 0 -1
vn 0 0 1
vn -1 0 0
vn 0 1 0
vn 0 -1 0
usemtl m_78259a52-36d1-b55a-1736-85a769a7346c
f 172/380/95 175/379/95 173/378/95 170/377/95
f 176/384/96 171/383/96 169/382/96 174/381/96
f 175/388/97 176/387/97 174/386/97 173/385/97
f 174/392/98 169/391/98 170/390/98 173/389/98
f 175/396/99 172/395/99 171/394/99 176/393/99
o cube
v 0.125 3.9375 0.85
v 0.125 3.9375 0.6625
v 0.125 3.75 0.85
v 0.125 3.75 0.6625
v -0.0625 3.9375 0.6625
v -0.0625 3.9375 0.85
v -0.0625 3.75 0.6625
v -0.0625 3.75 0.85
vt 0.4609375 0.54296875
vt 0.44921875 0.54296875
vt 0.44921875 0.53125
vt 0.4609375 0.53125
vt 0.47265625 0.54296875
vt 0.4609375 0.54296875
vt 0.4609375 0.53125
vt 0.47265625 0.53125
vt 0.484375 0.54296875
vt 0.47265625 0.54296875
vt 0.47265625 0.53125
vt 0.484375 0.53125
vt 0.44921875 0.54296875
vt 0.4609375 0.54296875
vt 0.4609375 0.5546875
vt 0.44921875 0.5546875
vt 0.4609375 0.5546875
vt 0.47265625 0.5546875
vt 0.47265625 0.54296875
vt 0.4609375 0.54296875
vn 0 0 -1
vn 1 0 0
vn 0 0 1
vn 0 1 0
vn 0 -1 0
usemtl m_78259a52-36d1-b55a-1736-85a769a7346c
f 180/400/100 183/399/100 181/398/100 178/397/100
f 179/404/101 180/403/101 178/402/101 177/401/101
f 184/408/102 179/407/102 177/406/102 182/405/102
f 182/412/103 177/411/103 178/410/103 181/409/103
f 183/416/104 180/415/104 179/414/104 184/413/104
o cube
v 0.349586875 3.251835 1.299363125
v 0.349586875 3.251835 1.236863125
v 0.349586875 3.001835 1.299363125
v 0.349586875 3.001835 1.236863125
v 0.09958687500000002 3.251835 1.236863125
v 0.09958687500000002 3.251835 1.299363125
v 0.09958687500000002 3.001835 1.236863125
v 0.09958687500000002 3.001835 1.299363125
vt 0.08203125 0.5234375
vt 0.09765625 0.5234375
vt 0.09765625 0.5078125
vt 0.08203125 0.5078125
vt 0.078125 0.5234375
vt 0.08203125 0.5234375
vt 0.08203125 0.5078125
vt 0.078125 0.5078125
vt 0.1015625 0.5234375
vt 0.1171875 0.5234375
vt 0.1171875 0.5078125
vt 0.1015625 0.5078125
vt 0.09765625 0.5234375
vt 0.1015625 0.5234375
vt 0.1015625 0.5078125
vt 0.09765625 0.5078125
vt 0.09765625 0.5234375
vt 0.08203125 0.5234375
vt 0.08203125 0.52734375
vt 0.09765625 0.52734375
vt 0.11328125 0.52734375
vt 0.09765625 0.52734375
vt 0.09765625 0.5234375
vt 0.11328125 0.5234375
vn 0 0 -1
vn 1 0 0
vn 0 0 1
vn -1 0 0
vn 0 1 0
vn 0 -1 0
usemtl m_78259a52-36d1-b55a-1736-85a769a7346c
f 188/420/105 191/419/105 189/418/105 186/417/105
f 187/424/106 188/423/106 186/422/106 185/421/106
f 192/428/107 187/427/107 185/426/107 190/425/107
f 191/432/108 192/431/108 190/430/108 189/429/108
f 190/436/109 185/435/109 186/434/109 189/433/109
f 191/440/110 188/439/110 187/438/110 192/437/110
o cube
v 0.7658437499999999 4.00468 1.078810625
v 0.7658437499999999 4.00468 0.766310625
v 0.7658437499999999 3.9421799999999996 1.078810625
v 0.7658437499999999 3.9421799999999996 0.766310625
v 0.26584374999999993 4.00468 0.766310625
v 0.26584374999999993 4.00468 1.078810625
v 0.26584374999999993 3.9421799999999996 0.766310625
v 0.26584374999999993 3.9421799999999996 1.078810625
vt 0.20703125 0.828125
vt 0.23828125 0.828125
vt 0.23828125 0.82421875
vt 0.20703125 0.82421875
vt 0.2578125 0.828125
vt 0.2890625 0.828125
vt 0.2890625 0.82421875
vt 0.2578125 0.82421875
vt 0.23828125 0.828125
vt 0.2578125 0.828125
vt 0.2578125 0.82421875
vt 0.23828125 0.82421875
vt 0.23828125 0.828125
vt 0.20703125 0.828125
vt 0.20703125 0.84765625
vt 0.23828125 0.84765625
vt 0.26953125 0.84765625
vt 0.23828125 0.84765625
vt 0.23828125 0.828125
vt 0.26953125 0.828125
vn 0 0 -1
vn 0 0 1
vn -1 0 0
vn 0 1 0
vn 0 -1 0
usemtl m_78259a52-36d1-b55a-1736-85a769a7346c
f 196/444/111 199/443/111 197/442/111 194/441/111
f 200/448/112 195/447/112 193/446/112 198/445/112
f 199/452/113 200/451/113 198/450/113 197/449/113
f 198/456/114 193/455/114 194/454/114 197/453/114
f 199/460/115 196/459/115 195/458/115 200/457/115
o cube
v 0.82834375 4.00468 1.078810625
v 0.82834375 4.00468 0.828810625
v 0.82834375 3.8796799999999996 1.078810625
v 0.82834375 3.8796799999999996 0.828810625
v 0.76584375 4.00468 0.828810625
v 0.76584375 4.00468 1.078810625
v 0.76584375 3.8796799999999996 0.828810625
v 0.76584375 3.8796799999999996 1.078810625
vt 0.453125 0.515625
vt 0.45703125 0.515625
vt 0.45703125 0.5078125
vt 0.453125 0.5078125
vt 0.4375 0.515625
vt 0.453125 0.515625
vt 0.453125 0.5078125
vt 0.4375 0.5078125
vt 0.45703125 0.515625
vt 0.47265625 0.515625
vt 0.47265625 0.5078125
vt 0.45703125 0.5078125
vt 0.4609375 0.53125
vt 0.45703125 0.53125
vt 0.45703125 0.515625
vt 0.4609375 0.515625
vn 0 0 -1
vn 1 0 0
vn -1 0 0
vn 0 -1 0
usemtl m_78259a52-36d1-b55a-1736-85a769a7346c
f 204/464/116 207/463/116 205/462/116 202/461/116
f 203/468/117 204/467/117 202/466/117 201/465/117
f 207/472/118 208/471/118 206/470/118 205/469/118
f 207/476/119 204/475/119 203/474/119 208/473/119
o cube
v -0.125 3.586293125 0.955869375
v -0.125 3.586293125 0.893369375
v -0.125 3.461293125 0.955869375
v -0.125 3.461293125 0.893369375
v -0.5 3.586293125 0.893369375
v -0.5 3.586293125 0.955869375
v -0.5 3.461293125 0.893369375
v -0.5 3.461293125 0.955869375
vt 0.48046875 0.765625
vt 0.45703125 0.765625
vt 0.45703125 0.7578125
vt 0.48046875 0.7578125
vt 0.484375 0.765625
vt 0.48046875 0.765625
vt 0.48046875 0.7578125
vt 0.484375 0.7578125
vt 0.45703125 0.765625
vt 0.453125 0.765625
vt 0.453125 0.7578125
vt 0.45703125 0.7578125
vt 0.45703125 0.765625
vt 0.48046875 0.765625
vt 0.48046875 0.76953125
vt 0.45703125 0.76953125
vt 0.48046875 0.76953125
vt 0.50390625 0.76953125
vt 0.50390625 0.765625
vt 0.48046875 0.765625
vn 0 0 -1
vn 1 0 0
vn -1 0 0
vn 0 1 0
vn 0 -1 0
usemtl m_78259a52-36d1-b55a-1736-85a769a7346c
f 212/480/120 215/479/120 213/478/120 210/477/120
f 211/484/121 212/483/121 210/482/121 209/481/121
f 215/488/122 216/487/122 214/486/122 213/485/122
f 214/492/123 209/491/123 210/490/123 213/489/123
f 215/496/124 212/495/124 211/494/124 216/493/124
o cube
v -0.125 3.336293125 0.955869375
v -0.125 3.336293125 0.893369375
v -0.125 3.211293125 0.955869375
v -0.125 3.211293125 0.893369375
v -0.5625 3.336293125 0.893369375
v -0.5625 3.336293125 0.955869375
v -0.5625 3.211293125 0.893369375
v -0.5625 3.211293125 0.955869375
vt 0.46484375 0.984375
vt 0.4921875 0.984375
vt 0.4921875 0.9765625
vt 0.46484375 0.9765625
vt 0.4609375 0.984375
vt 0.46484375 0.984375
vt 0.46484375 0.9765625
vt 0.4609375 0.9765625
vt 0.49609375 0.984375
vt 0.5234375 0.984375
vt 0.5234375 0.9765625
vt 0.49609375 0.9765625
vt 0.4921875 0.984375
vt 0.49609375 0.984375
vt 0.49609375 0.9765625
vt 0.4921875 0.9765625
vt 0.4921875 0.984375
vt 0.46484375 0.984375
vt 0.46484375 0.98828125
vt 0.4921875 0.98828125
vt 0.51953125 0.98828125
vt 0.4921875 0.98828125
vt 0.4921875 0.984375
vt 0.51953125 0.984375
vn 0 0 -1
vn 1 0 0
vn 0 0 1
vn -1 0 0
vn 0 1 0
vn 0 -1 0
usemtl m_78259a52-36d1-b55a-1736-85a769a7346c
f 220/500/125 223/499/125 221/498/125 218/497/125
f 219/504/126 220/503/126 218/502/126 217/501/126
f 224/508/127 219/507/127 217/506/127 222/505/127
f 223/512/128 224/511/128 222/510/128 221/509/128
f 222/516/129 217/515/129 218/514/129 221/513/129
f 223/520/130 220/519/130 219/518/130 224/517/130
o cube
v -0.5653865673665813 3.330309375 0.9441258270111661
v -0.5414688528437632 3.330309375 0.8863833562292107
v -0.5653865673665813 3.205309375 0.9441258270111661
v -0.5414688528437632 3.205309375 0.8863833562292107
v -1.0034086190994067 3.330309375 0.6950416400466659
v -1.0273263336222247 3.330309375 0.7527841108286213
v -1.0034086190994067 3.205309375 0.6950416400466659
v -1.0273263336222247 3.205309375 0.7527841108286213
vt 0.44921875 0.80078125
vt 0.41796875 0.80078125
vt 0.41796875 0.79296875
vt 0.44921875 0.79296875
vt 0.453125 0.80078125
vt 0.44921875 0.80078125
vt 0.44921875 0.79296875
vt 0.453125 0.79296875
vt 0.484375 0.80078125
vt 0.453125 0.80078125
vt 0.453125 0.79296875
vt 0.484375 0.79296875
vt 0.41796875 0.80078125
vt 0.4140625 0.80078125
vt 0.4140625 0.79296875
vt 0.41796875 0.79296875
vt 0.41796875 0.80078125
vt 0.44921875 0.80078125
vt 0.44921875 0.8046875
vt 0.41796875 0.8046875
vt 0.44921875 0.8046875
vt 0.48046875 0.8046875
vt 0.48046875 0.80078125
vt 0.44921875 0.80078125
vn 0.3826834323650897 0 -0.9238795325112867
vn 0.9238795325112867 0 0.3826834323650897
vn -0.3826834323650897 0 0.9238795325112867
vn -0.9238795325112867 0 -0.3826834323650897
vn 0 1 0
vn 0 -1 0
usemtl m_78259a52-36d1-b55a-1736-85a769a7346c
f 228/524/131 231/523/131 229/522/131 226/521/131
f 227/528/132 228/527/132 226/526/132 225/525/132
f 232/532/133 227/531/133 225/530/133 230/529/133
f 231/536/134 232/535/134 230/534/134 229/533/134
f 230/540/135 225/539/135 226/538/135 229/537/135
f 231/544/136 228/543/136 227/542/136 232/541/136
o cube
v -0.125 3.086293125 0.955869375
v -0.125 3.086293125 0.893369375
v -0.125 2.961293125 0.955869375
v -0.125 2.961293125 0.893369375
v -0.5 3.086293125 0.893369375
v -0.5 3.086293125 0.955869375
v -0.5 2.961293125 0.893369375
v -0.5 2.961293125 0.955869375
vt 0.48828125 0.99609375
vt 0.46484375 0.99609375
vt 0.46484375 0.98828125
vt 0.48828125 0.98828125
vt 0.4921875 0.99609375
vt 0.48828125 0.99609375
vt 0.48828125 0.98828125
vt 0.4921875 0.98828125
vt 0.515625 0.99609375
vt 0.4921875 0.99609375
vt 0.4921875 0.98828125
vt 0.515625 0.98828125
vt 0.46484375 0.99609375
vt 0.4609375 0.99609375
vt 0.4609375 0.98828125
vt 0.46484375 0.98828125
vt 0.46484375 0.99609375
vt 0.48828125 0.99609375
vt 0.48828125 1
vt 0.46484375 1
vt 0.48828125 1
vt 0.51171875 1
vt 0.51171875 0.99609375
vt 0.48828125 0.99609375
vn 0 0 -1
vn 1 0 0
vn 0 0 1
vn -1 0 0
vn 0 1 0
vn 0 -1 0
usemtl m_78259a52-36d1-b55a-1736-85a769a7346c
f 236/548/137 239/547/137 237/546/137 234/545/137
f 235/552/138 236/551/138 234/550/138 233/549/138
f 240/556/139 235/555/139 233/554/139 238/553/139
f 239/560/140 240/559/140 238/558/140 237/557/140
f 238/564/141 233/563/141 234/562/141 237/561/141
f 239/568/142 236/567/142 235/566/142 240/565/142
o cube
v -0.5028865673665813 3.080309375 0.9441258270111661
v -0.4789688528437632 3.080309375 0.8863833562292107
v -0.5028865673665813 2.955309375 0.9441258270111661
v -0.4789688528437632 2.955309375 0.8863833562292107
v -0.8831661483174512 3.080309375 0.7189593545694839
v -0.9070838628402693 3.080309375 0.7767018253514394
v -0.8831661483174512 2.955309375 0.7189593545694839
v -0.9070838628402693 2.955309375 0.7767018253514394
vt 0.44921875 0.6171875
vt 0.4453125 0.6171875
vt 0.4453125 0.609375
vt 0.44921875 0.609375
vt 0.4765625 0.6171875
vt 0.44921875 0.6171875
vt 0.44921875 0.609375
vt 0.4765625 0.609375
vt 0.41796875 0.6171875
vt 0.4140625 0.6171875
vt 0.4140625 0.609375
vt 0.41796875 0.609375
vt 0.41796875 0.6171875
vt 0.4453125 0.6171875
vt 0.4453125 0.62109375
vt 0.41796875 0.62109375
vt 0.4453125 0.62109375
vt 0.47265625 0.62109375
vt 0.47265625 0.6171875
vt 0.4453125 0.6171875
vn 0.9238795325112867 0 0.3826834323650897
vn -0.3826834323650897 0 0.9238795325112867
vn -0.9238795325112867 0 -0.3826834323650897
vn 0 1 0
vn 0 -1 0
usemtl m_78259a52-36d1-b55a-1736-85a769a7346c
f 243/572/143 244/571/143 242/570/143 241/569/143
f 248/576/144 243/575/144 241/574/144 246/573/144
f 247/580/145 248/579/145 246/578/145 245/577/145
f 246/584/146 241/583/146 242/582/146 245/581/146
f 247/588/147 244/587/147 243/586/147 248/585/147
o cube
v -0.4403865673665813 2.830309375 0.9441258270111661
v -0.4164688528437632 2.830309375 0.8863833562292107
v -0.4403865673665813 2.705309375 0.9441258270111661
v -0.4164688528437632 2.705309375 0.8863833562292107
v -0.7629236775354957 2.830309375 0.7428770690923021
v -0.7868413920583139 2.830309375 0.8006195398742575
v -0.7629236775354957 2.705309375 0.7428770690923021
v -0.7868413920583139 2.705309375 0.8006195398742575
vt 0.4921875 0.97265625
vt 0.48828125 0.97265625
vt 0.48828125 0.96484375
vt 0.4921875 0.96484375
vt 0.515625 0.97265625
vt 0.4921875 0.97265625
vt 0.4921875 0.96484375
vt 0.515625 0.96484375
vt 0.46484375 0.97265625
vt 0.48828125 0.97265625
vt 0.48828125 0.9765625
vt 0.46484375 0.9765625
vt 0.48828125 0.9765625
vt 0.51171875 0.9765625
vt 0.51171875 0.97265625
vt 0.48828125 0.97265625
vn 0.9238795325112867 0 0.3826834323650897
vn -0.3826834323650897 0 0.9238795325112867
vn 0 1 0
vn 0 -1 0
usemtl m_78259a52-36d1-b55a-1736-85a769a7346c
f 251/592/148 252/591/148 250/590/148 249/589/148
f 256/596/149 251/595/149 249/594/149 254/593/149
f 254/600/150 249/599/150 250/598/150 253/597/150
f 255/604/151 252/603/151 251/602/151 256/601/151
o cube
v -0.125 2.836293125 0.955869375
v -0.125 2.836293125 0.893369375
v -0.125 2.711293125 0.955869375
v -0.125 2.711293125 0.893369375
v -0.4375 2.836293125 0.893369375
v -0.4375 2.836293125 0.955869375
v -0.4375 2.711293125 0.893369375
v -0.4375 2.711293125 0.955869375
vt 0.5078125 0.69140625
vt 0.48828125 0.69140625
vt 0.48828125 0.68359375
vt 0.5078125 0.68359375
vt 0.53125 0.69140625
vt 0.51171875 0.69140625
vt 0.51171875 0.68359375
vt 0.53125 0.68359375
vt 0.48828125 0.69140625
vt 0.484375 0.69140625
vt 0.484375 0.68359375
vt 0.48828125 0.68359375
vt 0.48828125 0.69140625
vt 0.5078125 0.69140625
vt 0.5078125 0.6953125
vt 0.48828125 0.6953125
vt 0.5078125 0.6953125
vt 0.52734375 0.6953125
vt 0.52734375 0.69140625
vt 0.5078125 0.69140625
vn 0 0 -1
vn 0 0 1
vn -1 0 0
vn 0 1 0
vn 0 -1 0
usemtl m_78259a52-36d1-b55a-1736-85a769a7346c
f 260/608/152 263/607/152 261/606/152 258/605/152
f 264/612/153 259/611/153 257/610/153 262/609/153
f 263/616/154 264/615/154 262/614/154 261/613/154
f 262/620/155 257/619/155 258/618/155 261/617/155
f 263/624/156 260/623/156 259/622/156 264/621/156
o cube
v -0.5028865673665813 3.580309375 0.9441258270111661
v -0.4789688528437632 3.580309375 0.8863833562292107
v -0.5028865673665813 3.455309375 0.9441258270111661
v -0.4789688528437632 3.455309375 0.8863833562292107
v -0.8831661483174512 3.580309375 0.7189593545694839
v -0.9070838628402693 3.580309375 0.7767018253514394
v -0.8831661483174512 3.455309375 0.7189593545694839
v -0.9070838628402693 3.455309375 0.7767018253514394
vt 0.41015625 0.6640625
vt 0.40625 0.6640625
vt 0.40625 0.65625
vt 0.41015625 0.65625
vt 0.4375 0.6640625
vt 0.41015625 0.6640625
vt 0.41015625 0.65625
vt 0.4375 0.65625
vt 0.37890625 0.6640625
vt 0.375 0.6640625
vt 0.375 0.65625
vt 0.37890625 0.65625
vt 0.37890625 0.6640625
vt 0.40625 0.6640625
vt 0.40625 0.66796875
vt 0.37890625 0.66796875
vt 0.40625 0.66796875
vt 0.43359375 0.66796875
vt 0.43359375 0.6640625
vt 0.40625 0.6640625
vn 0.9238795325112867 0 0.3826834323650897
vn -0.3826834323650897 0 0.9238795325112867
vn -0.9238795325112867 0 -0.3826834323650897
vn 0 1 0
vn 0 -1 0
usemtl m_78259a52-36d1-b55a-1736-85a769a7346c
f 267/628/157 268/627/157 266/626/157 265/625/157
f 272/632/158 267/631/158 265/630/158 270/629/158
f 271/636/159 272/635/159 270/634/159 269/633/159
f 270/640/160 265/639/160 266/638/160 269/637/160
f 271/644/161 268/643/161 267/642/161 272/641/161
o cube
v -1.1840092312040118 3.546279375 0.45632977043226375
v -0.992667515021467 3.546279375 -0.005609995823379621
v -1.1840092312040118 3.421279375 0.45632977043226375
v -0.992667515021467 3.421279375 -0.005609995823379621
v -1.0504099858034224 3.546279375 -0.029527710346197722
v -1.2417517019859674 3.546279375 0.43241205590944565
v -1.0504099858034224 3.421279375 -0.029527710346197722
v -1.2417517019859674 3.421279375 0.43241205590944565
vt 0.03515625 0.75
vt 0.03125 0.75
vt 0.03125 0.7421875
vt 0.03515625 0.7421875
vt 0.06640625 0.75
vt 0.03515625 0.75
vt 0.03515625 0.7421875
vt 0.06640625 0.7421875
vt 0.03125 0.75
vt 0 0.75
vt 0 0.7421875
vt 0.03125 0.7421875
vt 0.03125 0.75
vt 0.03515625 0.75
vt 0.03515625 0.78125
vt 0.03125 0.78125
vt 0.03515625 0.78125
vt 0.0390625 0.78125
vt 0.0390625 0.75
vt 0.03515625 0.75
vn 0.3826834323650897 0 -0.9238795325112867
vn 0.9238795325112867 0 0.3826834323650897
vn -0.9238795325112867 0 -0.3826834323650897
vn 0 1 0
vn 0 -1 0
usemtl m_78259a52-36d1-b55a-1736-85a769a7346c
f 276/648/162 279/647/162 277/646/162 274/645/162
f 275/652/163 276/651/163 274/650/163 273/649/163
f 279/656/164 280/655/164 278/654/164 277/653/164
f 278/660/165 273/659/165 274/658/165 277/657/165
f 279/664/166 276/663/166 275/662/166 280/661/166
o cube
v -0.928351806018399 3.580309375 0.7578713419848071
v -0.8841576321942398 3.580309375 0.713677168160648
v -0.928351806018399 3.455309375 0.7578713419848071
v -0.8841576321942398 3.455309375 0.713677168160648
v -1.1935168489633543 3.580309375 0.40431795139153337
v -1.2377110227875137 3.580309375 0.4485121252156926
v -1.1935168489633543 3.455309375 0.40431795139153337
v -1.2377110227875137 3.455309375 0.4485121252156926
vt 0.40625 0.6640625
vt 0.37890625 0.6640625
vt 0.37890625 0.65625
vt 0.40625 0.65625
vt 0.41015625 0.6640625
vt 0.40625 0.6640625
vt 0.40625 0.65625
vt 0.41015625 0.65625
vt 0.4375 0.6640625
vt 0.41015625 0.6640625
vt 0.41015625 0.65625
vt 0.4375 0.65625
vt 0.37890625 0.6640625
vt 0.375 0.6640625
vt 0.375 0.65625
vt 0.37890625 0.65625
vt 0.37890625 0.6640625
vt 0.40625 0.6640625
vt 0.40625 0.66796875
vt 0.37890625 0.66796875
vt 0.40625 0.66796875
vt 0.43359375 0.66796875
vt 0.43359375 0.6640625
vt 0.40625 0.6640625
vn 0.7071067811865476 0 -0.7071067811865475
vn 0.7071067811865475 0 0.7071067811865476
vn -0.7071067811865476 0 0.7071067811865475
vn -0.7071067811865475 0 -0.7071067811865476
vn 0 1 0
vn 0 -1 0
usemtl m_78259a52-36d1-b55a-1736-85a769a7346c
f 284/668/167 287/667/167 285/666/167 282/665/167
f 283/672/168 284/671/168 282/670/168 281/669/168
f 288/676/169 283/675/169 281/674/169 286/673/169
f 287/680/170 288/679/170 286/678/170 285/677/170
f 286/684/171 281/683/171 282/682/171 285/681/171
f 287/688/172 284/687/172 283/686/172 288/685/172
o cube
v -0.803351806018399 2.830309375 0.8203713419848071
v -0.7591576321942398 2.830309375 0.776177168160648
v -0.803351806018399 2.705309375 0.8203713419848071
v -0.7591576321942398 2.705309375 0.776177168160648
v -1.024322675139195 2.830309375 0.5110121252156926
v -1.0685168489633543 2.830309375 0.5552062990398519
v -1.024322675139195 2.705309375 0.5110121252156926
v -1.0685168489633543 2.705309375 0.5552062990398519
vt 0.48828125 0.97265625
vt 0.46484375 0.97265625
vt 0.46484375 0.96484375
vt 0.48828125 0.96484375
vt 0.4921875 0.97265625
vt 0.48828125 0.97265625
vt 0.48828125 0.96484375
vt 0.4921875 0.96484375
vt 0.515625 0.97265625
vt 0.4921875 0.97265625
vt 0.4921875 0.96484375
vt 0.515625 0.96484375
vt 0.46484375 0.97265625
vt 0.4609375 0.97265625
vt 0.4609375 0.96484375
vt 0.46484375 0.96484375
vt 0.46484375 0.97265625
vt 0.48828125 0.97265625
vt 0.48828125 0.9765625
vt 0.46484375 0.9765625
vt 0.48828125 0.9765625
vt 0.51171875 0.9765625
vt 0.51171875 0.97265625
vt 0.48828125 0.97265625
vn 0.7071067811865476 0 -0.7071067811865475
vn 0.7071067811865475 0 0.7071067811865476
vn -0.7071067811865476 0 0.7071067811865475
vn -0.7071067811865475 0 -0.7071067811865476
vn 0 1 0
vn 0 -1 0
usemtl m_78259a52-36d1-b55a-1736-85a769a7346c
f 292/692/173 295/691/173 293/690/173 290/689/173
f 291/696/174 292/695/174 290/694/174 289/693/174
f 296/700/175 291/699/175 289/698/175 294/697/175
f 295/704/176 296/703/176 294/702/176 293/701/176
f 294/708/177 289/707/177 290/706/177 293/705/177
f 295/712/178 292/711/178 291/710/178 296/709/178
o cube
v -0.928351806018399 3.080309375 0.7578713419848071
v -0.8841576321942398 3.080309375 0.713677168160648
v -0.928351806018399 2.955309375 0.7578713419848071
v -0.8841576321942398 2.955309375 0.713677168160648
v -1.1935168489633543 3.080309375 0.40431795139153337
v -1.2377110227875137 3.080309375 0.4485121252156926
v -1.1935168489633543 2.955309375 0.40431795139153337
v -1.2377110227875137 2.955309375 0.4485121252156926
vt 0.4453125 0.6171875
vt 0.41796875 0.6171875
vt 0.41796875 0.609375
vt 0.4453125 0.609375
vt 0.44921875 0.6171875
vt 0.4453125 0.6171875
vt 0.4453125 0.609375
vt 0.44921875 0.609375
vt 0.4765625 0.6171875
vt 0.44921875 0.6171875
vt 0.44921875 0.609375
vt 0.4765625 0.609375
vt 0.41796875 0.6171875
vt 0.4140625 0.6171875
vt 0.4140625 0.609375
vt 0.41796875 0.609375
vt 0.41796875 0.6171875
vt 0.4453125 0.6171875
vt 0.4453125 0.62109375
vt 0.41796875 0.62109375
vt 0.4453125 0.62109375
vt 0.47265625 0.62109375
vt 0.47265625 0.6171875
vt 0.4453125 0.6171875
vn 0.7071067811865476 0 -0.7071067811865475
vn 0.7071067811865475 0 0.7071067811865476
vn -0.7071067811865476 0 0.7071067811865475
vn -0.7071067811865475 0 -0.7071067811865476
vn 0 1 0
vn 0 -1 0
usemtl m_78259a52-36d1-b55a-1736-85a769a7346c
f 300/716/179 303/715/179 301/714/179 298/713/179
f 299/720/180 300/719/180 298/718/180 297/717/180
f 304/724/181 299/723/181 297/722/181 302/721/181
f 303/728/182 304/727/182 302/726/182 301/725/182
f 302/732/183 297/731/183 298/730/183 301/729/183
f 303/736/184 300/735/184 299/734/184 304/733/184
o cube
v -0.990851806018399 3.330309375 0.7578713419848071
v -0.9466576321942398 3.330309375 0.713677168160648
v -0.990851806018399 3.205309375 0.7578713419848071
v -0.9466576321942398 3.205309375 0.713677168160648
v -1.3002110227875134 3.330309375 0.3601237775673741
v -1.3444051966116728 3.330309375 0.40431795139153337
v -1.3002110227875134 3.205309375 0.3601237775673741
v -1.3444051966116728 3.205309375 0.40431795139153337
vt 0.44921875 0.80078125
vt 0.41796875 0.80078125
vt 0.41796875 0.79296875
vt 0.44921875 0.79296875
vt 0.453125 0.80078125
vt 0.44921875 0.80078125
vt 0.44921875 0.79296875
vt 0.453125 0.79296875
vt 0.484375 0.80078125
vt 0.453125 0.80078125
vt 0.453125 0.79296875
vt 0.484375 0.79296875
vt 0.41796875 0.80078125
vt 0.4140625 0.80078125
vt 0.4140625 0.79296875
vt 0.41796875 0.79296875
vt 0.41796875 0.80078125
vt 0.44921875 0.80078125
vt 0.44921875 0.8046875
vt 0.41796875 0.8046875
vt 0.44921875 0.8046875
vt 0.48046875 0.8046875
vt 0.48046875 0.80078125
vt 0.44921875 0.80078125
vn 0.7071067811865476 0 -0.7071067811865475
vn 0.7071067811865475 0 0.7071067811865476
vn -0.7071067811865476 0 0.7071067811865475
vn -0.7071067811865475 0 -0.7071067811865476
vn 0 1 0
vn 0 -1 0
usemtl m_78259a52-36d1-b55a-1736-85a769a7346c
f 308/740/185 311/739/185 309/738/185 306/737/185
f 307/744/186 308/743/186 306/742/186 305/741/186
f 312/748/187 307/747/187 305/746/187 310/745/187
f 311/752/188 312/751/188 310/750/188 309/749/188
f 310/756/189 305/755/189 306/754/189 309/753/189
f 311/760/190 308/759/190 307/758/190 312/757/190
o cube
v -1.3090092312040118 3.296279375 0.39382977043226375
v -1.093749800498649 3.296279375 -0.125852466605335
v -1.3090092312040118 3.171279375 0.39382977043226375
v -1.093749800498649 3.171279375 -0.125852466605335
v -1.1514922712806044 3.296279375 -0.1497701811281531
v -1.3667517019859674 3.296279375 0.36991205590944565
v -1.1514922712806044 3.171279375 -0.1497701811281531
v -1.3667517019859674 3.171279375 0.36991205590944565
vt 0.03515625 0.75
vt 0.03125 0.75
vt 0.03125 0.7421875
vt 0.03515625 0.7421875
vt 0.0703125 0.75
vt 0.03515625 0.75
vt 0.03515625 0.7421875
vt 0.0703125 0.7421875
vt 0.03125 0.75
vt -0.00390625 0.75
vt -0.00390625 0.7421875
vt 0.03125 0.7421875
vt 0.03125 0.75
vt 0.03515625 0.75
vt 0.03515625 0.78515625
vt 0.03125 0.78515625
vt 0.03515625 0.78515625
vt 0.0390625 0.78515625
vt 0.0390625 0.75
vt 0.03515625 0.75
vn 0.3826834323650897 0 -0.9238795325112867
vn 0.9238795325112867 0 0.3826834323650897
vn -0.9238795325112867 0 -0.3826834323650897
vn 0 1 0
vn 0 -1 0
usemtl m_78259a52-36d1-b55a-1736-85a769a7346c
f 316/764/191 319/763/191 317/762/191 314/761/191
f 315/768/192 316/767/192 314/766/192 313/765/192
f 319/772/193 320/771/193 318/770/193 317/769/193
f 318/776/194 313/775/194 314/774/194 317/773/194
f 319/780/195 316/779/195 315/778/195 320/777/195
o cube
v -1.1840092312040118 3.046279375 0.45632977043226375
v -0.992667515021467 3.046279375 -0.005609995823379621
v -1.1840092312040118 2.921279375 0.45632977043226375
v -0.992667515021467 2.921279375 -0.005609995823379621
v -1.0504099858034224 3.046279375 -0.029527710346197722
v -1.2417517019859674 3.046279375 0.43241205590944565
v -1.0504099858034224 2.921279375 -0.029527710346197722
v -1.2417517019859674 2.921279375 0.43241205590944565
vt 0.03515625 0.75
vt 0.03125 0.75
vt 0.03125 0.7421875
vt 0.03515625 0.7421875
vt 0.06640625 0.75
vt 0.03515625 0.75
vt 0.03515625 0.7421875
vt 0.06640625 0.7421875
vt 0.03125 0.75
vt 0 0.75
vt 0 0.7421875
vt 0.03125 0.7421875
vt 0.03125 0.75
vt 0.03515625 0.75
vt 0.03515625 0.78125
vt 0.03125 0.78125
vt 0.03515625 0.78125
vt 0.0390625 0.78125
vt 0.0390625 0.75
vt 0.03515625 0.75
vn 0.3826834323650897 0 -0.9238795325112867
vn 0.9238795325112867 0 0.3826834323650897
vn -0.9238795325112867 0 -0.3826834323650897
vn 0 1 0
vn 0 -1 0
usemtl m_78259a52-36d1-b55a-1736-85a769a7346c
f 324/784/196 327/783/196 325/782/196 322/781/196
f 323/788/197 324/787/197 322/786/197 321/785/197
f 327/792/198 328/791/198 326/790/198 325/789/198
f 326/796/199 321/795/199 322/794/199 325/793/199
f 327/800/200 324/799/200 323/798/200 328/797/200
o cube
v -0.9965092312040119 2.796279375 0.5813297704322637
v -0.805167515021467 2.796279375 0.11939000417662038
v -0.9965092312040119 2.671279375 0.5813297704322637
v -0.805167515021467 2.671279375 0.11939000417662038
v -0.8629099858034225 2.796279375 0.09547228965380228
v -1.0542517019859674 2.796279375 0.5574120559094456
v -0.8629099858034225 2.671279375 0.09547228965380228
v -1.0542517019859674 2.671279375 0.5574120559094456
vt 0.03515625 0.75
vt 0.03125 0.75
vt 0.03125 0.7421875
vt 0.03515625 0.7421875
vt 0.06640625 0.75
vt 0.03515625 0.75
vt 0.03515625 0.7421875
vt 0.06640625 0.7421875
vt 0.03125 0.75
vt 0 0.75
vt 0 0.7421875
vt 0.03125 0.7421875
vt 0.03125 0.75
vt 0.03515625 0.75
vt 0.03515625 0.78125
vt 0.03125 0.78125
vt 0.03515625 0.78125
vt 0.0390625 0.78125
vt 0.0390625 0.75
vt 0.03515625 0.75
vn 0.3826834323650897 0 -0.9238795325112867
vn 0.9238795325112867 0 0.3826834323650897
vn -0.9238795325112867 0 -0.3826834323650897
vn 0 1 0
vn 0 -1 0
usemtl m_78259a52-36d1-b55a-1736-85a769a7346c
f 332/804/201 335/803/201 333/802/201 330/801/201
f 331/808/202 332/807/202 330/806/202 329/805/202
f 335/812/203 336/811/203 334/810/203 333/809/203
f 334/816/204 329/815/204 330/814/204 333/813/204
f 335/820/205 332/819/205 331/818/205 336/817/205
o cube
v -0.8362168337494043 2.796279375 0.1270346478145196
v -0.4826634431561304 2.796279375 -0.22651874277875417
v -0.8362168337494043 2.671279375 0.1270346478145196
v -0.4826634431561304 2.671279375 -0.22651874277875417
v -0.5268576169802897 2.796279375 -0.2707129166029133
v -0.8804110075735634 2.796279375 0.08284047399036037
v -0.5268576169802897 2.671279375 -0.2707129166029133
v -0.8804110075735634 2.671279375 0.08284047399036037
vt 0.03515625 0.75
vt 0.03125 0.75
vt 0.03125 0.7421875
vt 0.03515625 0.7421875
vt 0.06640625 0.75
vt 0.03515625 0.75
vt 0.03515625 0.7421875
vt 0.06640625 0.7421875
vt 0.03125 0.75
vt 0 0.75
vt 0 0.7421875
vt 0.03125 0.7421875
vt 0.03125 0.75
vt 0.03515625 0.75
vt 0.03515625 0.78125
vt 0.03125 0.78125
vt 0.03515625 0.78125
vt 0.0390625 0.78125
vt 0.0390625 0.75
vt 0.03515625 0.75
vn 0.7071067811865476 0 -0.7071067811865475
vn 0.7071067811865475 0 0.7071067811865476
vn -0.7071067811865475 0 -0.7071067811865476
vn 0 1 0
vn 0 -1 0
usemtl m_78259a52-36d1-b55a-1736-85a769a7346c
f 340/824/206 343/823/206 341/822/206 338/821/206
f 339/828/207 340/827/207 338/826/207 337/825/207
f 343/832/208 344/831/208 342/830/208 341/829/208
f 342/836/209 337/835/209 338/834/209 341/833/209
f 343/840/210 340/839/210 339/838/210 344/837/210
o cube
v -1.0237168337494043 3.046279375 0.0020346478145195634
v -0.6701634431561304 3.046279375 -0.35151874277875417
v -1.0237168337494043 2.921279375 0.0020346478145195634
v -0.6701634431561304 2.921279375 -0.35151874277875417
v -0.7143576169802897 3.046279375 -0.3957129166029133
v -1.0679110075735634 3.046279375 -0.04215952600963968
v -0.7143576169802897 2.921279375 -0.3957129166029133
v -1.0679110075735634 2.921279375 -0.04215952600963968
vt 0.03515625 0.75
vt 0.03125 0.75
vt 0.03125 0.7421875
vt 0.03515625 0.7421875
vt 0.06640625 0.75
vt 0.03515625 0.75
vt 0.03515625 0.7421875
vt 0.06640625 0.7421875
vt 0.03125 0.75
vt 0 0.75
vt 0 0.7421875
vt 0.03125 0.7421875
vt 0.03125 0.75
vt 0.03515625 0.75
vt 0.03515625 0.78125
vt 0.03125 0.78125
vt 0.03515625 0.78125
vt 0.0390625 0.78125
vt 0.0390625 0.75
vt 0.03515625 0.75
vn 0.7071067811865476 0 -0.7071067811865475
vn 0.7071067811865475 0 0.7071067811865476
vn -0.7071067811865475 0 -0.7071067811865476
vn 0 1 0
vn 0 -1 0
usemtl m_78259a52-36d1-b55a-1736-85a769a7346c
f 348/844/211 351/843/211 349/842/211 346/841/211
f 347/848/212 348/847/212 346/846/212 345/845/212
f 351/852/213 352/851/213 350/850/213 349/849/213
f 350/856/214 345/855/214 346/854/214 349/853/214
f 351/860/215 348/859/215 347/858/215 352/857/215
o cube
v -1.1487168337494043 3.296279375 -0.12296535218548044
v -0.7509692693319712 3.296279375 -0.5207129166029134
v -1.1487168337494043 3.171279375 -0.12296535218548044
v -0.7509692693319712 3.171279375 -0.5207129166029134
v -0.7951634431561303 3.296279375 -0.5649070904270727
v -1.1929110075735634 3.296279375 -0.16715952600963968
v -0.7951634431561303 3.171279375 -0.5649070904270727
v -1.1929110075735634 3.171279375 -0.16715952600963968
vt 0.03515625 0.75
vt 0.03125 0.75
vt 0.03125 0.7421875
vt 0.03515625 0.7421875
vt 0.0703125 0.75
vt 0.03515625 0.75
vt 0.03515625 0.7421875
vt 0.0703125 0.7421875
vt 0.03125 0.75
vt -0.00390625 0.75
vt -0.00390625 0.7421875
vt 0.03125 0.7421875
vt 0.03125 0.75
vt 0.03515625 0.75
vt 0.03515625 0.78515625
vt 0.03125 0.78515625
vt 0.03515625 0.78515625
vt 0.0390625 0.78515625
vt 0.0390625 0.75
vt 0.03515625 0.75
vn 0.7071067811865476 0 -0.7071067811865475
vn 0.7071067811865475 0 0.7071067811865476
vn -0.7071067811865475 0 -0.7071067811865476
vn 0 1 0
vn 0 -1 0
usemtl m_78259a52-36d1-b55a-1736-85a769a7346c
f 356/864/216 359/863/216 357/862/216 354/861/216
f 355/868/217 356/867/217 354/866/217 353/865/217
f 359/872/218 360/871/218 358/870/218 357/869/218
f 358/876/219 353/875/219 354/874/219 357/873/219
f 359/880/220 356/879/220 355/878/220 360/877/220
o cube
v -1.0237168337494043 3.546279375 0.0020346478145195634
v -0.6701634431561304 3.546279375 -0.35151874277875417
v -1.0237168337494043 3.421279375 0.0020346478145195634
v -0.6701634431561304 3.421279375 -0.35151874277875417
v -0.7143576169802897 3.546279375 -0.3957129166029133
v -1.0679110075735634 3.546279375 -0.04215952600963968
v -0.7143576169802897 3.421279375 -0.3957129166029133
v -1.0679110075735634 3.421279375 -0.04215952600963968
vt 0.03515625 0.75
vt 0.03125 0.75
vt 0.03125 0.7421875
vt 0.03515625 0.7421875
vt 0.06640625 0.75
vt 0.03515625 0.75
vt 0.03515625 0.7421875
vt 0.06640625 0.7421875
vt 0.03125 0.75
vt 0 0.75
vt 0 0.7421875
vt 0.03125 0.7421875
vt 0.03125 0.75
vt 0.03515625 0.75
vt 0.03515625 0.78125
vt 0.03125 0.78125
vt 0.03515625 0.78125
vt 0.0390625 0.78125
vt 0.0390625 0.75
vt 0.03515625 0.75
vn 0.7071067811865476 0 -0.7071067811865475
vn 0.7071067811865475 0 0.7071067811865476
vn -0.7071067811865475 0 -0.7071067811865476
vn 0 1 0
vn 0 -1 0
usemtl m_78259a52-36d1-b55a-1736-85a769a7346c
f 364/884/221 367/883/221 365/882/221 362/881/221
f 363/888/222 364/887/222 362/886/222 361/885/222
f 367/892/223 368/891/223 366/890/223 365/889/223
f 366/896/224 361/895/224 362/894/224 365/893/224
f 367/900/225 364/899/225 363/898/225 368/897/225
o cube
v -0.8362168337494043 3.796279375 0.1270346478145196
v -0.4826634431561304 3.796279375 -0.22651874277875417
v -0.8362168337494043 3.671279375 0.1270346478145196
v -0.4826634431561304 3.671279375 -0.22651874277875417
v -0.5268576169802897 3.796279375 -0.2707129166029133
v -0.8804110075735634 3.796279375 0.08284047399036037
v -0.5268576169802897 3.671279375 -0.2707129166029133
v -0.8804110075735634 3.671279375 0.08284047399036037
vt 0.03515625 0.75
vt 0.03125 0.75
vt 0.03125 0.7421875
vt 0.03515625 0.7421875
vt 0.06640625 0.75
vt 0.03515625 0.75
vt 0.03515625 0.7421875
vt 0.06640625 0.7421875
vt 0.03125 0.75
vt 0 0.75
vt 0 0.7421875
vt 0.03125 0.7421875
vt 0.03125 0.75
vt 0.03515625 0.75
vt 0.03515625 0.78125
vt 0.03125 0.78125
vt 0.03515625 0.78125
vt 0.0390625 0.78125
vt 0.0390625 0.75
vt 0.03515625 0.75
vn 0.7071067811865476 0 -0.7071067811865475
vn 0.7071067811865475 0 0.7071067811865476
vn -0.7071067811865475 0 -0.7071067811865476
vn 0 1 0
vn 0 -1 0
usemtl m_78259a52-36d1-b55a-1736-85a769a7346c
f 372/904/226 375/903/226 373/902/226 370/901/226
f 371/908/227 372/907/227 370/906/227 369/905/227
f 375/912/228 376/911/228 374/910/228 373/909/228
f 374/916/229 369/915/229 370/914/229 373/913/229
f 375/920/230 372/919/230 371/918/230 376/917/230
o cube
v -0.9965092312040119 3.796279375 0.5813297704322637
v -0.805167515021467 3.796279375 0.11939000417662038
v -0.9965092312040119 3.671279375 0.5813297704322637
v -0.805167515021467 3.671279375 0.11939000417662038
v -0.8629099858034225 3.796279375 0.09547228965380228
v -1.0542517019859674 3.796279375 0.5574120559094456
v -0.8629099858034225 3.671279375 0.09547228965380228
v -1.0542517019859674 3.671279375 0.5574120559094456
vt 0.03515625 0.75
vt 0.03125 0.75
vt 0.03125 0.7421875
vt 0.03515625 0.7421875
vt 0.06640625 0.75
vt 0.03515625 0.75
vt 0.03515625 0.7421875
vt 0.06640625 0.7421875
vt 0.03125 0.75
vt 0 0.75
vt 0 0.7421875
vt 0.03125 0.7421875
vt 0.03125 0.75
vt 0.03515625 0.75
vt 0.03515625 0.78125
vt 0.03125 0.78125
vt 0.03515625 0.78125
vt 0.0390625 0.78125
vt 0.0390625 0.75
vt 0.03515625 0.75
vn 0.3826834323650897 0 -0.9238795325112867
vn 0.9238795325112867 0 0.3826834323650897
vn -0.9238795325112867 0 -0.3826834323650897
vn 0 1 0
vn 0 -1 0
usemtl m_78259a52-36d1-b55a-1736-85a769a7346c
f 380/924/231 383/923/231 381/922/231 378/921/231
f 379/928/232 380/927/232 378/926/232 377/925/232
f 383/932/233 384/931/233 382/930/233 381/929/233
f 382/936/234 377/935/234 378/934/234 381/933/234
f 383/940/235 380/939/235 379/938/235 384/937/235
o cube
v -0.803351806018399 3.830309375 0.8203713419848071
v -0.7591576321942398 3.830309375 0.776177168160648
v -0.803351806018399 3.705309375 0.8203713419848071
v -0.7591576321942398 3.705309375 0.776177168160648
v -1.024322675139195 3.830309375 0.5110121252156926
v -1.0685168489633543 3.830309375 0.5552062990398519
v -1.024322675139195 3.705309375 0.5110121252156926
v -1.0685168489633543 3.705309375 0.5552062990398519
vt 0.48828125 0.97265625
vt 0.46484375 0.97265625
vt 0.46484375 0.96484375
vt 0.48828125 0.96484375
vt 0.4921875 0.97265625
vt 0.48828125 0.97265625
vt 0.48828125 0.96484375
vt 0.4921875 0.96484375
vt 0.515625 0.97265625
vt 0.4921875 0.97265625
vt 0.4921875 0.96484375
vt 0.515625 0.96484375
vt 0.46484375 0.97265625
vt 0.4609375 0.97265625
vt 0.4609375 0.96484375
vt 0.46484375 0.96484375
vt 0.46484375 0.97265625
vt 0.48828125 0.97265625
vt 0.48828125 0.9765625
vt 0.46484375 0.9765625
vt 0.48828125 0.9765625
vt 0.51171875 0.9765625
vt 0.51171875 0.97265625
vt 0.48828125 0.97265625
vn 0.7071067811865476 0 -0.7071067811865475
vn 0.7071067811865475 0 0.7071067811865476
vn -0.7071067811865476 0 0.7071067811865475
vn -0.7071067811865475 0 -0.7071067811865476
vn 0 1 0
vn 0 -1 0
usemtl m_78259a52-36d1-b55a-1736-85a769a7346c
f 388/944/236 391/943/236 389/942/236 386/941/236
f 387/948/237 388/947/237 386/946/237 385/945/237
f 392/952/238 387/951/238 385/950/238 390/949/238
f 391/956/239 392/955/239 390/954/239 389/953/239
f 390/960/240 385/959/240 386/958/240 389/957/240
f 391/964/241 388/963/241 387/962/241 392/961/241
o cube
v -0.125 3.836293125 0.955869375
v -0.125 3.836293125 0.893369375
v -0.125 3.711293125 0.955869375
v -0.125 3.711293125 0.893369375
v -0.4375 3.836293125 0.893369375
v -0.4375 3.836293125 0.955869375
v -0.4375 3.711293125 0.893369375
v -0.4375 3.711293125 0.955869375
vt 0.5078125 0.69140625
vt 0.48828125 0.69140625
vt 0.48828125 0.68359375
vt 0.5078125 0.68359375
vt 0.53125 0.69140625
vt 0.51171875 0.69140625
vt 0.51171875 0.68359375
vt 0.53125 0.68359375
vt 0.48828125 0.69140625
vt 0.484375 0.69140625
vt 0.484375 0.68359375
vt 0.48828125 0.68359375
vt 0.48828125 0.69140625
vt 0.5078125 0.69140625
vt 0.5078125 0.6953125
vt 0.48828125 0.6953125
vt 0.5078125 0.6953125
vt 0.52734375 0.6953125
vt 0.52734375 0.69140625
vt 0.5078125 0.69140625
vn 0 0 -1
vn 0 0 1
vn -1 0 0
vn 0 1 0
vn 0 -1 0
usemtl m_78259a52-36d1-b55a-1736-85a769a7346c
f 396/968/242 399/967/242 397/966/242 394/965/242
f 400/972/243 395/971/243 393/970/243 398/969/243
f 399/976/244 400/975/244 398/974/244 397/973/244
f 398/980/245 393/979/245 394/978/245 397/977/245
f 399/984/246 396/983/246 395/982/246 400/981/246
o cube
v -0.4403865673665813 3.830309375 0.9441258270111661
v -0.4164688528437632 3.830309375 0.8863833562292107
v -0.4403865673665813 3.705309375 0.9441258270111661
v -0.4164688528437632 3.705309375 0.8863833562292107
v -0.7629236775354957 3.830309375 0.7428770690923021
v -0.7868413920583139 3.830309375 0.8006195398742575
v -0.7629236775354957 3.705309375 0.7428770690923021
v -0.7868413920583139 3.705309375 0.8006195398742575
vt 0.48828125 0.97265625
vt 0.46484375 0.97265625
vt 0.46484375 0.96484375
vt 0.48828125 0.96484375
vt 0.4921875 0.97265625
vt 0.48828125 0.97265625
vt 0.48828125 0.96484375
vt 0.4921875 0.96484375
vt 0.515625 0.97265625
vt 0.4921875 0.97265625
vt 0.4921875 0.96484375
vt 0.515625 0.96484375
vt 0.46484375 0.97265625
vt 0.4609375 0.97265625
vt 0.4609375 0.96484375
vt 0.46484375 0.96484375
vt 0.46484375 0.97265625
vt 0.48828125 0.97265625
vt 0.48828125 0.9765625
vt 0.46484375 0.9765625
vt 0.48828125 0.9765625
vt 0.51171875 0.9765625
vt 0.51171875 0.97265625
vt 0.48828125 0.97265625
vn 0.3826834323650897 0 -0.9238795325112867
vn 0.9238795325112867 0 0.3826834323650897
vn -0.3826834323650897 0 0.9238795325112867
vn -0.9238795325112867 0 -0.3826834323650897
vn 0 1 0
vn 0 -1 0
usemtl m_78259a52-36d1-b55a-1736-85a769a7346c
f 404/988/247 407/987/247 405/986/247 402/985/247
f 403/992/248 404/991/248 402/990/248 401/989/248
f 408/996/249 403/995/249 401/994/249 406/993/249
f 407/1000/250 408/999/250 406/998/250 405/997/250
f 406/1004/251 401/1003/251 402/1002/251 405/1001/251
f 407/1008/252 404/1007/252 403/1006/252 408/1005/252
o cube
v -0.14971952151744566 3.603642166506756 -0.231630625
v -0.14971952151744566 3.603642166506756 -0.294130625
v -0.17363723604026376 3.545899695724801 -0.231630625
v -0.17363723604026376 3.545899695724801 -0.294130625
v -0.49617434620917816 3.747148453643665 -0.294130625
v -0.49617434620917816 3.747148453643665 -0.231630625
v -0.5200920607319963 3.6894059828617096 -0.294130625
v -0.5200920607319963 3.6894059828617096 -0.231630625
vt 0.5078125 0.69140625
vt 0.484375 0.69140625
vt 0.484375 0.6875
vt 0.5078125 0.6875
vt 0.51171875 0.69140625
vt 0.5078125 0.69140625
vt 0.5078125 0.6875
vt 0.51171875 0.6875
vt 0.53515625 0.69140625
vt 0.51171875 0.69140625
vt 0.51171875 0.6875
vt 0.53515625 0.6875
vt 0.484375 0.69140625
vt 0.48046875 0.69140625
vt 0.48046875 0.6875
vt 0.484375 0.6875
vt 0.484375 0.69140625
vt 0.5078125 0.69140625
vt 0.5078125 0.6953125
vt 0.484375 0.6953125
vt 0.5078125 0.6953125
vt 0.53125 0.6953125
vt 0.53125 0.69140625
vt 0.5078125 0.69140625
vn 0 0 -1
vn 0.9238795325112867 -0.3826834323650897 0
vn 0 0 1
vn -0.9238795325112867 0.3826834323650897 0
vn 0.3826834323650897 0.9238795325112867 0
vn -0.3826834323650897 -0.9238795325112867 0
usemtl m_78259a52-36d1-b55a-1736-85a769a7346c
f 412/1012/253 415/1011/253 413/1010/253 410/1009/253
f 411/1016/254 412/1015/254 410/1014/254 409/1013/254
f 416/1020/255 411/1019/255 409/1018/255 414/1017/255
f 415/1024/256 416/1023/256 414/1022/256 413/1021/256
f 414/1028/257 409/1027/257 410/1026/257 413/1025/257
f 415/1032/258 412/1031/258 411/1030/258 416/1029/258
o cube
v -0.39971952151744566 3.103642166506756 -0.481630625
v -0.39971952151744566 3.103642166506756 -0.544130625
v -0.42363723604026376 3.045899695724801 -0.481630625
v -0.42363723604026376 3.045899695724801 -0.544130625
v -0.7461743462091781 3.247148453643665 -0.544130625
v -0.7461743462091781 3.247148453643665 -0.481630625
v -0.7700920607319963 3.1894059828617096 -0.544130625
v -0.7700920607319963 3.1894059828617096 -0.481630625
vt 0.5078125 0.69140625
vt 0.484375 0.69140625
vt 0.484375 0.6875
vt 0.5078125 0.6875
vt 0.51171875 0.69140625
vt 0.5078125 0.69140625
vt 0.5078125 0.6875
vt 0.51171875 0.6875
vt 0.53515625 0.69140625
vt 0.51171875 0.69140625
vt 0.51171875 0.6875
vt 0.53515625 0.6875
vt 0.484375 0.69140625
vt 0.48046875 0.69140625
vt 0.48046875 0.6875
vt 0.484375 0.6875
vt 0.484375 0.69140625
vt 0.5078125 0.69140625
vt 0.5078125 0.6953125
vt 0.484375 0.6953125
vt 0.5078125 0.6953125
vt 0.53125 0.6953125
vt 0.53125 0.69140625
vt 0.5078125 0.69140625
vn 0 0 -1
vn 0.9238795325112867 -0.3826834323650897 0
vn 0 0 1
vn -0.9238795325112867 0.3826834323650897 0
vn 0.3826834323650897 0.9238795325112867 0
vn -0.3826834323650897 -0.9238795325112867 0
usemtl m_78259a52-36d1-b55a-1736-85a769a7346c
f 420/1036/259 423/1035/259 421/1034/259 418/1033/259
f 419/1040/260 420/1039/260 418/1038/260 417/1037/260
f 424/1044/261 419/1043/261 417/1042/261 422/1041/261
f 423/1048/262 424/1047/262 422/1046/262 421/1045/262
f 422/1052/263 417/1051/263 418/1050/263 421/1049/263
f 423/1056/264 420/1055/264 419/1054/264 424/1053/264
o cube
v -0.14971952151744566 2.603642166506756 -0.231630625
v -0.14971952151744566 2.603642166506756 -0.294130625
v -0.17363723604026376 2.545899695724801 -0.231630625
v -0.17363723604026376 2.545899695724801 -0.294130625
v -0.49617434620917816 2.747148453643665 -0.294130625
v -0.49617434620917816 2.747148453643665 -0.231630625
v -0.5200920607319963 2.6894059828617096 -0.294130625
v -0.5200920607319963 2.6894059828617096 -0.231630625
vt 0.5078125 0.69140625
vt 0.484375 0.69140625
vt 0.484375 0.6875
vt 0.5078125 0.6875
vt 0.51171875 0.69140625
vt 0.5078125 0.69140625
vt 0.5078125 0.6875
vt 0.51171875 0.6875
vt 0.53515625 0.69140625
vt 0.51171875 0.69140625
vt 0.51171875 0.6875
vt 0.53515625 0.6875
vt 0.484375 0.69140625
vt 0.48046875 0.69140625
vt 0.48046875 0.6875
vt 0.484375 0.6875
vt 0.484375 0.69140625
vt 0.5078125 0.69140625
vt 0.5078125 0.6953125
vt 0.484375 0.6953125
vt 0.5078125 0.6953125
vt 0.53125 0.6953125
vt 0.53125 0.69140625
vt 0.5078125 0.69140625
vn 0 0 -1
vn 0.9238795325112867 -0.3826834323650897 0
vn 0 0 1
vn -0.9238795325112867 0.3826834323650897 0
vn 0.3826834323650897 0.9238795325112867 0
vn -0.3826834323650897 -0.9238795325112867 0
usemtl m_78259a52-36d1-b55a-1736-85a769a7346c
f 428/1060/265 431/1059/265 429/1058/265 426/1057/265
f 427/1064/266 428/1063/266 426/1062/266 425/1061/266
f 432/1068/267 427/1067/267 425/1066/267 430/1065/267
f 431/1072/268 432/1071/268 430/1070/268 429/1069/268
f 430/1076/269 425/1075/269 426/1074/269 429/1073/269
f 431/1080/270 428/1079/270 427/1078/270 432/1077/270
o cube
v -0.09958687500000002 3.251835 1.299363125
v -0.09958687500000002 3.251835 1.236863125
v -0.09958687500000002 3.001835 1.299363125
v -0.09958687500000002 3.001835 1.236863125
v -0.349586875 3.251835 1.236863125
v -0.349586875 3.251835 1.299363125
v -0.349586875 3.001835 1.236863125
v -0.349586875 3.001835 1.299363125
vt 0.09765625 0.5234375
vt 0.08203125 0.5234375
vt 0.08203125 0.5078125
vt 0.09765625 0.5078125
vt 0.1015625 0.5234375
vt 0.09765625 0.5234375
vt 0.09765625 0.5078125
vt 0.1015625 0.5078125
vt 0.1171875 0.5234375
vt 0.1015625 0.5234375
vt 0.1015625 0.5078125
vt 0.1171875 0.5078125
vt 0.08203125 0.5234375
vt 0.078125 0.5234375
vt 0.078125 0.5078125
vt 0.08203125 0.5078125
vt 0.08203125 0.5234375
vt 0.09765625 0.5234375
vt 0.09765625 0.52734375
vt 0.08203125 0.52734375
vt 0.09765625 0.52734375
vt 0.11328125 0.52734375
vt 0.11328125 0.5234375
vt 0.09765625 0.5234375
vn 0 0 -1
vn 1 0 0
vn 0 0 1
vn -1 0 0
vn 0 1 0
vn 0 -1 0
usemtl m_78259a52-36d1-b55a-1736-85a769a7346c
f 436/1084/271 439/1083/271 437/1082/271 434/1081/271
f 435/1088/272 436/1087/272 434/1086/272 433/1085/272
f 440/1092/273 435/1091/273 433/1090/273 438/1089/273
f 439/1096/274 440/1095/274 438/1094/274 437/1093/274
f 438/1100/275 433/1099/275 434/1098/275 437/1097/275
f 439/1104/276 436/1103/276 435/1102/276 440/1101/276
o cube
v -0.5783437499999999 4.00468 1.078810625
v -0.5783437499999999 4.00468 0.766310625
v -0.5783437499999999 3.9421799999999996 1.078810625
v -0.5783437499999999 3.9421799999999996 0.766310625
v -1.07834375 4.00468 0.766310625
v -1.07834375 4.00468 1.078810625
v -1.07834375 3.9421799999999996 0.766310625
v -1.07834375 3.9421799999999996 1.078810625
vt 0.2578125 0.828125
vt 0.2265625 0.828125
vt 0.2265625 0.82421875
vt 0.2578125 0.82421875
vt 0.27734375 0.828125
vt 0.2578125 0.828125
vt 0.2578125 0.82421875
vt 0.27734375 0.82421875
vt 0.30859375 0.828125
vt 0.27734375 0.828125
vt 0.27734375 0.82421875
vt 0.30859375 0.82421875
vt 0.2265625 0.828125
vt 0.2578125 0.828125
vt 0.2578125 0.84765625
vt 0.2265625 0.84765625
vt 0.2578125 0.84765625
vt 0.2890625 0.84765625
vt 0.2890625 0.828125
vt 0.2578125 0.828125
vn 0 0 -1
vn 1 0 0
vn 0 0 1
vn 0 1 0
vn 0 -1 0
usemtl m_78259a52-36d1-b55a-1736-85a769a7346c
f 444/1108/277 447/1107/277 445/1106/277 442/1105/277
f 443/1112/278 444/1111/278 442/1110/278 441/1109/278
f 448/1116/279 443/1115/279 441/1114/279 446/1113/279
f 446/1120/280 441/1119/280 442/1118/280 445/1117/280
f 447/1124/281 444/1123/281 443/1122/281 448/1121/281
o cube
v -0.12467375000000003 3.76959375 1.1759875
v -0.12467375000000003 3.76959375 1.1134875
v -0.12467375000000003 3.08209375 1.1759875
v -0.12467375000000003 3.08209375 1.1134875
v -0.99967375 3.76959375 1.1134875
v -0.99967375 3.76959375 1.1759875
v -0.99967375 3.08209375 1.1134875
v -0.99967375 3.08209375 1.1759875
vt 0.21484375 0.87109375
vt 0.26953125 0.87109375
vt 0.26953125 0.828125
vt 0.21484375 0.828125
vt 0.2109375 0.87109375
vt 0.21484375 0.87109375
vt 0.21484375 0.828125
vt 0.2109375 0.828125
vt 0.2734375 0.87109375
vt 0.328125 0.87109375
vt 0.328125 0.828125
vt 0.2734375 0.828125
vt 0.26953125 0.87109375
vt 0.2734375 0.87109375
vt 0.2734375 0.828125
vt 0.26953125 0.828125
vt 0.26953125 0.87109375
vt 0.21484375 0.87109375
vt 0.21484375 0.875
vt 0.26953125 0.875
vt 0.32421875 0.875
vt 0.26953125 0.875
vt 0.26953125 0.87109375
vt 0.32421875 0.87109375
vn 0 0 -1
vn 1 0 0
vn 0 0 1
vn -1 0 0
vn 0 1 0
vn 0 -1 0
usemtl m_78259a52-36d1-b55a-1736-85a769a7346c
f 452/1128/282 455/1127/282 453/1126/282 450/1125/282
f 451/1132/283 452/1131/283 450/1130/283 449/1129/283
f 456/1136/284 451/1135/284 449/1134/284 454/1133/284
f 455/1140/285 456/1139/285 454/1138/285 453/1137/285
f 454/1144/286 449/1143/286 450/1142/286 453/1141/286
f 455/1148/287 452/1147/287 451/1146/287 456/1145/287
o cube
v -0.10990124999999995 3.42442125 1.2286
v -0.10990124999999995 3.42442125 1.1661
v -0.10990124999999995 2.92442125 1.2286
v -0.10990124999999995 2.92442125 1.1661
v -0.79740125 3.42442125 1.1661
v -0.79740125 3.42442125 1.2286
v -0.79740125 2.92442125 1.1661
v -0.79740125 2.92442125 1.2286
vt 0.30078125 0.86328125
vt 0.34375 0.86328125
vt 0.34375 0.83203125
vt 0.30078125 0.83203125
vt 0.296875 0.86328125
vt 0.30078125 0.86328125
vt 0.30078125 0.83203125
vt 0.296875 0.83203125
vt 0.34765625 0.86328125
vt 0.390625 0.86328125
vt 0.390625 0.83203125
vt 0.34765625 0.83203125
vt 0.34375 0.86328125
vt 0.34765625 0.86328125
vt 0.34765625 0.83203125
vt 0.34375 0.83203125
vt 0.34375 0.86328125
vt 0.30078125 0.86328125
vt 0.30078125 0.8671875
vt 0.34375 0.8671875
vt 0.38671875 0.8671875
vt 0.34375 0.8671875
vt 0.34375 0.86328125
vt 0.38671875 0.86328125
vn 0 0 -1
vn 1 0 0
vn 0 0 1
vn -1 0 0
vn 0 1 0
vn 0 -1 0
usemtl m_78259a52-36d1-b55a-1736-85a769a7346c
f 460/1152/288 463/1151/288 461/1150/288 458/1149/288
f 459/1156/289 460/1155/289 458/1154/289 457/1153/289
f 464/1160/290 459/1159/290 457/1158/290 462/1157/290
f 463/1164/291 464/1163/291 462/1162/291 461/1161/291
f 462/1168/292 457/1167/292 458/1166/292 461/1165/292
f 463/1172/293 460/1171/293 459/1170/293 464/1169/293
o cube
v -0.20334374999999993 3.94218 1.141310625
v -0.20334374999999993 3.94218 1.078810625
v -0.20334374999999993 3.31718 1.141310625
v -0.20334374999999993 3.31718 1.078810625
v -1.07834375 3.94218 1.078810625
v -1.07834375 3.94218 1.141310625
v -1.07834375 3.31718 1.078810625
v -1.07834375 3.31718 1.141310625
vt 0.17578125 0.796875
vt 0.23046875 0.796875
vt 0.23046875 0.7578125
vt 0.17578125 0.7578125
vt 0.171875 0.796875
vt 0.17578125 0.796875
vt 0.17578125 0.7578125
vt 0.171875 0.7578125
vt 0.234375 0.796875
vt 0.2890625 0.796875
vt 0.2890625 0.7578125
vt 0.234375 0.7578125
vt 0.23046875 0.796875
vt 0.234375 0.796875
vt 0.234375 0.7578125
vt 0.23046875 0.7578125
vt 0.23046875 0.796875
vt 0.17578125 0.796875
vt 0.17578125 0.80078125
vt 0.23046875 0.80078125
vt 0.28515625 0.80078125
vt 0.23046875 0.80078125
vt 0.23046875 0.796875
vt 0.28515625 0.796875
vn 0 0 -1
vn 1 0 0
vn 0 0 1
vn -1 0 0
vn 0 1 0
vn 0 -1 0
usemtl m_78259a52-36d1-b55a-1736-85a769a7346c
f 468/1176/294 471/1175/294 469/1174/294 466/1173/294
f 467/1180/295 468/1179/295 466/1178/295 465/1177/295
f 472/1184/296 467/1183/296 465/1182/296 470/1181/296
f 471/1188/297 472/1187/297 470/1186/297 469/1185/297
f 470/1192/298 465/1191/298 466/1190/298 469/1189/298
f 471/1196/299 468/1195/299 467/1194/299 472/1193/299
o cube
v -1.07834375 4.00468 1.078810625
v -1.07834375 4.00468 0.703810625
v -1.07834375 3.8171799999999996 1.078810625
v -1.07834375 3.8171799999999996 0.703810625
v -1.14084375 4.00468 0.703810625
v -1.14084375 4.00468 1.078810625
v -1.14084375 3.8171799999999996 0.703810625
v -1.14084375 3.8171799999999996 1.078810625
vt 0.4765625 0.515625
vt 0.47265625 0.515625
vt 0.47265625 0.50390625
vt 0.4765625 0.50390625
vt 0.5 0.515625
vt 0.4765625 0.515625
vt 0.4765625 0.50390625
vt 0.5 0.50390625
vt 0.50390625 0.515625
vt 0.5 0.515625
vt 0.5 0.50390625
vt 0.50390625 0.50390625
vt 0.47265625 0.515625
vt 0.44921875 0.515625
vt 0.44921875 0.50390625
vt 0.47265625 0.50390625
vt 0.47265625 0.515625
vt 0.4765625 0.515625
vt 0.4765625 0.5390625
vt 0.47265625 0.5390625
vt 0.4765625 0.5390625
vt 0.48046875 0.5390625
vt 0.48046875 0.515625
vt 0.4765625 0.515625
vn 0 0 -1
vn 1 0 0
vn 0 0 1
vn -1 0 0
vn 0 1 0
vn 0 -1 0
usemtl m_78259a52-36d1-b55a-1736-85a769a7346c
f 476/1200/300 479/1199/300 477/1198/300 474/1197/300
f 475/1204/301 476/1203/301 474/1202/301 473/1201/301
f 480/1208/302 475/1207/302 473/1206/302 478/1205/302
f 479/1212/303 480/1211/303 478/1210/303 477/1209/303
f 478/1216/304 473/1215/304 474/1214/304 477/1213/304
f 479/1220/305 476/1219/305 475/1218/305 480/1217/305
o cube
v 1.0273263336222247 3.330309375 0.7527841108286213
v 1.0034086190994067 3.330309375 0.6950416400466659
v 1.0273263336222247 3.205309375 0.7527841108286213
v 1.0034086190994067 3.205309375 0.6950416400466659
v 0.5414688528437632 3.330309375 0.8863833562292107
v 0.5653865673665813 3.330309375 0.9441258270111661
v 0.5414688528437632 3.205309375 0.8863833562292107
v 0.5653865673665813 3.205309375 0.9441258270111661
vt 0.41796875 0.80078125
vt 0.44921875 0.80078125
vt 0.44921875 0.79296875
vt 0.41796875 0.79296875
vt 0.4140625 0.80078125
vt 0.41796875 0.80078125
vt 0.41796875 0.79296875
vt 0.4140625 0.79296875
vt 0.453125 0.80078125
vt 0.484375 0.80078125
vt 0.484375 0.79296875
vt 0.453125 0.79296875
vt 0.44921875 0.80078125
vt 0.453125 0.80078125
vt 0.453125 0.79296875
vt 0.44921875 0.79296875
vt 0.44921875 0.80078125
vt 0.41796875 0.80078125
vt 0.41796875 0.8046875
vt 0.44921875 0.8046875
vt 0.48046875 0.8046875
vt 0.44921875 0.8046875
vt 0.44921875 0.80078125
vt 0.48046875 0.80078125
vn -0.3826834323650897 0 -0.9238795325112867
vn 0.9238795325112867 0 -0.3826834323650897
vn 0.3826834323650897 0 0.9238795325112867
vn -0.9238795325112867 0 0.3826834323650897
vn 0 1 0
vn 0 -1 0
usemtl m_78259a52-36d1-b55a-1736-85a769a7346c
f 484/1224/306 487/1223/306 485/1222/306 482/1221/306
f 483/1228/307 484/1227/307 482/1226/307 481/1225/307
f 488/1232/308 483/1231/308 481/1230/308 486/1229/308
f 487/1236/309 488/1235/309 486/1234/309 485/1233/309
f 486/1240/310 481/1239/310 482/1238/310 485/1237/310
f 487/1244/311 484/1243/311 483/1242/311 488/1241/311
o cube
v 0.7868413920583139 2.830309375 0.8006195398742575
v 0.7629236775354957 2.830309375 0.7428770690923021
v 0.7868413920583139 2.705309375 0.8006195398742575
v 0.7629236775354957 2.705309375 0.7428770690923021
v 0.4164688528437632 2.830309375 0.8863833562292107
v 0.4403865673665813 2.830309375 0.9441258270111661
v 0.4164688528437632 2.705309375 0.8863833562292107
v 0.4403865673665813 2.705309375 0.9441258270111661
vt 0.4921875 0.97265625
vt 0.515625 0.97265625
vt 0.515625 0.96484375
vt 0.4921875 0.96484375
vt 0.48828125 0.97265625
vt 0.4921875 0.97265625
vt 0.4921875 0.96484375
vt 0.48828125 0.96484375
vt 0.48828125 0.97265625
vt 0.46484375 0.97265625
vt 0.46484375 0.9765625
vt 0.48828125 0.9765625
vt 0.51171875 0.9765625
vt 0.48828125 0.9765625
vt 0.48828125 0.97265625
vt 0.51171875 0.97265625
vn 0.3826834323650897 0 0.9238795325112867
vn -0.9238795325112867 0 0.3826834323650897
vn 0 1 0
vn 0 -1 0
usemtl m_78259a52-36d1-b55a-1736-85a769a7346c
f 496/1248/312 491/1247/312 489/1246/312 494/1245/312
f 495/1252/313 496/1251/313 494/1250/313 493/1249/313
f 494/1256/314 489/1255/314 490/1254/314 493/1253/314
f 495/1260/315 492/1259/315 491/1258/315 496/1257/315
o cube
v 0.4375 2.836293125 0.955869375
v 0.4375 2.836293125 0.893369375
v 0.4375 2.711293125 0.955869375
v 0.4375 2.711293125 0.893369375
v 0.125 2.836293125 0.893369375
v 0.125 2.836293125 0.955869375
v 0.125 2.711293125 0.893369375
v 0.125 2.711293125 0.955869375
vt 0.48828125 0.69140625
vt 0.5078125 0.69140625
vt 0.5078125 0.68359375
vt 0.48828125 0.68359375
vt 0.484375 0.69140625
vt 0.48828125 0.69140625
vt 0.48828125 0.68359375
vt 0.484375 0.68359375
vt 0.51171875 0.69140625
vt 0.53125 0.69140625
vt 0.53125 0.68359375
vt 0.51171875 0.68359375
vt 0.5078125 0.69140625
vt 0.48828125 0.69140625
vt 0.48828125 0.6953125
vt 0.5078125 0.6953125
vt 0.52734375 0.6953125
vt 0.5078125 0.6953125
vt 0.5078125 0.69140625
vt 0.52734375 0.69140625
vn 0 0 -1
vn 1 0 0
vn 0 0 1
vn 0 1 0
vn 0 -1 0
usemtl m_78259a52-36d1-b55a-1736-85a769a7346c
f 500/1264/316 503/1263/316 501/1262/316 498/1261/316
f 499/1268/317 500/1267/317 498/1266/317 497/1265/317
f 504/1272/318 499/1271/318 497/1270/318 502/1269/318
f 502/1276/319 497/1275/319 498/1274/319 501/1273/319
f 503/1280/320 500/1279/320 499/1278/320 504/1277/320
o cube
v 0.9070838628402693 3.580309375 0.7767018253514394
v 0.8831661483174512 3.580309375 0.7189593545694839
v 0.9070838628402693 3.455309375 0.7767018253514394
v 0.8831661483174512 3.455309375 0.7189593545694839
v 0.4789688528437632 3.580309375 0.8863833562292107
v 0.5028865673665813 3.580309375 0.9441258270111661
v 0.4789688528437632 3.455309375 0.8863833562292107
v 0.5028865673665813 3.455309375 0.9441258270111661
vt 0.375 0.6640625
vt 0.37890625 0.6640625
vt 0.37890625 0.65625
vt 0.375 0.65625
vt 0.41015625 0.6640625
vt 0.4375 0.6640625
vt 0.4375 0.65625
vt 0.41015625 0.65625
vt 0.40625 0.6640625
vt 0.41015625 0.6640625
vt 0.41015625 0.65625
vt 0.40625 0.65625
vt 0.40625 0.6640625
vt 0.37890625 0.6640625
vt 0.37890625 0.66796875
vt 0.40625 0.66796875
vt 0.43359375 0.66796875
vt 0.40625 0.66796875
vt 0.40625 0.6640625
vt 0.43359375 0.6640625
vn 0.9238795325112867 0 -0.3826834323650897
vn 0.3826834323650897 0 0.9238795325112867
vn -0.9238795325112867 0 0.3826834323650897
vn 0 1 0
vn 0 -1 0
usemtl m_78259a52-36d1-b55a-1736-85a769a7346c
f 507/1284/321 508/1283/321 506/1282/321 505/1281/321
f 512/1288/322 507/1287/322 505/1286/322 510/1285/322
f 511/1292/323 512/1291/323 510/1290/323 509/1289/323
f 510/1296/324 505/1295/324 506/1294/324 509/1293/324
f 511/1300/325 508/1299/325 507/1298/325 512/1297/325
o cube
v 1.2417517019859674 3.546279375 0.43241205590944565
v 1.0504099858034224 3.546279375 -0.029527710346197722
v 1.2417517019859674 3.421279375 0.43241205590944565
v 1.0504099858034224 3.421279375 -0.029527710346197722
v 0.992667515021467 3.546279375 -0.005609995823379621
v 1.1840092312040118 3.546279375 0.45632977043226375
v 0.992667515021467 3.421279375 -0.005609995823379621
v 1.1840092312040118 3.421279375 0.45632977043226375
vt 0.03125 0.75
vt 0.03515625 0.75
vt 0.03515625 0.7421875
vt 0.03125 0.7421875
vt 0 0.75
vt 0.03125 0.75
vt 0.03125 0.7421875
vt 0 0.7421875
vt 0.03515625 0.75
vt 0.06640625 0.75
vt 0.06640625 0.7421875
vt 0.03515625 0.7421875
vt 0.03515625 0.75
vt 0.03125 0.75
vt 0.03125 0.78125
vt 0.03515625 0.78125
vt 0.0390625 0.78125
vt 0.03515625 0.78125
vt 0.03515625 0.75
vt 0.0390625 0.75
vn -0.3826834323650897 0 -0.9238795325112867
vn 0.9238795325112867 0 -0.3826834323650897
vn -0.9238795325112867 0 0.3826834323650897
vn 0 1 0
vn 0 -1 0
usemtl m_78259a52-36d1-b55a-1736-85a769a7346c
f 516/1304/326 519/1303/326 517/1302/326 514/1301/326
f 515/1308/327 516/1307/327 514/1306/327 513/1305/327
f 519/1312/328 520/1311/328 518/1310/328 517/1309/328
f 518/1316/329 513/1315/329 514/1314/329 517/1313/329
f 519/1320/330 516/1319/330 515/1318/330 520/1317/330
o cube
v 1.2377110227875137 3.580309375 0.4485121252156926
v 1.1935168489633543 3.580309375 0.40431795139153337
v 1.2377110227875137 3.455309375 0.4485121252156926
v 1.1935168489633543 3.455309375 0.40431795139153337
v 0.8841576321942398 3.580309375 0.713677168160648
v 0.928351806018399 3.580309375 0.7578713419848071
v 0.8841576321942398 3.455309375 0.713677168160648
v 0.928351806018399 3.455309375 0.7578713419848071
vt 0.37890625 0.6640625
vt 0.40625 0.6640625
vt 0.40625 0.65625
vt 0.37890625 0.65625
vt 0.375 0.6640625
vt 0.37890625 0.6640625
vt 0.37890625 0.65625
vt 0.375 0.65625
vt 0.41015625 0.6640625
vt 0.4375 0.6640625
vt 0.4375 0.65625
vt 0.41015625 0.65625
vt 0.40625 0.6640625
vt 0.41015625 0.6640625
vt 0.41015625 0.65625
vt 0.40625 0.65625
vt 0.40625 0.6640625
vt 0.37890625 0.6640625
vt 0.37890625 0.66796875
vt 0.40625 0.66796875
vt 0.43359375 0.66796875
vt 0.40625 0.66796875
vt 0.40625 0.6640625
vt 0.43359375 0.6640625
vn -0.7071067811865476 0 -0.7071067811865475
vn 0.7071067811865475 0 -0.7071067811865476
vn 0.7071067811865476 0 0.7071067811865475
vn -0.7071067811865475 0 0.7071067811865476
vn 0 1 0
vn 0 -1 0
usemtl m_78259a52-36d1-b55a-1736-85a769a7346c
f 524/1324/331 527/1323/331 525/1322/331 522/1321/331
f 523/1328/332 524/1327/332 522/1326/332 521/1325/332
f 528/1332/333 523/1331/333 521/1330/333 526/1329/333
f 527/1336/334 528/1335/334 526/1334/334 525/1333/334
f 526/1340/335 521/1339/335 522/1338/335 525/1337/335
f 527/1344/336 524/1343/336 523/1342/336 528/1341/336
o cube
v 1.0685168489633543 2.830309375 0.5552062990398519
v 1.024322675139195 2.830309375 0.5110121252156926
v 1.0685168489633543 2.705309375 0.5552062990398519
v 1.024322675139195 2.705309375 0.5110121252156926
v 0.7591576321942398 2.830309375 0.776177168160648
v 0.803351806018399 2.830309375 0.8203713419848071
v 0.7591576321942398 2.705309375 0.776177168160648
v 0.803351806018399 2.705309375 0.8203713419848071
vt 0.46484375 0.97265625
vt 0.48828125 0.97265625
vt 0.48828125 0.96484375
vt 0.46484375 0.96484375
vt 0.4609375 0.97265625
vt 0.46484375 0.97265625
vt 0.46484375 0.96484375
vt 0.4609375 0.96484375
vt 0.4921875 0.97265625
vt 0.515625 0.97265625
vt 0.515625 0.96484375
vt 0.4921875 0.96484375
vt 0.48828125 0.97265625
vt 0.4921875 0.97265625
vt 0.4921875 0.96484375
vt 0.48828125 0.96484375
vt 0.48828125 0.97265625
vt 0.46484375 0.97265625
vt 0.46484375 0.9765625
vt 0.48828125 0.9765625
vt 0.51171875 0.9765625
vt 0.48828125 0.9765625
vt 0.48828125 0.97265625
vt 0.51171875 0.97265625
vn -0.7071067811865476 0 -0.7071067811865475
vn 0.7071067811865475 0 -0.7071067811865476
vn 0.7071067811865476 0 0.7071067811865475
vn -0.7071067811865475 0 0.7071067811865476
vn 0 1 0
vn 0 -1 0
usemtl m_78259a52-36d1-b55a-1736-85a769a7346c
f 532/1348/337 535/1347/337 533/1346/337 530/1345/337
f 531/1352/338 532/1351/338 530/1350/338 529/1349/338
f 536/1356/339 531/1355/339 529/1354/339 534/1353/339
f 535/1360/340 536/1359/340 534/1358/340 533/1357/340
f 534/1364/341 529/1363/341 530/1362/341 533/1361/341
f 535/1368/342 532/1367/342 531/1366/342 536/1365/342
o cube
v 1.2377110227875137 3.080309375 0.4485121252156926
v 1.1935168489633543 3.080309375 0.40431795139153337
v 1.2377110227875137 2.955309375 0.4485121252156926
v 1.1935168489633543 2.955309375 0.40431795139153337
v 0.8841576321942398 3.080309375 0.713677168160648
v 0.928351806018399 3.080309375 0.7578713419848071
v 0.8841576321942398 2.955309375 0.713677168160648
v 0.928351806018399 2.955309375 0.7578713419848071
vt 0.41796875 0.6171875
vt 0.4453125 0.6171875
vt 0.4453125 0.609375
vt 0.41796875 0.609375
vt 0.4140625 0.6171875
vt 0.41796875 0.6171875
vt 0.41796875 0.609375
vt 0.4140625 0.609375
vt 0.44921875 0.6171875
vt 0.4765625 0.6171875
vt 0.4765625 0.609375
vt 0.44921875 0.609375
vt 0.4453125 0.6171875
vt 0.44921875 0.6171875
vt 0.44921875 0.609375
vt 0.4453125 0.609375
vt 0.4453125 0.6171875
vt 0.41796875 0.6171875
vt 0.41796875 0.62109375
vt 0.4453125 0.62109375
vt 0.47265625 0.62109375
vt 0.4453125 0.62109375
vt 0.4453125 0.6171875
vt 0.47265625 0.6171875
vn -0.7071067811865476 0 -0.7071067811865475
vn 0.7071067811865475 0 -0.7071067811865476
vn 0.7071067811865476 0 0.7071067811865475
vn -0.7071067811865475 0 0.7071067811865476
vn 0 1 0
vn 0 -1 0
usemtl m_78259a52-36d1-b55a-1736-85a769a7346c
f 540/1372/343 543/1371/343 541/1370/343 538/1369/343
f 539/1376/344 540/1375/344 538/1374/344 537/1373/344
f 544/1380/345 539/1379/345 537/1378/345 542/1377/345
f 543/1384/346 544/1383/346 542/1382/346 541/1381/346
f 542/1388/347 537/1387/347 538/1386/347 541/1385/347
f 543/1392/348 540/1391/348 539/1390/348 544/1389/348
o cube
v 1.3444051966116728 3.330309375 0.40431795139153337
v 1.3002110227875134 3.330309375 0.3601237775673741
v 1.3444051966116728 3.205309375 0.40431795139153337
v 1.3002110227875134 3.205309375 0.3601237775673741
v 0.9466576321942398 3.330309375 0.713677168160648
v 0.990851806018399 3.330309375 0.7578713419848071
v 0.9466576321942398 3.205309375 0.713677168160648
v 0.990851806018399 3.205309375 0.7578713419848071
vt 0.41796875 0.80078125
vt 0.44921875 0.80078125
vt 0.44921875 0.79296875
vt 0.41796875 0.79296875
vt 0.4140625 0.80078125
vt 0.41796875 0.80078125
vt 0.41796875 0.79296875
vt 0.4140625 0.79296875
vt 0.453125 0.80078125
vt 0.484375 0.80078125
vt 0.484375 0.79296875
vt 0.453125 0.79296875
vt 0.44921875 0.80078125
vt 0.453125 0.80078125
vt 0.453125 0.79296875
vt 0.44921875 0.79296875
vt 0.44921875 0.80078125
vt 0.41796875 0.80078125
vt 0.41796875 0.8046875
vt 0.44921875 0.8046875
vt 0.48046875 0.8046875
vt 0.44921875 0.8046875
vt 0.44921875 0.80078125
vt 0.48046875 0.80078125
vn -0.7071067811865476 0 -0.7071067811865475
vn 0.7071067811865475 0 -0.7071067811865476
vn 0.7071067811865476 0 0.7071067811865475
vn -0.7071067811865475 0 0.7071067811865476
vn 0 1 0
vn 0 -1 0
usemtl m_78259a52-36d1-b55a-1736-85a769a7346c
f 548/1396/349 551/1395/349 549/1394/349 546/1393/349
f 547/1400/350 548/1399/350 546/1398/350 545/1397/350
f 552/1404/351 547/1403/351 545/1402/351 550/1401/351
f 551/1408/352 552/1407/352 550/1406/352 549/1405/352
f 550/1412/353 545/1411/353 546/1410/353 549/1409/353
f 551/1416/354 548/1415/354 547/1414/354 552/1413/354
o cube
v 1.3667517019859674 3.296279375 0.36991205590944565
v 1.1514922712806044 3.296279375 -0.1497701811281531
v 1.3667517019859674 3.171279375 0.36991205590944565
v 1.1514922712806044 3.171279375 -0.1497701811281531
v 1.093749800498649 3.296279375 -0.125852466605335
v 1.3090092312040118 3.296279375 0.39382977043226375
v 1.093749800498649 3.171279375 -0.125852466605335
v 1.3090092312040118 3.171279375 0.39382977043226375
vt -0.00390625 0.75
vt 0.03125 0.75
vt 0.03125 0.7421875
vt -0.00390625 0.7421875
vt 0.03515625 0.75
vt 0.0703125 0.75
vt 0.0703125 0.7421875
vt 0.03515625 0.7421875
vt 0.03515625 0.75
vt 0.03125 0.75
vt 0.03125 0.78515625
vt 0.03515625 0.78515625
vt 0.0390625 0.78515625
vt 0.03515625 0.78515625
vt 0.03515625 0.75
vt 0.0390625 0.75
vn 0.9238795325112867 0 -0.3826834323650897
vn -0.9238795325112867 0 0.3826834323650897
vn 0 1 0
vn 0 -1 0
usemtl m_78259a52-36d1-b55a-1736-85a769a7346c
f 555/1420/355 556/1419/355 554/1418/355 553/1417/355
f 559/1424/356 560/1423/356 558/1422/356 557/1421/356
f 558/1428/357 553/1427/357 554/1426/357 557/1425/357
f 559/1432/358 556/1431/358 555/1430/358 560/1429/358
o cube
v 1.2417517019859674 3.046279375 0.43241205590944565
v 1.0504099858034224 3.046279375 -0.029527710346197722
v 1.2417517019859674 2.921279375 0.43241205590944565
v 1.0504099858034224 2.921279375 -0.029527710346197722
v 0.992667515021467 3.046279375 -0.005609995823379621
v 1.1840092312040118 3.046279375 0.45632977043226375
v 0.992667515021467 2.921279375 -0.005609995823379621
v 1.1840092312040118 2.921279375 0.45632977043226375
vt 0.03125 0.75
vt 0.03515625 0.75
vt 0.03515625 0.7421875
vt 0.03125 0.7421875
vt 0 0.75
vt 0.03125 0.75
vt 0.03125 0.7421875
vt 0 0.7421875
vt 0.03515625 0.75
vt 0.06640625 0.75
vt 0.06640625 0.7421875
vt 0.03515625 0.7421875
vt 0.03515625 0.75
vt 0.03125 0.75
vt 0.03125 0.78125
vt 0.03515625 0.78125
vt 0.0390625 0.78125
vt 0.03515625 0.78125
vt 0.03515625 0.75
vt 0.0390625 0.75
vn -0.3826834323650897 0 -0.9238795325112867
vn 0.9238795325112867 0 -0.3826834323650897
vn -0.9238795325112867 0 0.3826834323650897
vn 0 1 0
vn 0 -1 0
usemtl m_78259a52-36d1-b55a-1736-85a769a7346c
f 564/1436/359 567/1435/359 565/1434/359 562/1433/359
f 563/1440/360 564/1439/360 562/1438/360 561/1437/360
f 567/1444/361 568/1443/361 566/1442/361 565/1441/361
f 566/1448/362 561/1447/362 562/1446/362 565/1445/362
f 567/1452/363 564/1451/363 563/1450/363 568/1449/363
o cube
v 1.0542517019859674 2.796279375 0.5574120559094456
v 0.8629099858034225 2.796279375 0.09547228965380228
v 1.0542517019859674 2.671279375 0.5574120559094456
v 0.8629099858034225 2.671279375 0.09547228965380228
v 0.805167515021467 2.796279375 0.11939000417662038
v 0.9965092312040119 2.796279375 0.5813297704322637
v 0.805167515021467 2.671279375 0.11939000417662038
v 0.9965092312040119 2.671279375 0.5813297704322637
vt 0.03125 0.75
vt 0.03515625 0.75
vt 0.03515625 0.7421875
vt 0.03125 0.7421875
vt 0 0.75
vt 0.03125 0.75
vt 0.03125 0.7421875
vt 0 0.7421875
vt 0.03515625 0.75
vt 0.06640625 0.75
vt 0.06640625 0.7421875
vt 0.03515625 0.7421875
vt 0.03515625 0.75
vt 0.03125 0.75
vt 0.03125 0.78125
vt 0.03515625 0.78125
vt 0.0390625 0.78125
vt 0.03515625 0.78125
vt 0.03515625 0.75
vt 0.0390625 0.75
vn -0.3826834323650897 0 -0.9238795325112867
vn 0.9238795325112867 0 -0.3826834323650897
vn -0.9238795325112867 0 0.3826834323650897
vn 0 1 0
vn 0 -1 0
usemtl m_78259a52-36d1-b55a-1736-85a769a7346c
f 572/1456/364 575/1455/364 573/1454/364 570/1453/364
f 571/1460/365 572/1459/365 570/1458/365 569/1457/365
f 575/1464/366 576/1463/366 574/1462/366 573/1461/366
f 574/1468/367 569/1467/367 570/1466/367 573/1465/367
f 575/1472/368 572/1471/368 571/1470/368 576/1469/368
o cube
v 0.8804110075735634 2.796279375 0.08284047399036037
v 0.5268576169802897 2.796279375 -0.2707129166029133
v 0.8804110075735634 2.671279375 0.08284047399036037
v 0.5268576169802897 2.671279375 -0.2707129166029133
v 0.4826634431561304 2.796279375 -0.22651874277875417
v 0.8362168337494043 2.796279375 0.1270346478145196
v 0.4826634431561304 2.671279375 -0.22651874277875417
v 0.8362168337494043 2.671279375 0.1270346478145196
vt 0.03125 0.75
vt 0.03515625 0.75
vt 0.03515625 0.7421875
vt 0.03125 0.7421875
vt 0 0.75
vt 0.03125 0.75
vt 0.03125 0.7421875
vt 0 0.7421875
vt 0.03515625 0.75
vt 0.06640625 0.75
vt 0.06640625 0.7421875
vt 0.03515625 0.7421875
vt 0.03515625 0.75
vt 0.03125 0.75
vt 0.03125 0.78125
vt 0.03515625 0.78125
vt 0.0390625 0.78125
vt 0.03515625 0.78125
vt 0.03515625 0.75
vt 0.0390625 0.75
vn -0.7071067811865476 0 -0.7071067811865475
vn 0.7071067811865475 0 -0.7071067811865476
vn -0.7071067811865475 0 0.7071067811865476
vn 0 1 0
vn 0 -1 0
usemtl m_78259a52-36d1-b55a-1736-85a769a7346c
f 580/1476/369 583/1475/369 581/1474/369 578/1473/369
f 579/1480/370 580/1479/370 578/1478/370 577/1477/370
f 583/1484/371 584/1483/371 582/1482/371 581/1481/371
f 582/1488/372 577/1487/372 578/1486/372 581/1485/372
f 583/1492/373 580/1491/373 579/1490/373 584/1489/373
o cube
v 1.0679110075735634 3.046279375 -0.04215952600963968
v 0.7143576169802897 3.046279375 -0.3957129166029133
v 1.0679110075735634 2.921279375 -0.04215952600963968
v 0.7143576169802897 2.921279375 -0.3957129166029133
v 0.6701634431561304 3.046279375 -0.35151874277875417
v 1.0237168337494043 3.046279375 0.0020346478145195634
v 0.6701634431561304 2.921279375 -0.35151874277875417
v 1.0237168337494043 2.921279375 0.0020346478145195634
vt 0.03125 0.75
vt 0.03515625 0.75
vt 0.03515625 0.7421875
vt 0.03125 0.7421875
vt 0 0.75
vt 0.03125 0.75
vt 0.03125 0.7421875
vt 0 0.7421875
vt 0.03515625 0.75
vt 0.06640625 0.75
vt 0.06640625 0.7421875
vt 0.03515625 0.7421875
vt 0.03515625 0.75
vt 0.03125 0.75
vt 0.03125 0.78125
vt 0.03515625 0.78125
vt 0.0390625 0.78125
vt 0.03515625 0.78125
vt 0.03515625 0.75
vt 0.0390625 0.75
vn -0.7071067811865476 0 -0.7071067811865475
vn 0.7071067811865475 0 -0.7071067811865476
vn -0.7071067811865475 0 0.7071067811865476
vn 0 1 0
vn 0 -1 0
usemtl m_78259a52-36d1-b55a-1736-85a769a7346c
f 588/1496/374 591/1495/374 589/1494/374 586/1493/374
f 587/1500/375 588/1499/375 586/1498/375 585/1497/375
f 591/1504/376 592/1503/376 590/1502/376 589/1501/376
f 590/1508/377 585/1507/377 586/1506/377 589/1505/377
f 591/1512/378 588/1511/378 587/1510/378 592/1509/378
o cube
v 1.1929110075735634 3.296279375 -0.16715952600963968
v 0.7951634431561303 3.296279375 -0.5649070904270727
v 1.1929110075735634 3.171279375 -0.16715952600963968
v 0.7951634431561303 3.171279375 -0.5649070904270727
v 0.7509692693319712 3.296279375 -0.5207129166029134
v 1.1487168337494043 3.296279375 -0.12296535218548044
v 0.7509692693319712 3.171279375 -0.5207129166029134
v 1.1487168337494043 3.171279375 -0.12296535218548044
vt 0.03125 0.75
vt 0.03515625 0.75
vt 0.03515625 0.7421875
vt 0.03125 0.7421875
vt -0.00390625 0.75
vt 0.03125 0.75
vt 0.03125 0.7421875
vt -0.00390625 0.7421875
vt 0.03515625 0.75
vt 0.03125 0.75
vt 0.03125 0.78515625
vt 0.03515625 0.78515625
vt 0.0390625 0.78515625
vt 0.03515625 0.78515625
vt 0.03515625 0.75
vt 0.0390625 0.75
vn -0.7071067811865476 0 -0.7071067811865475
vn 0.7071067811865475 0 -0.7071067811865476
vn 0 1 0
vn 0 -1 0
usemtl m_78259a52-36d1-b55a-1736-85a769a7346c
f 596/1516/379 599/1515/379 597/1514/379 594/1513/379
f 595/1520/380 596/1519/380 594/1518/380 593/1517/380
f 598/1524/381 593/1523/381 594/1522/381 597/1521/381
f 599/1528/382 596/1527/382 595/1526/382 600/1525/382
o cube
v 1.0679110075735634 3.546279375 -0.04215952600963968
v 0.7143576169802897 3.546279375 -0.3957129166029133
v 1.0679110075735634 3.421279375 -0.04215952600963968
v 0.7143576169802897 3.421279375 -0.3957129166029133
v 0.6701634431561304 3.546279375 -0.35151874277875417
v 1.0237168337494043 3.546279375 0.0020346478145195634
v 0.6701634431561304 3.421279375 -0.35151874277875417
v 1.0237168337494043 3.421279375 0.0020346478145195634
vt 0.03125 0.75
vt 0.03515625 0.75
vt 0.03515625 0.7421875
vt 0.03125 0.7421875
vt 0 0.75
vt 0.03125 0.75
vt 0.03125 0.7421875
vt 0 0.7421875
vt 0.03515625 0.75
vt 0.06640625 0.75
vt 0.06640625 0.7421875
vt 0.03515625 0.7421875
vt 0.03515625 0.75
vt 0.03125 0.75
vt 0.03125 0.78125
vt 0.03515625 0.78125
vt 0.0390625 0.78125
vt 0.03515625 0.78125
vt 0.03515625 0.75
vt 0.0390625 0.75
vn -0.7071067811865476 0 -0.7071067811865475
vn 0.7071067811865475 0 -0.7071067811865476
vn -0.7071067811865475 0 0.7071067811865476
vn 0 1 0
vn 0 -1 0
usemtl m_78259a52-36d1-b55a-1736-85a769a7346c
f 604/1532/383 607/1531/383 605/1530/383 602/1529/383
f 603/1536/384 604/1535/384 602/1534/384 601/1533/384
f 607/1540/385 608/1539/385 606/1538/385 605/1537/385
f 606/1544/386 601/1543/386 602/1542/386 605/1541/386
f 607/1548/387 604/1547/387 603/1546/387 608/1545/387
o cube
v 0.8804110075735634 3.796279375 0.08284047399036037
v 0.5268576169802897 3.796279375 -0.2707129166029133
v 0.8804110075735634 3.671279375 0.08284047399036037
v 0.5268576169802897 3.671279375 -0.2707129166029133
v 0.4826634431561304 3.796279375 -0.22651874277875417
v 0.8362168337494043 3.796279375 0.1270346478145196
v 0.4826634431561304 3.671279375 -0.22651874277875417
v 0.8362168337494043 3.671279375 0.1270346478145196
vt 0.03125 0.75
vt 0.03515625 0.75
vt 0.03515625 0.7421875
vt 0.03125 0.7421875
vt 0 0.75
vt 0.03125 0.75
vt 0.03125 0.7421875
vt 0 0.7421875
vt 0.03515625 0.75
vt 0.06640625 0.75
vt 0.06640625 0.7421875
vt 0.03515625 0.7421875
vt 0.03515625 0.75
vt 0.03125 0.75
vt 0.03125 0.78125
vt 0.03515625 0.78125
vt 0.0390625 0.78125
vt 0.03515625 0.78125
vt 0.03515625 0.75
vt 0.0390625 0.75
vn -0.7071067811865476 0 -0.7071067811865475
vn 0.7071067811865475 0 -0.7071067811865476
vn -0.7071067811865475 0 0.7071067811865476
vn 0 1 0
vn 0 -1 0
usemtl m_78259a52-36d1-b55a-1736-85a769a7346c
f 612/1552/388 615/1551/388 613/1550/388 610/1549/388
f 611/1556/389 612/1555/389 610/1554/389 609/1553/389
f 615/1560/390 616/1559/390 614/1558/390 613/1557/390
f 614/1564/391 609/1563/391 610/1562/391 613/1561/391
f 615/1568/392 612/1567/392 611/1566/392 616/1565/392
o cube
v 1.0542517019859674 3.796279375 0.5574120559094456
v 0.8629099858034225 3.796279375 0.09547228965380228
v 1.0542517019859674 3.671279375 0.5574120559094456
v 0.8629099858034225 3.671279375 0.09547228965380228
v 0.805167515021467 3.796279375 0.11939000417662038
v 0.9965092312040119 3.796279375 0.5813297704322637
v 0.805167515021467 3.671279375 0.11939000417662038
v 0.9965092312040119 3.671279375 0.5813297704322637
vt 0.03125 0.75
vt 0.03515625 0.75
vt 0.03515625 0.7421875
vt 0.03125 0.7421875
vt 0 0.75
vt 0.03125 0.75
vt 0.03125 0.7421875
vt 0 0.7421875
vt 0.03515625 0.75
vt 0.06640625 0.75
vt 0.06640625 0.7421875
vt 0.03515625 0.7421875
vt 0.03515625 0.75
vt 0.03125 0.75
vt 0.03125 0.78125
vt 0.03515625 0.78125
vt 0.0390625 0.78125
vt 0.03515625 0.78125
vt 0.03515625 0.75
vt 0.0390625 0.75
vn -0.3826834323650897 0 -0.9238795325112867
vn 0.9238795325112867 0 -0.3826834323650897
vn -0.9238795325112867 0 0.3826834323650897
vn 0 1 0
vn 0 -1 0
usemtl m_78259a52-36d1-b55a-1736-85a769a7346c
f 620/1572/393 623/1571/393 621/1570/393 618/1569/393
f 619/1576/394 620/1575/394 618/1574/394 617/1573/394
f 623/1580/395 624/1579/395 622/1578/395 621/1577/395
f 622/1584/396 617/1583/396 618/1582/396 621/1581/396
f 623/1588/397 620/1587/397 619/1586/397 624/1585/397
o cube
v 1.0685168489633543 3.830309375 0.5552062990398519
v 1.024322675139195 3.830309375 0.5110121252156926
v 1.0685168489633543 3.705309375 0.5552062990398519
v 1.024322675139195 3.705309375 0.5110121252156926
v 0.7591576321942398 3.830309375 0.776177168160648
v 0.803351806018399 3.830309375 0.8203713419848071
v 0.7591576321942398 3.705309375 0.776177168160648
v 0.803351806018399 3.705309375 0.8203713419848071
vt 0.46484375 0.97265625
vt 0.48828125 0.97265625
vt 0.48828125 0.96484375
vt 0.46484375 0.96484375
vt 0.4609375 0.97265625
vt 0.46484375 0.97265625
vt 0.46484375 0.96484375
vt 0.4609375 0.96484375
vt 0.4921875 0.97265625
vt 0.515625 0.97265625
vt 0.515625 0.96484375
vt 0.4921875 0.96484375
vt 0.48828125 0.97265625
vt 0.4921875 0.97265625
vt 0.4921875 0.96484375
vt 0.48828125 0.96484375
vt 0.48828125 0.97265625
vt 0.46484375 0.97265625
vt 0.46484375 0.9765625
vt 0.48828125 0.9765625
vt 0.51171875 0.9765625
vt 0.48828125 0.9765625
vt 0.48828125 0.97265625
vt 0.51171875 0.97265625
vn -0.7071067811865476 0 -0.7071067811865475
vn 0.7071067811865475 0 -0.7071067811865476
vn 0.7071067811865476 0 0.7071067811865475
vn -0.7071067811865475 0 0.7071067811865476
vn 0 1 0
vn 0 -1 0
usemtl m_78259a52-36d1-b55a-1736-85a769a7346c
f 628/1592/398 631/1591/398 629/1590/398 626/1589/398
f 627/1596/399 628/1595/399 626/1594/399 625/1593/399
f 632/1600/400 627/1599/400 625/1598/400 630/1597/400
f 631/1604/401 632/1603/401 630/1602/401 629/1601/401
f 630/1608/402 625/1607/402 626/1606/402 629/1605/402
f 631/1612/403 628/1611/403 627/1610/403 632/1609/403
o cube
v 0.4375 3.836293125 0.955869375
v 0.4375 3.836293125 0.893369375
v 0.4375 3.711293125 0.955869375
v 0.4375 3.711293125 0.893369375
v 0.125 3.836293125 0.893369375
v 0.125 3.836293125 0.955869375
v 0.125 3.711293125 0.893369375
v 0.125 3.711293125 0.955869375
vt 0.48828125 0.69140625
vt 0.5078125 0.69140625
vt 0.5078125 0.68359375
vt 0.48828125 0.68359375
vt 0.484375 0.69140625
vt 0.48828125 0.69140625
vt 0.48828125 0.68359375
vt 0.484375 0.68359375
vt 0.51171875 0.69140625
vt 0.53125 0.69140625
vt 0.53125 0.68359375
vt 0.51171875 0.68359375
vt 0.5078125 0.69140625
vt 0.48828125 0.69140625
vt 0.48828125 0.6953125
vt 0.5078125 0.6953125
vt 0.52734375 0.6953125
vt 0.5078125 0.6953125
vt 0.5078125 0.69140625
vt 0.52734375 0.69140625
vn 0 0 -1
vn 1 0 0
vn 0 0 1
vn 0 1 0
vn 0 -1 0
usemtl m_78259a52-36d1-b55a-1736-85a769a7346c
f 636/1616/404 639/1615/404 637/1614/404 634/1613/404
f 635/1620/405 636/1619/405 634/1618/405 633/1617/405
f 640/1624/406 635/1623/406 633/1622/406 638/1621/406
f 638/1628/407 633/1627/407 634/1626/407 637/1625/407
f 639/1632/408 636/1631/408 635/1630/408 640/1629/408
o cube
v 0.7868413920583139 3.830309375 0.8006195398742575
v 0.7629236775354957 3.830309375 0.7428770690923021
v 0.7868413920583139 3.705309375 0.8006195398742575
v 0.7629236775354957 3.705309375 0.7428770690923021
v 0.4164688528437632 3.830309375 0.8863833562292107
v 0.4403865673665813 3.830309375 0.9441258270111661
v 0.4164688528437632 3.705309375 0.8863833562292107
v 0.4403865673665813 3.705309375 0.9441258270111661
vt 0.46484375 0.97265625
vt 0.48828125 0.97265625
vt 0.48828125 0.96484375
vt 0.46484375 0.96484375
vt 0.4609375 0.97265625
vt 0.46484375 0.97265625
vt 0.46484375 0.96484375
vt 0.4609375 0.96484375
vt 0.4921875 0.97265625
vt 0.515625 0.97265625
vt 0.515625 0.96484375
vt 0.4921875 0.96484375
vt 0.48828125 0.97265625
vt 0.4921875 0.97265625
vt 0.4921875 0.96484375
vt 0.48828125 0.96484375
vt 0.48828125 0.97265625
vt 0.46484375 0.97265625
vt 0.46484375 0.9765625
vt 0.48828125 0.9765625
vt 0.51171875 0.9765625
vt 0.48828125 0.9765625
vt 0.48828125 0.97265625
vt 0.51171875 0.97265625
vn -0.3826834323650897 0 -0.9238795325112867
vn 0.9238795325112867 0 -0.3826834323650897
vn 0.3826834323650897 0 0.9238795325112867
vn -0.9238795325112867 0 0.3826834323650897
vn 0 1 0
vn 0 -1 0
usemtl m_78259a52-36d1-b55a-1736-85a769a7346c
f 644/1636/409 647/1635/409 645/1634/409 642/1633/409
f 643/1640/410 644/1639/410 642/1638/410 641/1637/410
f 648/1644/411 643/1643/411 641/1642/411 646/1641/411
f 647/1648/412 648/1647/412 646/1646/412 645/1645/412
f 646/1652/413 641/1651/413 642/1650/413 645/1649/413
f 647/1656/414 644/1655/414 643/1654/414 648/1653/414
o cube
v 0.49617434620917816 3.747148453643665 -0.231630625
v 0.49617434620917816 3.747148453643665 -0.294130625
v 0.5200920607319963 3.6894059828617096 -0.231630625
v 0.5200920607319963 3.6894059828617096 -0.294130625
v 0.14971952151744566 3.603642166506756 -0.294130625
v 0.14971952151744566 3.603642166506756 -0.231630625
v 0.17363723604026376 3.545899695724801 -0.294130625
v 0.17363723604026376 3.545899695724801 -0.231630625
vt 0.484375 0.69140625
vt 0.5078125 0.69140625
vt 0.5078125 0.6875
vt 0.484375 0.6875
vt 0.48046875 0.69140625
vt 0.484375 0.69140625
vt 0.484375 0.6875
vt 0.48046875 0.6875
vt 0.51171875 0.69140625
vt 0.53515625 0.69140625
vt 0.53515625 0.6875
vt 0.51171875 0.6875
vt 0.5078125 0.69140625
vt 0.51171875 0.69140625
vt 0.51171875 0.6875
vt 0.5078125 0.6875
vt 0.5078125 0.69140625
vt 0.484375 0.69140625
vt 0.484375 0.6953125
vt 0.5078125 0.6953125
vt 0.53125 0.6953125
vt 0.5078125 0.6953125
vt 0.5078125 0.69140625
vt 0.53125 0.69140625
vn 0 0 -1
vn 0.9238795325112867 0.3826834323650897 0
vn 0 0 1
vn -0.9238795325112867 -0.3826834323650897 0
vn -0.3826834323650897 0.9238795325112867 0
vn 0.3826834323650897 -0.9238795325112867 0
usemtl m_78259a52-36d1-b55a-1736-85a769a7346c
f 652/1660/415 655/1659/415 653/1658/415 650/1657/415
f 651/1664/416 652/1663/416 650/1662/416 649/1661/416
f 656/1668/417 651/1667/417 649/1666/417 654/1665/417
f 655/1672/418 656/1671/418 654/1670/418 653/1669/418
f 654/1676/419 649/1675/419 650/1674/419 653/1673/419
f 655/1680/420 652/1679/420 651/1678/420 656/1677/420
o cube
v 0.7461743462091781 3.247148453643665 -0.481630625
v 0.7461743462091781 3.247148453643665 -0.544130625
v 0.7700920607319963 3.1894059828617096 -0.481630625
v 0.7700920607319963 3.1894059828617096 -0.544130625
v 0.39971952151744566 3.103642166506756 -0.544130625
v 0.39971952151744566 3.103642166506756 -0.481630625
v 0.42363723604026376 3.045899695724801 -0.544130625
v 0.42363723604026376 3.045899695724801 -0.481630625
vt 0.484375 0.69140625
vt 0.5078125 0.69140625
vt 0.5078125 0.6875
vt 0.484375 0.6875
vt 0.48046875 0.69140625
vt 0.484375 0.69140625
vt 0.484375 0.6875
vt 0.48046875 0.6875
vt 0.51171875 0.69140625
vt 0.53515625 0.69140625
vt 0.53515625 0.6875
vt 0.51171875 0.6875
vt 0.5078125 0.69140625
vt 0.51171875 0.69140625
vt 0.51171875 0.6875
vt 0.5078125 0.6875
vt 0.5078125 0.69140625
vt 0.484375 0.69140625
vt 0.484375 0.6953125
vt 0.5078125 0.6953125
vt 0.53125 0.6953125
vt 0.5078125 0.6953125
vt 0.5078125 0.69140625
vt 0.53125 0.69140625
vn 0 0 -1
vn 0.9238795325112867 0.3826834323650897 0
vn 0 0 1
vn -0.9238795325112867 -0.3826834323650897 0
vn -0.3826834323650897 0.9238795325112867 0
vn 0.3826834323650897 -0.9238795325112867 0
usemtl m_78259a52-36d1-b55a-1736-85a769a7346c
f 660/1684/421 663/1683/421 661/1682/421 658/1681/421
f 659/1688/422 660/1687/422 658/1686/422 657/1685/422
f 664/1692/423 659/1691/423 657/1690/423 662/1689/423
f 663/1696/424 664/1695/424 662/1694/424 661/1693/424
f 662/1700/425 657/1699/425 658/1698/425 661/1697/425
f 663/1704/426 660/1703/426 659/1702/426 664/1701/426
o cube
v 0.49617434620917816 2.747148453643665 -0.231630625
v 0.49617434620917816 2.747148453643665 -0.294130625
v 0.5200920607319963 2.6894059828617096 -0.231630625
v 0.5200920607319963 2.6894059828617096 -0.294130625
v 0.14971952151744566 2.603642166506756 -0.294130625
v 0.14971952151744566 2.603642166506756 -0.231630625
v 0.17363723604026376 2.545899695724801 -0.294130625
v 0.17363723604026376 2.545899695724801 -0.231630625
vt 0.484375 0.69140625
vt 0.5078125 0.69140625
vt 0.5078125 0.6875
vt 0.484375 0.6875
vt 0.48046875 0.69140625
vt 0.484375 0.69140625
vt 0.484375 0.6875
vt 0.48046875 0.6875
vt 0.51171875 0.69140625
vt 0.53515625 0.69140625
vt 0.53515625 0.6875
vt 0.51171875 0.6875
vt 0.5078125 0.69140625
vt 0.51171875 0.69140625
vt 0.51171875 0.6875
vt 0.5078125 0.6875
vt 0.5078125 0.69140625
vt 0.484375 0.69140625
vt 0.484375 0.6953125
vt 0.5078125 0.6953125
vt 0.53125 0.6953125
vt 0.5078125 0.6953125
vt 0.5078125 0.69140625
vt 0.53125 0.69140625
vn 0 0 -1
vn 0.9238795325112867 0.3826834323650897 0
vn 0 0 1
vn -0.9238795325112867 -0.3826834323650897 0
vn -0.3826834323650897 0.9238795325112867 0
vn 0.3826834323650897 -0.9238795325112867 0
usemtl m_78259a52-36d1-b55a-1736-85a769a7346c
f 668/1708/427 671/1707/427 669/1706/427 666/1705/427
f 667/1712/428 668/1711/428 666/1710/428 665/1709/428
f 672/1716/429 667/1715/429 665/1714/429 670/1713/429
f 671/1720/430 672/1719/430 670/1718/430 669/1717/430
f 670/1724/431 665/1723/431 666/1722/431 669/1721/431
f 671/1728/432 668/1727/432 667/1726/432 672/1725/432
o cube
v 1.07834375 4.00468 1.078810625
v 1.07834375 4.00468 0.766310625
v 1.07834375 3.9421799999999996 1.078810625
v 1.07834375 3.9421799999999996 0.766310625
v 0.5783437499999999 4.00468 0.766310625
v 0.5783437499999999 4.00468 1.078810625
v 0.5783437499999999 3.9421799999999996 0.766310625
v 0.5783437499999999 3.9421799999999996 1.078810625
vt 0.2265625 0.828125
vt 0.2578125 0.828125
vt 0.2578125 0.82421875
vt 0.2265625 0.82421875
vt 0.27734375 0.828125
vt 0.30859375 0.828125
vt 0.30859375 0.82421875
vt 0.27734375 0.82421875
vt 0.2578125 0.828125
vt 0.2265625 0.828125
vt 0.2265625 0.84765625
vt 0.2578125 0.84765625
vt 0.2890625 0.84765625
vt 0.2578125 0.84765625
vt 0.2578125 0.828125
vt 0.2890625 0.828125
vn 0 0 -1
vn 0 0 1
vn 0 1 0
vn 0 -1 0
usemtl m_78259a52-36d1-b55a-1736-85a769a7346c
f 676/1732/433 679/1731/433 677/1730/433 674/1729/433
f 680/1736/434 675/1735/434 673/1734/434 678/1733/434
f 678/1740/435 673/1739/435 674/1738/435 677/1737/435
f 679/1744/436 676/1743/436 675/1742/436 680/1741/436
o cube
v 1.07834375 3.94218 1.141310625
v 1.07834375 3.94218 1.078810625
v 1.07834375 3.31718 1.141310625
v 1.07834375 3.31718 1.078810625
v 0.20334374999999993 3.94218 1.078810625
v 0.20334374999999993 3.94218 1.141310625
v 0.20334374999999993 3.31718 1.078810625
v 0.20334374999999993 3.31718 1.141310625
vt 0.23046875 0.796875
vt 0.17578125 0.796875
vt 0.17578125 0.7578125
vt 0.23046875 0.7578125
vt 0.234375 0.796875
vt 0.23046875 0.796875
vt 0.23046875 0.7578125
vt 0.234375 0.7578125
vt 0.2890625 0.796875
vt 0.234375 0.796875
vt 0.234375 0.7578125
vt 0.2890625 0.7578125
vt 0.17578125 0.796875
vt 0.171875 0.796875
vt 0.171875 0.7578125
vt 0.17578125 0.7578125
vt 0.17578125 0.796875
vt 0.23046875 0.796875
vt 0.23046875 0.80078125
vt 0.17578125 0.80078125
vt 0.23046875 0.80078125
vt 0.28515625 0.80078125
vt 0.28515625 0.796875
vt 0.23046875 0.796875
vn 0 0 -1
vn 1 0 0
vn 0 0 1
vn -1 0 0
vn 0 1 0
vn 0 -1 0
usemtl m_78259a52-36d1-b55a-1736-85a769a7346c
f 684/1748/437 687/1747/437 685/1746/437 682/1745/437
f 683/1752/438 684/1751/438 682/1750/438 681/1749/438
f 688/1756/439 683/1755/439 681/1754/439 686/1753/439
f 687/1760/440 688/1759/440 686/1758/440 685/1757/440
f 686/1764/441 681/1763/441 682/1762/441 685/1761/441
f 687/1768/442 684/1767/442 683/1766/442 688/1765/442
o cube
v 1.14084375 4.00468 1.078810625
v 1.14084375 4.00468 0.703810625
v 1.14084375 3.8171799999999996 1.078810625
v 1.14084375 3.8171799999999996 0.703810625
v 1.07834375 4.00468 0.703810625
v 1.07834375 4.00468 1.078810625
v 1.07834375 3.8171799999999996 0.703810625
v 1.07834375 3.8171799999999996 1.078810625
vt 0.47265625 0.515625
vt 0.4765625 0.515625
vt 0.4765625 0.50390625
vt 0.47265625 0.50390625
vt 0.44921875 0.515625
vt 0.47265625 0.515625
vt 0.47265625 0.50390625
vt 0.44921875 0.50390625
vt 0.5 0.515625
vt 0.50390625 0.515625
vt 0.50390625 0.50390625
vt 0.5 0.50390625
vt 0.4765625 0.515625
vt 0.5 0.515625
vt 0.5 0.50390625
vt 0.4765625 0.50390625
vt 0.4765625 0.515625
vt 0.47265625 0.515625
vt 0.47265625 0.5390625
vt 0.4765625 0.5390625
vt 0.48046875 0.5390625
vt 0.4765625 0.5390625
vt 0.4765625 0.515625
vt 0.48046875 0.515625
vn 0 0 -1
vn 1 0 0
vn 0 0 1
vn -1 0 0
vn 0 1 0
vn 0 -1 0
usemtl m_78259a52-36d1-b55a-1736-85a769a7346c
f 692/1772/443 695/1771/443 693/1770/443 690/1769/443
f 691/1776/444 692/1775/444 690/1774/444 689/1773/444
f 696/1780/445 691/1779/445 689/1778/445 694/1777/445
f 695/1784/446 696/1783/446 694/1782/446 693/1781/446
f 694/1788/447 689/1787/447 690/1786/447 693/1785/447
f 695/1792/448 692/1791/448 691/1790/448 696/1789/448
o cube
v 1.15284838535505 2.955309375 0.5036999238641209
v 1.128930670832232 2.955309375 0.4459574530821655
v 1.15284838535505 1.3928093750000001 0.5036999238641209
v 1.128930670832232 1.3928093750000001 0.4459574530821655
v 0.20505113832094513 2.955309375 0.8286408854472553
v 0.22896885284376323 2.955309375 0.8863833562292107
v 0.20505113832094513 1.3928093750000001 0.8286408854472553
v 0.22896885284376323 1.3928093750000001 0.8863833562292107
vt 0.859375 0.15234375
vt 0.921875 0.15234375
vt 0.921875 0.0546875
vt 0.859375 0.0546875
vt 0.85546875 0.15234375
vt 0.859375 0.15234375
vt 0.859375 0.0546875
vt 0.85546875 0.0546875
vt 0.92578125 0.15234375
vt 0.98828125 0.15234375
vt 0.98828125 0.0546875
vt 0.92578125 0.0546875
vt 0.921875 0.15234375
vt 0.92578125 0.15234375
vt 0.92578125 0.0546875
vt 0.921875 0.0546875
vt 0.921875 0.15234375
vt 0.859375 0.15234375
vt 0.859375 0.15625
vt 0.921875 0.15625
vt 0.984375 0.15625
vt 0.921875 0.15625
vt 0.921875 0.15234375
vt 0.984375 0.15234375
vn -0.3826834323650897 0 -0.9238795325112867
vn 0.9238795325112867 0 -0.3826834323650897
vn 0.3826834323650897 0 0.9238795325112867
vn -0.9238795325112867 0 0.3826834323650897
vn 0 1 0
vn 0 -1 0
usemtl m_78259a52-36d1-b55a-1736-85a769a7346c
f 700/1796/449 703/1795/449 701/1794/449 698/1793/449
f 699/1800/450 700/1799/450 698/1798/450 697/1797/450
f 704/1804/451 699/1803/451 697/1802/451 702/1801/451
f 703/1808/452 704/1807/452 702/1806/452 701/1805/452
f 702/1812/453 697/1811/453 698/1810/453 701/1809/453
f 703/1816/454 700/1815/454 699/1814/454 704/1813/454
o cube
v 1.3434296130258994 3.330309375 0.12876441338078737
v 1.3876237868500587 3.330309375 0.08457023955662812
v 1.3434296130258994 1.7678093750000001 0.12876441338078737
v 1.3876237868500587 1.7678093750000001 0.08457023955662812
v 0.6805170056635113 3.330309375 -0.6225365416299194
v 0.636322831839352 3.330309375 -0.5783423678057602
v 0.6805170056635113 1.7678093750000001 -0.6225365416299194
v 0.636322831839352 1.7678093750000001 -0.5783423678057602
vt 0.859375 0.15234375
vt 0.921875 0.15234375
vt 0.921875 0.0546875
vt 0.859375 0.0546875
vt 0.85546875 0.15234375
vt 0.859375 0.15234375
vt 0.859375 0.0546875
vt 0.85546875 0.0546875
vt 0.92578125 0.15234375
vt 0.98828125 0.15234375
vt 0.98828125 0.0546875
vt 0.92578125 0.0546875
vt 0.921875 0.15234375
vt 0.92578125 0.15234375
vt 0.92578125 0.0546875
vt 0.921875 0.0546875
vt 0.921875 0.15234375
vt 0.859375 0.15234375
vt 0.859375 0.15625
vt 0.921875 0.15625
vt 0.984375 0.15625
vt 0.921875 0.15625
vt 0.921875 0.15234375
vt 0.984375 0.15234375
vn 0.7071067811865476 0 -0.7071067811865475
vn 0.7071067811865475 0 0.7071067811865476
vn -0.7071067811865476 0 0.7071067811865475
vn -0.7071067811865475 0 -0.7071067811865476
vn 0 1 0
vn 0 -1 0
usemtl m_78259a52-36d1-b55a-1736-85a769a7346c
f 708/1820/455 711/1819/455 709/1818/455 706/1817/455
f 707/1824/456 708/1823/456 706/1822/456 705/1821/456
f 712/1828/457 707/1827/457 705/1826/457 710/1825/457
f 711/1832/458 712/1831/458 710/1830/458 709/1829/458
f 710/1836/459 705/1835/459 706/1834/459 709/1833/459
f 711/1840/460 708/1839/460 707/1838/460 712/1837/460
o cube
v -0.22896885284376323 3.580309375 1.0113833562292107
v -0.20505113832094513 3.580309375 0.9536408854472553
v -0.22896885284376323 2.017809375 1.0113833562292107
v -0.20505113832094513 2.017809375 0.9536408854472553
v -1.128930670832232 3.580309375 0.5709574530821656
v -1.15284838535505 3.580309375 0.6286999238641211
v -1.128930670832232 2.017809375 0.5709574530821656
v -1.15284838535505 2.017809375 0.6286999238641211
vt 0.921875 0.15234375
vt 0.859375 0.15234375
vt 0.859375 0.0546875
vt 0.921875 0.0546875
vt 0.92578125 0.15234375
vt 0.921875 0.15234375
vt 0.921875 0.0546875
vt 0.92578125 0.0546875
vt 0.98828125 0.15234375
vt 0.92578125 0.15234375
vt 0.92578125 0.0546875
vt 0.98828125 0.0546875
vt 0.859375 0.15234375
vt 0.85546875 0.15234375
vt 0.85546875 0.0546875
vt 0.859375 0.0546875
vt 0.859375 0.15234375
vt 0.921875 0.15234375
vt 0.921875 0.15625
vt 0.859375 0.15625
vt 0.921875 0.15625
vt 0.984375 0.15625
vt 0.984375 0.15234375
vt 0.921875 0.15234375
vn 0.3826834323650897 0 -0.9238795325112867
vn 0.9238795325112867 0 0.3826834323650897
vn -0.3826834323650897 0 0.9238795325112867
vn -0.9238795325112867 0 -0.3826834323650897
vn 0 1 0
vn 0 -1 0
usemtl m_78259a52-36d1-b55a-1736-85a769a7346c
f 716/1844/461 719/1843/461 717/1842/461 714/1841/461
f 715/1848/462 716/1847/462 714/1846/462 713/1845/462
f 720/1852/463 715/1851/463 713/1850/463 718/1849/463
f 719/1856/464 720/1855/464 718/1854/464 717/1853/464
f 718/1860/465 713/1859/465 714/1858/465 717/1857/465
f 719/1864/466 716/1863/466 715/1862/466 720/1861/466
o cube
v 0.5 3.586293125 0.955869375
v 0.5 3.586293125 0.893369375
v 0.5 3.461293125 0.955869375
v 0.5 3.461293125 0.893369375
v 0.125 3.586293125 0.893369375
v 0.125 3.586293125 0.955869375
v 0.125 3.461293125 0.893369375
v 0.125 3.461293125 0.955869375
vt 0.45703125 0.765625
vt 0.48046875 0.765625
vt 0.48046875 0.7578125
vt 0.45703125 0.7578125
vt 0.453125 0.765625
vt 0.45703125 0.765625
vt 0.45703125 0.7578125
vt 0.453125 0.7578125
vt 0.48046875 0.765625
vt 0.484375 0.765625
vt 0.484375 0.7578125
vt 0.48046875 0.7578125
vt 0.48046875 0.765625
vt 0.45703125 0.765625
vt 0.45703125 0.76953125
vt 0.48046875 0.76953125
vt 0.50390625 0.76953125
vt 0.48046875 0.76953125
vt 0.48046875 0.765625
vt 0.50390625 0.765625
vn 0 0 -1
vn 1 0 0
vn -1 0 0
vn 0 1 0
vn 0 -1 0
usemtl m_78259a52-36d1-b55a-1736-85a769a7346c
f 724/1868/467 727/1867/467 725/1866/467 722/1865/467
f 723/1872/468 724/1871/468 722/1870/468 721/1869/468
f 727/1876/469 728/1875/469 726/1874/469 725/1873/469
f 726/1880/470 721/1879/470 722/1878/470 725/1877/470
f 727/1884/471 724/1883/471 723/1882/471 728/1881/471
o cube
v 0.5625 3.336293125 0.955869375
v 0.5625 3.336293125 0.893369375
v 0.5625 3.211293125 0.955869375
v 0.5625 3.211293125 0.893369375
v 0.125 3.336293125 0.893369375
v 0.125 3.336293125 0.955869375
v 0.125 3.211293125 0.893369375
v 0.125 3.211293125 0.955869375
vt 0.4921875 0.984375
vt 0.46484375 0.984375
vt 0.46484375 0.9765625
vt 0.4921875 0.9765625
vt 0.49609375 0.984375
vt 0.4921875 0.984375
vt 0.4921875 0.9765625
vt 0.49609375 0.9765625
vt 0.5234375 0.984375
vt 0.49609375 0.984375
vt 0.49609375 0.9765625
vt 0.5234375 0.9765625
vt 0.46484375 0.984375
vt 0.4609375 0.984375
vt 0.4609375 0.9765625
vt 0.46484375 0.9765625
vt 0.46484375 0.984375
vt 0.4921875 0.984375
vt 0.4921875 0.98828125
vt 0.46484375 0.98828125
vt 0.4921875 0.98828125
vt 0.51953125 0.98828125
vt 0.51953125 0.984375
vt 0.4921875 0.984375
vn 0 0 -1
vn 1 0 0
vn 0 0 1
vn -1 0 0
vn 0 1 0
vn 0 -1 0
usemtl m_78259a52-36d1-b55a-1736-85a769a7346c
f 732/1888/472 735/1887/472 733/1886/472 730/1885/472
f 731/1892/473 732/1891/473 730/1890/473 729/1889/473
f 736/1896/474 731/1895/474 729/1894/474 734/1893/474
f 735/1900/475 736/1899/475 734/1898/475 733/1897/475
f 734/1904/476 729/1903/476 730/1902/476 733/1901/476
f 735/1908/477 732/1907/477 731/1906/477 736/1905/477
o cube
v 0.5 3.086293125 0.955869375
v 0.5 3.086293125 0.893369375
v 0.5 2.961293125 0.955869375
v 0.5 2.961293125 0.893369375
v 0.125 3.086293125 0.893369375
v 0.125 3.086293125 0.955869375
v 0.125 2.961293125 0.893369375
v 0.125 2.961293125 0.955869375
vt 0.46484375 0.99609375
vt 0.48828125 0.99609375
vt 0.48828125 0.98828125
vt 0.46484375 0.98828125
vt 0.4609375 0.99609375
vt 0.46484375 0.99609375
vt 0.46484375 0.98828125
vt 0.4609375 0.98828125
vt 0.4921875 0.99609375
vt 0.515625 0.99609375
vt 0.515625 0.98828125
vt 0.4921875 0.98828125
vt 0.48828125 0.99609375
vt 0.4921875 0.99609375
vt 0.4921875 0.98828125
vt 0.48828125 0.98828125
vt 0.48828125 0.99609375
vt 0.46484375 0.99609375
vt 0.46484375 1
vt 0.48828125 1
vt 0.51171875 1
vt 0.48828125 1
vt 0.48828125 0.99609375
vt 0.51171875 0.99609375
vn 0 0 -1
vn 1 0 0
vn 0 0 1
vn -1 0 0
vn 0 1 0
vn 0 -1 0
usemtl m_78259a52-36d1-b55a-1736-85a769a7346c
f 740/1912/478 743/1911/478 741/1910/478 738/1909/478
f 739/1916/479 740/1915/479 738/1914/479 737/1913/479
f 744/1920/480 739/1919/480 737/1918/480 742/1917/480
f 743/1924/481 744/1923/481 742/1922/481 741/1921/481
f 742/1928/482 737/1927/482 738/1926/482 741/1925/482
f 743/1932/483 740/1931/483 739/1930/483 744/1929/483
o cube
v 0.99967375 3.76959375 1.1759875
v 0.99967375 3.76959375 1.1134875
v 0.99967375 3.08209375 1.1759875
v 0.99967375 3.08209375 1.1134875
v 0.12467375000000003 3.76959375 1.1134875
v 0.12467375000000003 3.76959375 1.1759875
v 0.12467375000000003 3.08209375 1.1134875
v 0.12467375000000003 3.08209375 1.1759875
vt 0.26953125 0.87109375
vt 0.21484375 0.87109375
vt 0.21484375 0.828125
vt 0.26953125 0.828125
vt 0.2734375 0.87109375
vt 0.26953125 0.87109375
vt 0.26953125 0.828125
vt 0.2734375 0.828125
vt 0.328125 0.87109375
vt 0.2734375 0.87109375
vt 0.2734375 0.828125
vt 0.328125 0.828125
vt 0.21484375 0.87109375
vt 0.2109375 0.87109375
vt 0.2109375 0.828125
vt 0.21484375 0.828125
vt 0.21484375 0.87109375
vt 0.26953125 0.87109375
vt 0.26953125 0.875
vt 0.21484375 0.875
vt 0.26953125 0.875
vt 0.32421875 0.875
vt 0.32421875 0.87109375
vt 0.26953125 0.87109375
vn 0 0 -1
vn 1 0 0
vn 0 0 1
vn -1 0 0
vn 0 1 0
vn 0 -1 0
usemtl m_78259a52-36d1-b55a-1736-85a769a7346c
f 748/1936/484 751/1935/484 749/1934/484 746/1933/484
f 747/1940/485 748/1939/485 746/1938/485 745/1937/485
f 752/1944/486 747/1943/486 745/1942/486 750/1941/486
f 751/1948/487 752/1947/487 750/1946/487 749/1945/487
f 750/1952/488 745/1951/488 746/1950/488 749/1949/488
f 751/1956/489 748/1955/489 747/1954/489 752/1953/489
o cube
v 0.7974012500000001 3.42442125 1.2286
v 0.7974012500000001 3.42442125 1.1661
v 0.7974012500000001 2.92442125 1.2286
v 0.7974012500000001 2.92442125 1.1661
v 0.10990125 3.42442125 1.1661
v 0.10990125 3.42442125 1.2286
v 0.10990125 2.92442125 1.1661
v 0.10990125 2.92442125 1.2286
vt 0.34375 0.86328125
vt 0.30078125 0.86328125
vt 0.30078125 0.83203125
vt 0.34375 0.83203125
vt 0.34765625 0.86328125
vt 0.34375 0.86328125
vt 0.34375 0.83203125
vt 0.34765625 0.83203125
vt 0.390625 0.86328125
vt 0.34765625 0.86328125
vt 0.34765625 0.83203125
vt 0.390625 0.83203125
vt 0.30078125 0.86328125
vt 0.296875 0.86328125
vt 0.296875 0.83203125
vt 0.30078125 0.83203125
vt 0.30078125 0.86328125
vt 0.34375 0.86328125
vt 0.34375 0.8671875
vt 0.30078125 0.8671875
vt 0.34375 0.8671875
vt 0.38671875 0.8671875
vt 0.38671875 0.86328125
vt 0.34375 0.86328125
vn 0 0 -1
vn 1 0 0
vn 0 0 1
vn -1 0 0
vn 0 1 0
vn 0 -1 0
usemtl m_78259a52-36d1-b55a-1736-85a769a7346c
f 756/1960/490 759/1959/490 757/1958/490 754/1957/490
f 755/1964/491 756/1963/491 754/1962/491 753/1961/491
f 760/1968/492 755/1967/492 753/1966/492 758/1965/492
f 759/1972/493 760/1971/493 758/1970/493 757/1969/493
f 758/1976/494 753/1975/494 754/1974/494 757/1973/494
f 759/1980/495 756/1979/495 755/1978/495 760/1977/495
o cube
v 1.15284838535505 3.580309375 0.6286999238641211
v 1.128930670832232 3.580309375 0.5709574530821656
v 1.15284838535505 2.017809375 0.6286999238641211
v 1.128930670832232 2.017809375 0.5709574530821656
v 0.20505113832094513 3.580309375 0.9536408854472553
v 0.22896885284376323 3.580309375 1.0113833562292107
v 0.20505113832094513 2.017809375 0.9536408854472553
v 0.22896885284376323 2.017809375 1.0113833562292107
vt 0.859375 0.15234375
vt 0.921875 0.15234375
vt 0.921875 0.0546875
vt 0.859375 0.0546875
vt 0.85546875 0.15234375
vt 0.859375 0.15234375
vt 0.859375 0.0546875
vt 0.85546875 0.0546875
vt 0.92578125 0.15234375
vt 0.98828125 0.15234375
vt 0.98828125 0.0546875
vt 0.92578125 0.0546875
vt 0.921875 0.15234375
vt 0.92578125 0.15234375
vt 0.92578125 0.0546875
vt 0.921875 0.0546875
vt 0.921875 0.15234375
vt 0.859375 0.15234375
vt 0.859375 0.15625
vt 0.921875 0.15625
vt 0.984375 0.15625
vt 0.921875 0.15625
vt 0.921875 0.15234375
vt 0.984375 0.15234375
vn -0.3826834323650897 0 -0.9238795325112867
vn 0.9238795325112867 0 -0.3826834323650897
vn 0.3826834323650897 0 0.9238795325112867
vn -0.9238795325112867 0 0.3826834323650897
vn 0 1 0
vn 0 -1 0
usemtl m_78259a52-36d1-b55a-1736-85a769a7346c
f 764/1984/496 767/1983/496 765/1982/496 762/1981/496
f 763/1988/497 764/1987/497 762/1986/497 761/1985/497
f 768/1992/498 763/1991/498 761/1990/498 766/1989/498
f 767/1996/499 768/1995/499 766/1994/499 765/1993/499
f 766/2000/500 761/1999/500 762/1998/500 765/1997/500
f 767/2004/501 764/2003/501 763/2002/501 768/2001/501
o cube
v -2.57834375 3.87968 0.953810625
v -2.57834375 3.87968 0.641310625
v -2.57834375 3.56718 0.953810625
v -2.57834375 3.56718 0.641310625
v -2.89084375 3.87968 0.641310625
v -2.89084375 3.87968 0.953810625
v -2.89084375 3.56718 0.641310625
v -2.89084375 3.56718 0.953810625
vt 0.1484375 0.72265625
vt 0.12890625 0.72265625
vt 0.12890625 0.703125
vt 0.1484375 0.703125
vt 0.16796875 0.72265625
vt 0.1484375 0.72265625
vt 0.1484375 0.703125
vt 0.16796875 0.703125
vt 0.1875 0.72265625
vt 0.16796875 0.72265625
vt 0.16796875 0.703125
vt 0.1875 0.703125
vt 0.12890625 0.72265625
vt 0.109375 0.72265625
vt 0.109375 0.703125
vt 0.12890625 0.703125
vt 0.12890625 0.72265625
vt 0.1484375 0.72265625
vt 0.1484375 0.7421875
vt 0.12890625 0.7421875
vt 0.1484375 0.7421875
vt 0.16796875 0.7421875
vt 0.16796875 0.72265625
vt 0.1484375 0.72265625
vn 0 0 -1
vn 1 0 0
vn 0 0 1
vn -1 0 0
vn 0 1 0
vn 0 -1 0
usemtl m_78259a52-36d1-b55a-1736-85a769a7346c
f 772/2008/502 775/2007/502 773/2006/502 770/2005/502
f 771/2012/503 772/2011/503 770/2010/503 769/2009/503
f 776/2016/504 771/2015/504 769/2014/504 774/2013/504
f 775/2020/505 776/2019/505 774/2018/505 773/2017/505
f 774/2024/506 769/2023/506 770/2022/506 773/2021/506
f 775/2028/507 772/2027/507 771/2026/507 776/2025/507
o cube
v -1.3283437500000002 3.81718 0.891310625
v -1.3283437500000002 3.81718 0.703810625
v -1.3283437500000002 3.62968 0.891310625
v -1.3283437500000002 3.62968 0.703810625
v -2.89084375 3.81718 0.703810625
v -2.89084375 3.81718 0.891310625
v -2.89084375 3.62968 0.703810625
v -2.89084375 3.62968 0.891310625
vt 0.10937500000000001 0.98828125
vt 0.01171875 0.98828125
vt 0.01171875 0.9765625
vt 0.10937500000000001 0.9765625
vt 0.21875000000000003 0.98828125
vt 0.12109375000000001 0.98828125
vt 0.12109375000000001 0.9765625
vt 0.21875000000000003 0.9765625
vt 0.01171875 0.98828125
vt 0.10937500000000001 0.98828125
vt 0.10937500000000001 1
vt 0.01171875 1
vt 0.10937500000000001 1
vt 0.20703125000000003 1
vt 0.20703125000000003 0.98828125
vt 0.10937500000000001 0.98828125
vn 0 0 -1
vn 0 0 1
vn 0 1 0
vn 0 -1 0
usemtl m_78259a52-36d1-b55a-1736-85a769a7346c
f 780/2032/508 783/2031/508 781/2030/508 778/2029/508
f 784/2036/509 779/2035/509 777/2034/509 782/2033/509
f 782/2040/510 777/2039/510 778/2038/510 781/2037/510
f 783/2044/511 780/2043/511 779/2042/511 784/2041/511
o cube
v -1.20334375 3.87968 0.953810625
v -1.20334375 3.87968 0.641310625
v -1.20334375 3.56718 0.953810625
v -1.20334375 3.56718 0.641310625
v -1.51584375 3.87968 0.641310625
v -1.51584375 3.87968 0.953810625
v -1.51584375 3.56718 0.641310625
v -1.51584375 3.56718 0.953810625
vt 0.28515625 0.7265625
vt 0.265625 0.7265625
vt 0.265625 0.70703125
vt 0.28515625 0.70703125
vt 0.3046875 0.7265625
vt 0.28515625 0.7265625
vt 0.28515625 0.70703125
vt 0.3046875 0.70703125
vt 0.32421875 0.7265625
vt 0.3046875 0.7265625
vt 0.3046875 0.70703125
vt 0.32421875 0.70703125
vt 0.265625 0.7265625
vt 0.24609375 0.7265625
vt 0.24609375 0.70703125
vt 0.265625 0.70703125
vt 0.265625 0.7265625
vt 0.28515625 0.7265625
vt 0.28515625 0.74609375
vt 0.265625 0.74609375
vt 0.28515625 0.74609375
vt 0.3046875 0.74609375
vt 0.3046875 0.7265625
vt 0.28515625 0.7265625
vn 0 0 -1
vn 1 0 0
vn 0 0 1
vn -1 0 0
vn 0 1 0
vn 0 -1 0
usemtl m_78259a52-36d1-b55a-1736-85a769a7346c
f 788/2048/512 791/2047/512 789/2046/512 786/2045/512
f 787/2052/513 788/2051/513 786/2050/513 785/2049/513
f 792/2056/514 787/2055/514 785/2054/514 790/2053/514
f 791/2060/515 792/2059/515 790/2058/515 789/2057/515
f 790/2064/516 785/2063/516 786/2062/516 789/2061/516
f 791/2068/517 788/2067/517 787/2066/517 792/2065/517
o cube
v -3.14084375 3.87968 0.953810625
v -3.14084375 3.87968 0.578810625
v -3.14084375 3.62968 0.953810625
v -3.14084375 3.62968 0.578810625
v -3.39084375 3.87968 0.578810625
v -3.39084375 3.87968 0.953810625
v -3.39084375 3.62968 0.578810625
v -3.39084375 3.62968 0.953810625
vt 0.26953125 0.828125
vt 0.25390625 0.828125
vt 0.25390625 0.8125
vt 0.26953125 0.8125
vt 0.29296875 0.828125
vt 0.26953125 0.828125
vt 0.26953125 0.8125
vt 0.29296875 0.8125
vt 0.30859375 0.828125
vt 0.29296875 0.828125
vt 0.29296875 0.8125
vt 0.30859375 0.8125
vt 0.25390625 0.828125
vt 0.23046875 0.828125
vt 0.23046875 0.8125
vt 0.25390625 0.8125
vt 0.25390625 0.828125
vt 0.26953125 0.828125
vt 0.26953125 0.8515625
vt 0.25390625 0.8515625
vt 0.26953125 0.8515625
vt 0.28515625 0.8515625
vt 0.28515625 0.828125
vt 0.26953125 0.828125
vn 0 0 -1
vn 1 0 0
vn 0 0 1
vn -1 0 0
vn 0 1 0
vn 0 -1 0
usemtl m_78259a52-36d1-b55a-1736-85a769a7346c
f 796/2072/518 799/2071/518 797/2070/518 794/2069/518
f 795/2076/519 796/2075/519 794/2074/519 793/2073/519
f 800/2080/520 795/2079/520 793/2078/520 798/2077/520
f 799/2084/521 800/2083/521 798/2082/521 797/2081/521
f 798/2088/522 793/2087/522 794/2086/522 797/2085/522
f 799/2092/523 796/2091/523 795/2090/523 800/2089/523
o cube
v -3.32834375 3.81718 0.891310625
v -3.32834375 3.81718 0.766310625
v -3.32834375 3.69218 0.891310625
v -3.32834375 3.69218 0.766310625
v -4.70334375 3.81718 0.766310625
v -4.70334375 3.81718 0.891310625
v -4.70334375 3.69218 0.766310625
v -4.70334375 3.69218 0.891310625
vt 0.09375 0.9375
vt 0.0078125 0.9375
vt 0.0078125 0.9296875
vt 0.09375 0.9296875
vt 0.1875 0.9375
vt 0.1015625 0.9375
vt 0.1015625 0.9296875
vt 0.1875 0.9296875
vt 0.0078125 0.9375
vt 0.09375 0.9375
vt 0.09375 0.9453125
vt 0.0078125 0.9453125
vt 0.09375 0.9453125
vt 0.1796875 0.9453125
vt 0.1796875 0.9375
vt 0.09375 0.9375
vn 0 0 -1
vn 0 0 1
vn 0 1 0
vn 0 -1 0
usemtl m_78259a52-36d1-b55a-1736-85a769a7346c
f 804/2096/524 807/2095/524 805/2094/524 802/2093/524
f 808/2100/525 803/2099/525 801/2098/525 806/2097/525
f 806/2104/526 801/2103/526 802/2102/526 805/2101/526
f 807/2108/527 804/2107/527 803/2106/527 808/2105/527
o cube
v -3.39084375 3.87968 0.641310625
v -3.39084375 3.87968 0.578810625
v -3.39084375 3.81718 0.641310625
v -3.39084375 3.81718 0.578810625
v -4.70334375 3.87968 0.578810625
v -4.70334375 3.87968 0.641310625
v -4.70334375 3.81718 0.578810625
v -4.70334375 3.81718 0.641310625
vt 0.1484375 0.91015625
vt 0.06640625 0.91015625
vt 0.06640625 0.90625
vt 0.1484375 0.90625
vt 0.234375 0.91015625
vt 0.15234375 0.91015625
vt 0.15234375 0.90625
vt 0.234375 0.90625
vt 0.06640625 0.91015625
vt 0.1484375 0.91015625
vt 0.1484375 0.9140625
vt 0.06640625 0.9140625
vt 0.1484375 0.9140625
vt 0.23046875 0.9140625
vt 0.23046875 0.91015625
vt 0.1484375 0.91015625
vn 0 0 -1
vn 0 0 1
vn 0 1 0
vn 0 -1 0
usemtl m_78259a52-36d1-b55a-1736-85a769a7346c
f 812/2112/528 815/2111/528 813/2110/528 810/2109/528
f 816/2116/529 811/2115/529 809/2114/529 814/2113/529
f 814/2120/530 809/2119/530 810/2118/530 813/2117/530
f 815/2124/531 812/2123/531 811/2122/531 816/2121/531
o cube
v -4.64084375 3.87968 0.953810625
v -4.64084375 3.87968 0.578810625
v -4.64084375 3.62968 0.953810625
v -4.64084375 3.62968 0.578810625
v -4.82834375 3.87968 0.578810625
v -4.82834375 3.87968 0.953810625
v -4.82834375 3.62968 0.578810625
v -4.82834375 3.62968 0.953810625
vt 0.38671875 0.8359375
vt 0.375 0.8359375
vt 0.375 0.8203125
vt 0.38671875 0.8203125
vt 0.41015625 0.8359375
vt 0.38671875 0.8359375
vt 0.38671875 0.8203125
vt 0.41015625 0.8203125
vt 0.421875 0.8359375
vt 0.41015625 0.8359375
vt 0.41015625 0.8203125
vt 0.421875 0.8203125
vt 0.375 0.8359375
vt 0.3515625 0.8359375
vt 0.3515625 0.8203125
vt 0.375 0.8203125
vt 0.375 0.8359375
vt 0.38671875 0.8359375
vt 0.38671875 0.859375
vt 0.375 0.859375
vt 0.38671875 0.859375
vt 0.3984375 0.859375
vt 0.3984375 0.8359375
vt 0.38671875 0.8359375
vn 0 0 -1
vn 1 0 0
vn 0 0 1
vn -1 0 0
vn 0 1 0
vn 0 -1 0
usemtl m_78259a52-36d1-b55a-1736-85a769a7346c
f 820/2128/532 823/2127/532 821/2126/532 818/2125/532
f 819/2132/533 820/2131/533 818/2130/533 817/2129/533
f 824/2136/534 819/2135/534 817/2134/534 822/2133/534
f 823/2140/535 824/2139/535 822/2138/535 821/2137/535
f 822/2144/536 817/2143/536 818/2142/536 821/2141/536
f 823/2148/537 820/2147/537 819/2146/537 824/2145/537
o cube
v -5.14795 3.8125 1.022138125
v -5.14795 3.8125 0.7096381249999999
v -5.14795 3.6875 1.022138125
v -5.14795 3.6875 0.7096381249999999
v -5.46045 3.8125 0.7096381249999999
v -5.46045 3.8125 1.022138125
v -5.46045 3.6875 0.7096381249999999
v -5.46045 3.6875 1.022138125
vt 0.2578125 0.4140625
vt 0.27734375 0.4140625
vt 0.27734375 0.40625
vt 0.2578125 0.40625
vt 0.23828125 0.4140625
vt 0.2578125 0.4140625
vt 0.2578125 0.40625
vt 0.23828125 0.40625
vt 0.296875 0.4140625
vt 0.31640625 0.4140625
vt 0.31640625 0.40625
vt 0.296875 0.40625
vt 0.27734375 0.4140625
vt 0.296875 0.4140625
vt 0.296875 0.40625
vt 0.27734375 0.40625
vt 0.27734375 0.4140625
vt 0.2578125 0.4140625
vt 0.2578125 0.43359375
vt 0.27734375 0.43359375
vt 0.296875 0.43359375
vt 0.27734375 0.43359375
vt 0.27734375 0.4140625
vt 0.296875 0.4140625
vn 0 0 -1
vn 1 0 0
vn 0 0 1
vn -1 0 0
vn 0 1 0
vn 0 -1 0
usemtl m_78259a52-36d1-b55a-1736-85a769a7346c
f 828/2152/538 831/2151/538 829/2150/538 826/2149/538
f 827/2156/539 828/2155/539 826/2154/539 825/2153/539
f 832/2160/540 827/2159/540 825/2158/540 830/2157/540
f 831/2164/541 832/2163/541 830/2162/541 829/2161/541
f 830/2168/542 825/2167/542 826/2166/542 829/2165/542
f 831/2172/543 828/2171/543 827/2170/543 832/2169/543
o cube
v -5.52295 3.8125 0.834638125
v -5.52295 3.8125 0.647138125
v -5.52295 3.6875 0.834638125
v -5.52295 3.6875 0.647138125
v -5.64795 3.8125 0.647138125
v -5.64795 3.8125 0.834638125
v -5.64795 3.6875 0.647138125
v -5.64795 3.6875 0.834638125
vt 0.33984375 0.484375
vt 0.34765625 0.484375
vt 0.34765625 0.4765625
vt 0.33984375 0.4765625
vt 0.328125 0.484375
vt 0.33984375 0.484375
vt 0.33984375 0.4765625
vt 0.328125 0.4765625
vt 0.359375 0.484375
vt 0.3671875 0.484375
vt 0.3671875 0.4765625
vt 0.359375 0.4765625
vt 0.34765625 0.484375
vt 0.359375 0.484375
vt 0.359375 0.4765625
vt 0.34765625 0.4765625
vt 0.34765625 0.484375
vt 0.33984375 0.484375
vt 0.33984375 0.49609375
vt 0.34765625 0.49609375
vt 0.35546875 0.49609375
vt 0.34765625 0.49609375
vt 0.34765625 0.484375
vt 0.35546875 0.484375
vn 0 0 -1
vn 1 0 0
vn 0 0 1
vn -1 0 0
vn 0 1 0
vn 0 -1 0
usemtl m_78259a52-36d1-b55a-1736-85a769a7346c
f 836/2176/544 839/2175/544 837/2174/544 834/2173/544
f 835/2180/545 836/2179/545 834/2178/545 833/2177/545
f 840/2184/546 835/2183/546 833/2182/546 838/2181/546
f 839/2188/547 840/2187/547 838/2186/547 837/2185/547
f 838/2192/548 833/2191/548 834/2190/548 837/2189/548
f 839/2196/549 836/2195/549 835/2194/549 840/2193/549
o cube
v -5.14795 3.8125 0.584638125
v -5.14795 3.8125 0.397138125
v -5.14795 3.6875 0.584638125
v -5.14795 3.6875 0.397138125
v -5.27295 3.8125 0.397138125
v -5.27295 3.8125 0.584638125
v -5.27295 3.6875 0.397138125
v -5.27295 3.6875 0.584638125
vt 0.33984375 0.484375
vt 0.34765625 0.484375
vt 0.34765625 0.4765625
vt 0.33984375 0.4765625
vt 0.328125 0.484375
vt 0.33984375 0.484375
vt 0.33984375 0.4765625
vt 0.328125 0.4765625
vt 0.359375 0.484375
vt 0.3671875 0.484375
vt 0.3671875 0.4765625
vt 0.359375 0.4765625
vt 0.34765625 0.484375
vt 0.359375 0.484375
vt 0.359375 0.4765625
vt 0.34765625 0.4765625
vt 0.34765625 0.484375
vt 0.33984375 0.484375
vt 0.33984375 0.49609375
vt 0.34765625 0.49609375
vt 0.35546875 0.49609375
vt 0.34765625 0.49609375
vt 0.34765625 0.484375
vt 0.35546875 0.484375
vn 0 0 -1
vn 1 0 0
vn 0 0 1
vn -1 0 0
vn 0 1 0
vn 0 -1 0
usemtl m_78259a52-36d1-b55a-1736-85a769a7346c
f 844/2200/550 847/2199/550 845/2198/550 842/2197/550
f 843/2204/551 844/2203/551 842/2202/551 841/2201/551
f 848/2208/552 843/2207/552 841/2206/552 846/2205/552
f 847/2212/553 848/2211/553 846/2210/553 845/2209/553
f 846/2216/554 841/2215/554 842/2214/554 845/2213/554
f 847/2220/555 844/2219/555 843/2218/555 848/2217/555
o cube
v -5.21045 3.8125 1.334638125
v -5.21045 3.8125 1.084638125
v -5.21045 3.6875 1.334638125
v -5.21045 3.6875 1.084638125
v -5.46045 3.8125 1.084638125
v -5.46045 3.8125 1.334638125
v -5.46045 3.6875 1.084638125
v -5.46045 3.6875 1.334638125
vt 0.33203125 0.3515625
vt 0.34765625 0.3515625
vt 0.34765625 0.34375
vt 0.33203125 0.34375
vt 0.31640625 0.3515625
vt 0.33203125 0.3515625
vt 0.33203125 0.34375
vt 0.31640625 0.34375
vt 0.36328125 0.3515625
vt 0.37890625 0.3515625
vt 0.37890625 0.34375
vt 0.36328125 0.34375
vt 0.34765625 0.3515625
vt 0.36328125 0.3515625
vt 0.36328125 0.34375
vt 0.34765625 0.34375
vt 0.34765625 0.3515625
vt 0.33203125 0.3515625
vt 0.33203125 0.3671875
vt 0.34765625 0.3671875
vt 0.36328125 0.3671875
vt 0.34765625 0.3671875
vt 0.34765625 0.3515625
vt 0.36328125 0.3515625
vn 0 0 -1
vn 1 0 0
vn 0 0 1
vn -1 0 0
vn 0 1 0
vn 0 -1 0
usemtl m_78259a52-36d1-b55a-1736-85a769a7346c
f 852/2224/556 855/2223/556 853/2222/556 850/2221/556
f 851/2228/557 852/2227/557 850/2226/557 849/2225/557
f 856/2232/558 851/2231/558 849/2230/558 854/2229/558
f 855/2236/559 856/2235/559 854/2234/559 853/2233/559
f 854/2240/560 849/2239/560 850/2238/560 853/2237/560
f 855/2244/561 852/2243/561 851/2242/561 856/2241/561
o cube
v -4.96045 3.8125 1.147138125
v -4.96045 3.8125 0.9596381249999999
v -4.96045 3.6875 1.147138125
v -4.96045 3.6875 0.9596381249999999
v -5.08545 3.8125 0.9596381249999999
v -5.08545 3.8125 1.147138125
v -5.08545 3.6875 0.9596381249999999
v -5.08545 3.6875 1.147138125
vt 0.25390625 0.40234375
vt 0.26171875 0.40234375
vt 0.26171875 0.39453125
vt 0.25390625 0.39453125
vt 0.2421875 0.40234375
vt 0.25390625 0.40234375
vt 0.25390625 0.39453125
vt 0.2421875 0.39453125
vt 0.2734375 0.40234375
vt 0.28125 0.40234375
vt 0.28125 0.39453125
vt 0.2734375 0.39453125
vt 0.26171875 0.40234375
vt 0.2734375 0.40234375
vt 0.2734375 0.39453125
vt 0.26171875 0.39453125
vt 0.26171875 0.40234375
vt 0.25390625 0.40234375
vt 0.25390625 0.4140625
vt 0.26171875 0.4140625
vt 0.26953125 0.4140625
vt 0.26171875 0.4140625
vt 0.26171875 0.40234375
vt 0.26953125 0.40234375
vn 0 0 -1
vn 1 0 0
vn 0 0 1
vn -1 0 0
vn 0 1 0
vn 0 -1 0
usemtl m_78259a52-36d1-b55a-1736-85a769a7346c
f 860/2248/562 863/2247/562 861/2246/562 858/2245/562
f 859/2252/563 860/2251/563 858/2250/563 857/2249/563
f 864/2256/564 859/2255/564 857/2254/564 862/2253/564
f 863/2260/565 864/2259/565 862/2258/565 861/2257/565
f 862/2264/566 857/2263/566 858/2262/566 861/2261/566
f 863/2268/567 860/2267/567 859/2266/567 864/2265/567
o cube
v -4.96045 3.8125 0.772138125
v -4.96045 3.8125 0.584638125
v -4.96045 3.6875 0.772138125
v -4.96045 3.6875 0.584638125
v -5.08545 3.8125 0.584638125
v -5.08545 3.8125 0.772138125
v -5.08545 3.6875 0.584638125
v -5.08545 3.6875 0.772138125
vt 0.26171875 0.44140625
vt 0.26953125 0.44140625
vt 0.26953125 0.43359375
vt 0.26171875 0.43359375
vt 0.25 0.44140625
vt 0.26171875 0.44140625
vt 0.26171875 0.43359375
vt 0.25 0.43359375
vt 0.28125 0.44140625
vt 0.2890625 0.44140625
vt 0.2890625 0.43359375
vt 0.28125 0.43359375
vt 0.26953125 0.44140625
vt 0.28125 0.44140625
vt 0.28125 0.43359375
vt 0.26953125 0.43359375
vt 0.26953125 0.44140625
vt 0.26171875 0.44140625
vt 0.26171875 0.453125
vt 0.26953125 0.453125
vt 0.27734375 0.453125
vt 0.26953125 0.453125
vt 0.26953125 0.44140625
vt 0.27734375 0.44140625
vn 0 0 -1
vn 1 0 0
vn 0 0 1
vn -1 0 0
vn 0 1 0
vn 0 -1 0
usemtl m_78259a52-36d1-b55a-1736-85a769a7346c
f 868/2272/568 871/2271/568 869/2270/568 866/2269/568
f 867/2276/569 868/2275/569 866/2274/569 865/2273/569
f 872/2280/570 867/2279/570 865/2278/570 870/2277/570
f 871/2284/571 872/2283/571 870/2282/571 869/2281/571
f 870/2288/572 865/2287/572 866/2286/572 869/2285/572
f 871/2292/573 868/2291/573 867/2290/573 872/2289/573
o cube
v -5.96045 3.8125 1.397138125
v -5.96045 3.8125 1.209638125
v -5.96045 3.6875 1.397138125
v -5.96045 3.6875 1.209638125
v -6.08545 3.8125 1.209638125
v -6.08545 3.8125 1.397138125
v -6.08545 3.6875 1.209638125
v -6.08545 3.6875 1.397138125
vt 0.390625 0.2421875
vt 0.3984375 0.2421875
vt 0.3984375 0.234375
vt 0.390625 0.234375
vt 0.37890625 0.2421875
vt 0.390625 0.2421875
vt 0.390625 0.234375
vt 0.37890625 0.234375
vt 0.41015625 0.2421875
vt 0.41796875 0.2421875
vt 0.41796875 0.234375
vt 0.41015625 0.234375
vt 0.3984375 0.2421875
vt 0.41015625 0.2421875
vt 0.41015625 0.234375
vt 0.3984375 0.234375
vt 0.3984375 0.2421875
vt 0.390625 0.2421875
vt 0.390625 0.25390625
vt 0.3984375 0.25390625
vt 0.40625 0.25390625
vt 0.3984375 0.25390625
vt 0.3984375 0.2421875
vt 0.40625 0.2421875
vn 0 0 -1
vn 1 0 0
vn 0 0 1
vn -1 0 0
vn 0 1 0
vn 0 -1 0
usemtl m_78259a52-36d1-b55a-1736-85a769a7346c
f 876/2296/574 879/2295/574 877/2294/574 874/2293/574
f 875/2300/575 876/2299/575 874/2298/575 873/2297/575
f 880/2304/576 875/2303/576 873/2302/576 878/2301/576
f 879/2308/577 880/2307/577 878/2306/577 877/2305/577
f 878/2312/578 873/2311/578 874/2310/578 877/2309/578
f 879/2316/579 876/2315/579 875/2314/579 880/2313/579
o cube
v -6.27295 3.8125 1.397138125
v -6.27295 3.8125 1.209638125
v -6.27295 3.6875 1.397138125
v -6.27295 3.6875 1.209638125
v -6.39795 3.8125 1.209638125
v -6.39795 3.8125 1.397138125
v -6.39795 3.6875 1.209638125
v -6.39795 3.6875 1.397138125
vt 0.50390625 0.6015625
vt 0.51171875 0.6015625
vt 0.51171875 0.59375
vt 0.50390625 0.59375
vt 0.4921875 0.6015625
vt 0.50390625 0.6015625
vt 0.50390625 0.59375
vt 0.4921875 0.59375
vt 0.5234375 0.6015625
vt 0.53125 0.6015625
vt 0.53125 0.59375
vt 0.5234375 0.59375
vt 0.51171875 0.6015625
vt 0.50390625 0.6015625
vt 0.50390625 0.61328125
vt 0.51171875 0.61328125
vt 0.51953125 0.61328125
vt 0.51171875 0.61328125
vt 0.51171875 0.6015625
vt 0.51953125 0.6015625
vn 0 0 -1
vn 1 0 0
vn 0 0 1
vn 0 1 0
vn 0 -1 0
usemtl m_78259a52-36d1-b55a-1736-85a769a7346c
f 884/2320/580 887/2319/580 885/2318/580 882/2317/580
f 883/2324/581 884/2323/581 882/2322/581 881/2321/581
f 888/2328/582 883/2327/582 881/2326/582 886/2325/582
f 886/2332/583 881/2331/583 882/2330/583 885/2329/583
f 887/2336/584 884/2335/584 883/2334/584 888/2333/584
o cube
v -6.02295 3.8125 1.334638125
v -6.02295 3.8125 1.272138125
v -6.02295 3.6875 1.334638125
v -6.02295 3.6875 1.272138125
v -6.33545 3.8125 1.272138125
v -6.33545 3.8125 1.334638125
v -6.33545 3.6875 1.272138125
v -6.33545 3.6875 1.334638125
vt 0.40234375 0.50390625
vt 0.421875 0.50390625
vt 0.421875 0.49609375
vt 0.40234375 0.49609375
vt 0.42578125 0.50390625
vt 0.4453125 0.50390625
vt 0.4453125 0.49609375
vt 0.42578125 0.49609375
vt 0.421875 0.50390625
vt 0.40234375 0.50390625
vt 0.40234375 0.5078125
vt 0.421875 0.5078125
vt 0.44140625 0.5078125
vt 0.421875 0.5078125
vt 0.421875 0.50390625
vt 0.44140625 0.50390625
vn 0 0 -1
vn 0 0 1
vn 0 1 0
vn 0 -1 0
usemtl m_78259a52-36d1-b55a-1736-85a769a7346c
f 892/2340/585 895/2339/585 893/2338/585 890/2337/585
f 896/2344/586 891/2343/586 889/2342/586 894/2341/586
f 894/2348/587 889/2347/587 890/2346/587 893/2345/587
f 895/2352/588 892/2351/588 891/2350/588 896/2349/588
o cube
v -5.52295 3.8125 1.147138125
v -5.52295 3.8125 0.9596381249999999
v -5.52295 3.6875 1.147138125
v -5.52295 3.6875 0.9596381249999999
v -5.64795 3.8125 0.9596381249999999
v -5.64795 3.8125 1.147138125
v -5.64795 3.6875 0.9596381249999999
v -5.64795 3.6875 1.147138125
vt 0.33984375 0.484375
vt 0.34765625 0.484375
vt 0.34765625 0.4765625
vt 0.33984375 0.4765625
vt 0.328125 0.484375
vt 0.33984375 0.484375
vt 0.33984375 0.4765625
vt 0.328125 0.4765625
vt 0.359375 0.484375
vt 0.3671875 0.484375
vt 0.3671875 0.4765625
vt 0.359375 0.4765625
vt 0.34765625 0.484375
vt 0.359375 0.484375
vt 0.359375 0.4765625
vt 0.34765625 0.4765625
vt 0.34765625 0.484375
vt 0.33984375 0.484375
vt 0.33984375 0.49609375
vt 0.34765625 0.49609375
vt 0.35546875 0.49609375
vt 0.34765625 0.49609375
vt 0.34765625 0.484375
vt 0.35546875 0.484375
vn 0 0 -1
vn 1 0 0
vn 0 0 1
vn -1 0 0
vn 0 1 0
vn 0 -1 0
usemtl m_78259a52-36d1-b55a-1736-85a769a7346c
f 900/2356/589 903/2355/589 901/2354/589 898/2353/589
f 899/2360/590 900/2359/590 898/2358/590 897/2357/590
f 904/2364/591 899/2363/591 897/2362/591 902/2361/591
f 903/2368/592 904/2367/592 902/2366/592 901/2365/592
f 902/2372/593 897/2371/593 898/2370/593 901/2369/593
f 903/2376/594 900/2375/594 899/2374/594 904/2373/594
o cube
v -5.77295 3.8125 1.209638125
v -5.77295 3.8125 1.022138125
v -5.77295 3.6875 1.209638125
v -5.77295 3.6875 1.022138125
v -5.89795 3.8125 1.022138125
v -5.89795 3.8125 1.209638125
v -5.89795 3.6875 1.022138125
v -5.89795 3.6875 1.209638125
vt 0.33984375 0.484375
vt 0.34765625 0.484375
vt 0.34765625 0.4765625
vt 0.33984375 0.4765625
vt 0.328125 0.484375
vt 0.33984375 0.484375
vt 0.33984375 0.4765625
vt 0.328125 0.4765625
vt 0.359375 0.484375
vt 0.3671875 0.484375
vt 0.3671875 0.4765625
vt 0.359375 0.4765625
vt 0.34765625 0.484375
vt 0.359375 0.484375
vt 0.359375 0.4765625
vt 0.34765625 0.4765625
vt 0.34765625 0.484375
vt 0.33984375 0.484375
vt 0.33984375 0.49609375
vt 0.34765625 0.49609375
vt 0.35546875 0.49609375
vt 0.34765625 0.49609375
vt 0.34765625 0.484375
vt 0.35546875 0.484375
vn 0 0 -1
vn 1 0 0
vn 0 0 1
vn -1 0 0
vn 0 1 0
vn 0 -1 0
usemtl m_78259a52-36d1-b55a-1736-85a769a7346c
f 908/2380/595 911/2379/595 909/2378/595 906/2377/595
f 907/2384/596 908/2383/596 906/2382/596 905/2381/596
f 912/2388/597 907/2387/597 905/2386/597 910/2385/597
f 911/2392/598 912/2391/598 910/2390/598 909/2389/598
f 910/2396/599 905/2395/599 906/2394/599 909/2393/599
f 911/2400/600 908/2399/600 907/2398/600 912/2397/600
o cube
v -5.64795 3.8125 1.459638125
v -5.64795 3.8125 1.272138125
v -5.64795 3.6875 1.459638125
v -5.64795 3.6875 1.272138125
v -5.77295 3.8125 1.272138125
v -5.77295 3.8125 1.459638125
v -5.77295 3.6875 1.272138125
v -5.77295 3.6875 1.459638125
vt 0.28125 0.4296875
vt 0.2890625 0.4296875
vt 0.2890625 0.421875
vt 0.28125 0.421875
vt 0.26953125 0.4296875
vt 0.28125 0.4296875
vt 0.28125 0.421875
vt 0.26953125 0.421875
vt 0.30078125 0.4296875
vt 0.30859375 0.4296875
vt 0.30859375 0.421875
vt 0.30078125 0.421875
vt 0.2890625 0.4296875
vt 0.30078125 0.4296875
vt 0.30078125 0.421875
vt 0.2890625 0.421875
vt 0.2890625 0.4296875
vt 0.28125 0.4296875
vt 0.28125 0.44140625
vt 0.2890625 0.44140625
vt 0.296875 0.44140625
vt 0.2890625 0.44140625
vt 0.2890625 0.4296875
vt 0.296875 0.4296875
vn 0 0 -1
vn 1 0 0
vn 0 0 1
vn -1 0 0
vn 0 1 0
vn 0 -1 0
usemtl m_78259a52-36d1-b55a-1736-85a769a7346c
f 916/2404/601 919/2403/601 917/2402/601 914/2401/601
f 915/2408/602 916/2407/602 914/2406/602 913/2405/602
f 920/2412/603 915/2411/603 913/2410/603 918/2409/603
f 919/2416/604 920/2415/604 918/2414/604 917/2413/604
f 918/2420/605 913/2419/605 914/2418/605 917/2417/605
f 919/2424/606 916/2423/606 915/2422/606 920/2421/606
o cube
v -6.58545 3.8125 1.397138125
v -6.58545 3.8125 1.209638125
v -6.58545 3.6875 1.397138125
v -6.58545 3.6875 1.209638125
v -6.71045 3.8125 1.209638125
v -6.71045 3.8125 1.397138125
v -6.71045 3.6875 1.209638125
v -6.71045 3.6875 1.397138125
vt 0.53125 0.8984375
vt 0.5390625 0.8984375
vt 0.5390625 0.890625
vt 0.53125 0.890625
vt 0.55078125 0.8984375
vt 0.55859375 0.8984375
vt 0.55859375 0.890625
vt 0.55078125 0.890625
vt 0.5390625 0.8984375
vt 0.55078125 0.8984375
vt 0.55078125 0.890625
vt 0.5390625 0.890625
vt 0.5390625 0.8984375
vt 0.53125 0.8984375
vt 0.53125 0.91015625
vt 0.5390625 0.91015625
vt 0.546875 0.91015625
vt 0.5390625 0.91015625
vt 0.5390625 0.8984375
vt 0.546875 0.8984375
vn 0 0 -1
vn 0 0 1
vn -1 0 0
vn 0 1 0
vn 0 -1 0
usemtl m_78259a52-36d1-b55a-1736-85a769a7346c
f 924/2428/607 927/2427/607 925/2426/607 922/2425/607
f 928/2432/608 923/2431/608 921/2430/608 926/2429/608
f 927/2436/609 928/2435/609 926/2434/609 925/2433/609
f 926/2440/610 921/2439/610 922/2438/610 925/2437/610
f 927/2444/611 924/2443/611 923/2442/611 928/2441/611
o cube
v -6.89795 3.8125 1.397138125
v -6.89795 3.8125 1.209638125
v -6.89795 3.6875 1.397138125
v -6.89795 3.6875 1.209638125
v -7.02295 3.8125 1.209638125
v -7.02295 3.8125 1.397138125
v -7.02295 3.6875 1.209638125
v -7.02295 3.6875 1.397138125
vt 0.3828125 0.6953125
vt 0.390625 0.6953125
vt 0.390625 0.6875
vt 0.3828125 0.6875
vt 0.37109375 0.6953125
vt 0.3828125 0.6953125
vt 0.3828125 0.6875
vt 0.37109375 0.6875
vt 0.40234375 0.6953125
vt 0.41015625 0.6953125
vt 0.41015625 0.6875
vt 0.40234375 0.6875
vt 0.390625 0.6953125
vt 0.40234375 0.6953125
vt 0.40234375 0.6875
vt 0.390625 0.6875
vt 0.390625 0.6953125
vt 0.3828125 0.6953125
vt 0.3828125 0.70703125
vt 0.390625 0.70703125
vt 0.3984375 0.70703125
vt 0.390625 0.70703125
vt 0.390625 0.6953125
vt 0.3984375 0.6953125
vn 0 0 -1
vn 1 0 0
vn 0 0 1
vn -1 0 0
vn 0 1 0
vn 0 -1 0
usemtl m_78259a52-36d1-b55a-1736-85a769a7346c
f 932/2448/612 935/2447/612 933/2446/612 930/2445/612
f 931/2452/613 932/2451/613 930/2450/613 929/2449/613
f 936/2456/614 931/2455/614 929/2454/614 934/2453/614
f 935/2460/615 936/2459/615 934/2458/615 933/2457/615
f 934/2464/616 929/2463/616 930/2462/616 933/2461/616
f 935/2468/617 932/2467/617 931/2466/617 936/2465/617
o cube
v -6.71045 3.8125 1.334638125
v -6.71045 3.8125 1.272138125
v -6.71045 3.6875 1.334638125
v -6.71045 3.6875 1.272138125
v -6.89795 3.8125 1.272138125
v -6.89795 3.8125 1.334638125
v -6.89795 3.6875 1.272138125
v -6.89795 3.6875 1.334638125
vt 0.55078125 0.51953125
vt 0.5625 0.51953125
vt 0.5625 0.51171875
vt 0.55078125 0.51171875
vt 0.56640625 0.51953125
vt 0.578125 0.51953125
vt 0.578125 0.51171875
vt 0.56640625 0.51171875
vt 0.5625 0.51953125
vt 0.55078125 0.51953125
vt 0.55078125 0.5234375
vt 0.5625 0.5234375
vt 0.57421875 0.5234375
vt 0.5625 0.5234375
vt 0.5625 0.51953125
vt 0.57421875 0.51953125
vn 0 0 -1
vn 0 0 1
vn 0 1 0
vn 0 -1 0
usemtl m_78259a52-36d1-b55a-1736-85a769a7346c
f 940/2472/618 943/2471/618 941/2470/618 938/2469/618
f 944/2476/619 939/2475/619 937/2474/619 942/2473/619
f 942/2480/620 937/2479/620 938/2478/620 941/2477/620
f 943/2484/621 940/2483/621 939/2482/621 944/2481/621
o cube
v -6.21045 3.8125 0.272138125
v -6.21045 3.8125 0.209638125
v -6.21045 3.6875 0.272138125
v -6.21045 3.6875 0.209638125
v -6.52295 3.8125 0.209638125
v -6.52295 3.8125 0.272138125
v -6.52295 3.6875 0.209638125
v -6.52295 3.6875 0.272138125
vt 0.40234375 0.50390625
vt 0.421875 0.50390625
vt 0.421875 0.49609375
vt 0.40234375 0.49609375
vt 0.42578125 0.50390625
vt 0.4453125 0.50390625
vt 0.4453125 0.49609375
vt 0.42578125 0.49609375
vt 0.421875 0.50390625
vt 0.40234375 0.50390625
vt 0.40234375 0.5078125
vt 0.421875 0.5078125
vt 0.44140625 0.5078125
vt 0.421875 0.5078125
vt 0.421875 0.50390625
vt 0.44140625 0.50390625
vn 0 0 -1
vn 0 0 1
vn 0 1 0
vn 0 -1 0
usemtl m_78259a52-36d1-b55a-1736-85a769a7346c
f 948/2488/622 951/2487/622 949/2486/622 946/2485/622
f 952/2492/623 947/2491/623 945/2490/623 950/2489/623
f 950/2496/624 945/2495/624 946/2494/624 949/2493/624
f 951/2500/625 948/2499/625 947/2498/625 952/2497/625
o cube
v -6.46045 3.8125 0.334638125
v -6.46045 3.8125 0.147138125
v -6.46045 3.6875 0.334638125
v -6.46045 3.6875 0.147138125
v -6.58545 3.8125 0.147138125
v -6.58545 3.8125 0.334638125
v -6.58545 3.6875 0.147138125
v -6.58545 3.6875 0.334638125
vt 0.50390625 0.6015625
vt 0.51171875 0.6015625
vt 0.51171875 0.59375
vt 0.50390625 0.59375
vt 0.4921875 0.6015625
vt 0.50390625 0.6015625
vt 0.50390625 0.59375
vt 0.4921875 0.59375
vt 0.5234375 0.6015625
vt 0.53125 0.6015625
vt 0.53125 0.59375
vt 0.5234375 0.59375
vt 0.51171875 0.6015625
vt 0.50390625 0.6015625
vt 0.50390625 0.61328125
vt 0.51171875 0.61328125
vt 0.51953125 0.61328125
vt 0.51171875 0.61328125
vt 0.51171875 0.6015625
vt 0.51953125 0.6015625
vn 0 0 -1
vn 1 0 0
vn 0 0 1
vn 0 1 0
vn 0 -1 0
usemtl m_78259a52-36d1-b55a-1736-85a769a7346c
f 956/2504/626 959/2503/626 957/2502/626 954/2501/626
f 955/2508/627 956/2507/627 954/2506/627 953/2505/627
f 960/2512/628 955/2511/628 953/2510/628 958/2509/628
f 958/2516/629 953/2515/629 954/2514/629 957/2513/629
f 959/2520/630 956/2519/630 955/2518/630 960/2517/630
o cube
v -6.14795 3.8125 0.334638125
v -6.14795 3.8125 0.147138125
v -6.14795 3.6875 0.334638125
v -6.14795 3.6875 0.147138125
v -6.27295 3.8125 0.147138125
v -6.27295 3.8125 0.334638125
v -6.27295 3.6875 0.147138125
v -6.27295 3.6875 0.334638125
vt 0.41796875 0.4765625
vt 0.42578125 0.4765625
vt 0.42578125 0.46875
vt 0.41796875 0.46875
vt 0.40625 0.4765625
vt 0.41796875 0.4765625
vt 0.41796875 0.46875
vt 0.40625 0.46875
vt 0.4375 0.4765625
vt 0.4453125 0.4765625
vt 0.4453125 0.46875
vt 0.4375 0.46875
vt 0.42578125 0.4765625
vt 0.4375 0.4765625
vt 0.4375 0.46875
vt 0.42578125 0.46875
vt 0.42578125 0.4765625
vt 0.41796875 0.4765625
vt 0.41796875 0.48828125
vt 0.42578125 0.48828125
vt 0.43359375 0.48828125
vt 0.42578125 0.48828125
vt 0.42578125 0.4765625
vt 0.43359375 0.4765625
vn 0 0 -1
vn 1 0 0
vn 0 0 1
vn -1 0 0
vn 0 1 0
vn 0 -1 0
usemtl m_78259a52-36d1-b55a-1736-85a769a7346c
f 964/2524/631 967/2523/631 965/2522/631 962/2521/631
f 963/2528/632 964/2527/632 962/2526/632 961/2525/632
f 968/2532/633 963/2531/633 961/2530/633 966/2529/633
f 967/2536/634 968/2535/634 966/2534/634 965/2533/634
f 966/2540/635 961/2539/635 962/2538/635 965/2537/635
f 967/2544/636 964/2543/636 963/2542/636 968/2541/636
o cube
v -5.71045 3.8125 0.397138125
v -5.71045 3.8125 0.08463812500000001
v -5.71045 3.6875 0.397138125
v -5.71045 3.6875 0.08463812500000001
v -6.02295 3.8125 0.08463812500000001
v -6.02295 3.8125 0.397138125
v -6.02295 3.6875 0.08463812500000001
v -6.02295 3.6875 0.397138125
vt 0.421875 0.4140625
vt 0.44140625 0.4140625
vt 0.44140625 0.40625
vt 0.421875 0.40625
vt 0.40234375 0.4140625
vt 0.421875 0.4140625
vt 0.421875 0.40625
vt 0.40234375 0.40625
vt 0.4609375 0.4140625
vt 0.48046875 0.4140625
vt 0.48046875 0.40625
vt 0.4609375 0.40625
vt 0.44140625 0.4140625
vt 0.4609375 0.4140625
vt 0.4609375 0.40625
vt 0.44140625 0.40625
vt 0.44140625 0.4140625
vt 0.421875 0.4140625
vt 0.421875 0.43359375
vt 0.44140625 0.43359375
vt 0.4609375 0.43359375
vt 0.44140625 0.43359375
vt 0.44140625 0.4140625
vt 0.4609375 0.4140625
vn 0 0 -1
vn 1 0 0
vn 0 0 1
vn -1 0 0
vn 0 1 0
vn 0 -1 0
usemtl m_78259a52-36d1-b55a-1736-85a769a7346c
f 972/2548/637 975/2547/637 973/2546/637 970/2545/637
f 971/2552/638 972/2551/638 970/2550/638 969/2549/638
f 976/2556/639 971/2555/639 969/2554/639 974/2553/639
f 975/2560/640 976/2559/640 974/2558/640 973/2557/640
f 974/2564/641 969/2563/641 970/2562/641 973/2561/641
f 975/2568/642 972/2567/642 971/2566/642 976/2565/642
o cube
v -6.89795 3.8125 0.272138125
v -6.89795 3.8125 0.209638125
v -6.89795 3.6875 0.272138125
v -6.89795 3.6875 0.209638125
v -7.08545 3.8125 0.209638125
v -7.08545 3.8125 0.272138125
v -7.08545 3.6875 0.209638125
v -7.08545 3.6875 0.272138125
vt 0.55078125 0.51953125
vt 0.5625 0.51953125
vt 0.5625 0.51171875
vt 0.55078125 0.51171875
vt 0.56640625 0.51953125
vt 0.578125 0.51953125
vt 0.578125 0.51171875
vt 0.56640625 0.51171875
vt 0.5625 0.51953125
vt 0.55078125 0.51953125
vt 0.55078125 0.5234375
vt 0.5625 0.5234375
vt 0.57421875 0.5234375
vt 0.5625 0.5234375
vt 0.5625 0.51953125
vt 0.57421875 0.51953125
vn 0 0 -1
vn 0 0 1
vn 0 1 0
vn 0 -1 0
usemtl m_78259a52-36d1-b55a-1736-85a769a7346c
f 980/2572/643 983/2571/643 981/2570/643 978/2569/643
f 984/2576/644 979/2575/644 977/2574/644 982/2573/644
f 982/2580/645 977/2579/645 978/2578/645 981/2577/645
f 983/2584/646 980/2583/646 979/2582/646 984/2581/646
o cube
v -7.08545 3.8125 0.334638125
v -7.08545 3.8125 0.147138125
v -7.08545 3.6875 0.334638125
v -7.08545 3.6875 0.147138125
v -7.21045 3.8125 0.147138125
v -7.21045 3.8125 0.334638125
v -7.21045 3.6875 0.147138125
v -7.21045 3.6875 0.334638125
vt 0.3828125 0.6953125
vt 0.390625 0.6953125
vt 0.390625 0.6875
vt 0.3828125 0.6875
vt 0.37109375 0.6953125
vt 0.3828125 0.6953125
vt 0.3828125 0.6875
vt 0.37109375 0.6875
vt 0.40234375 0.6953125
vt 0.41015625 0.6953125
vt 0.41015625 0.6875
vt 0.40234375 0.6875
vt 0.390625 0.6953125
vt 0.40234375 0.6953125
vt 0.40234375 0.6875
vt 0.390625 0.6875
vt 0.390625 0.6953125
vt 0.3828125 0.6953125
vt 0.3828125 0.70703125
vt 0.390625 0.70703125
vt 0.3984375 0.70703125
vt 0.390625 0.70703125
vt 0.390625 0.6953125
vt 0.3984375 0.6953125
vn 0 0 -1
vn 1 0 0
vn 0 0 1
vn -1 0 0
vn 0 1 0
vn 0 -1 0
usemtl m_78259a52-36d1-b55a-1736-85a769a7346c
f 988/2588/647 991/2587/647 989/2586/647 986/2585/647
f 987/2592/648 988/2591/648 986/2590/648 985/2589/648
f 992/2596/649 987/2595/649 985/2594/649 990/2593/649
f 991/2600/650 992/2599/650 990/2598/650 989/2597/650
f 990/2604/651 985/2603/651 986/2602/651 989/2601/651
f 991/2608/652 988/2607/652 987/2606/652 992/2605/652
o cube
v -6.77295 3.8125 0.334638125
v -6.77295 3.8125 0.147138125
v -6.77295 3.6875 0.334638125
v -6.77295 3.6875 0.147138125
v -6.89795 3.8125 0.147138125
v -6.89795 3.8125 0.334638125
v -6.89795 3.6875 0.147138125
v -6.89795 3.6875 0.334638125
vt 0.53125 0.8984375
vt 0.5390625 0.8984375
vt 0.5390625 0.890625
vt 0.53125 0.890625
vt 0.55078125 0.8984375
vt 0.55859375 0.8984375
vt 0.55859375 0.890625
vt 0.55078125 0.890625
vt 0.5390625 0.8984375
vt 0.55078125 0.8984375
vt 0.55078125 0.890625
vt 0.5390625 0.890625
vt 0.5390625 0.8984375
vt 0.53125 0.8984375
vt 0.53125 0.91015625
vt 0.5390625 0.91015625
vt 0.546875 0.91015625
vt 0.5390625 0.91015625
vt 0.5390625 0.8984375
vt 0.546875 0.8984375
vn 0 0 -1
vn 0 0 1
vn -1 0 0
vn 0 1 0
vn 0 -1 0
usemtl m_78259a52-36d1-b55a-1736-85a769a7346c
f 996/2612/653 999/2611/653 997/2610/653 994/2609/653
f 1000/2616/654 995/2615/654 993/2614/654 998/2613/654
f 999/2620/655 1000/2619/655 998/2618/655 997/2617/655
f 998/2624/656 993/2623/656 994/2622/656 997/2621/656
f 999/2628/657 996/2627/657 995/2626/657 1000/2625/657
o cube
v -5.524195152862766 3.8125 -0.15856454933524375
v -5.612583500511084 3.8125 -0.24695289698356215
v -5.524195152862766 3.6875 -0.15856454933524375
v -5.612583500511084 3.6875 -0.24695289698356215
v -5.745166021983562 3.8125 -0.11437037551108448
v -5.656777674335244 3.8125 -0.025982027862766044
v -5.745166021983562 3.6875 -0.11437037551108448
v -5.656777674335244 3.6875 -0.025982027862766044
vt 0.41796875 0.50390625
vt 0.40625 0.50390625
vt 0.40625 0.51171875
vt 0.41796875 0.51171875
vt 0.4296875 0.51171875
vt 0.41796875 0.51171875
vt 0.41796875 0.50390625
vt 0.4296875 0.50390625
vn 0 1 0
vn 0 -1 0
usemtl m_78259a52-36d1-b55a-1736-85a769a7346c
f 1006/2632/658 1001/2631/658 1002/2630/658 1005/2629/658
f 1007/2636/659 1004/2635/659 1003/2634/659 1008/2633/659
o cube
v -5.347418457566129 3.8125 -0.07017620168692529
v -5.480000979038607 3.8125 -0.20275872315940296
v -5.347418457566129 3.6875 -0.07017620168692529
v -5.480000979038607 3.6875 -0.20275872315940296
v -5.700971848159403 3.8125 0.018212145961393145
v -5.568389326686925 3.8125 0.15079466743387082
v -5.700971848159403 3.6875 0.018212145961393145
v -5.568389326686925 3.6875 0.15079466743387082
vt 0.3203125 0.4296875
vt 0.33984375 0.4296875
vt 0.33984375 0.421875
vt 0.3203125 0.421875
vt 0.30859375 0.4296875
vt 0.3203125 0.4296875
vt 0.3203125 0.421875
vt 0.30859375 0.421875
vt 0.3515625 0.4296875
vt 0.37109375 0.4296875
vt 0.37109375 0.421875
vt 0.3515625 0.421875
vt 0.33984375 0.4296875
vt 0.3515625 0.4296875
vt 0.3515625 0.421875
vt 0.33984375 0.421875
vt 0.33984375 0.4296875
vt 0.3203125 0.4296875
vt 0.3203125 0.44140625
vt 0.33984375 0.44140625
vt 0.359375 0.44140625
vt 0.33984375 0.44140625
vt 0.33984375 0.4296875
vt 0.359375 0.4296875
vn -0.7071067811865476 0 -0.7071067811865475
vn 0.7071067811865475 0 -0.7071067811865476
vn 0.7071067811865476 0 0.7071067811865475
vn -0.7071067811865475 0 0.7071067811865476
vn 0 1 0
vn 0 -1 0
usemtl m_78259a52-36d1-b55a-1736-85a769a7346c
f 1012/2640/660 1015/2639/660 1013/2638/660 1010/2637/660
f 1011/2644/661 1012/2643/661 1010/2642/661 1009/2641/661
f 1016/2648/662 1011/2647/662 1009/2646/662 1014/2645/662
f 1015/2652/663 1016/2651/663 1014/2650/663 1013/2649/663
f 1014/2656/664 1009/2655/664 1010/2654/664 1013/2653/664
f 1015/2660/665 1012/2659/665 1011/2658/665 1016/2657/665
o cube
v -5.568389326686925 3.8125 -0.2911470708077214
v -5.656777674335244 3.8125 -0.3795354184560398
v -5.568389326686925 3.6875 -0.2911470708077214
v -5.656777674335244 3.6875 -0.3795354184560398
v -5.87774854345604 3.8125 -0.1585645493352437
v -5.789360195807721 3.8125 -0.07017620168692529
v -5.87774854345604 3.6875 -0.1585645493352437
v -5.789360195807721 3.6875 -0.07017620168692529
vt 0.39453125 0.5234375
vt 0.4140625 0.5234375
vt 0.4140625 0.515625
vt 0.39453125 0.515625
vt 0.38671875 0.5234375
vt 0.39453125 0.5234375
vt 0.39453125 0.515625
vt 0.38671875 0.515625
vt 0.421875 0.5234375
vt 0.44140625 0.5234375
vt 0.44140625 0.515625
vt 0.421875 0.515625
vt 0.4140625 0.5234375
vt 0.421875 0.5234375
vt 0.421875 0.515625
vt 0.4140625 0.515625
vt 0.4140625 0.5234375
vt 0.39453125 0.5234375
vt 0.39453125 0.53125
vt 0.4140625 0.53125
vt 0.43359375 0.53125
vt 0.4140625 0.53125
vt 0.4140625 0.5234375
vt 0.43359375 0.5234375
vn -0.7071067811865476 0 -0.7071067811865475
vn 0.7071067811865475 0 -0.7071067811865476
vn 0.7071067811865476 0 0.7071067811865475
vn -0.7071067811865475 0 0.7071067811865476
vn 0 1 0
vn 0 -1 0
usemtl m_78259a52-36d1-b55a-1736-85a769a7346c
f 1020/2664/666 1023/2663/666 1021/2662/666 1018/2661/666
f 1019/2668/667 1020/2667/667 1018/2666/667 1017/2665/667
f 1024/2672/668 1019/2671/668 1017/2670/668 1022/2669/668
f 1023/2676/669 1024/2675/669 1022/2674/669 1021/2673/669
f 1022/2680/670 1017/2679/670 1018/2678/670 1021/2677/670
f 1023/2684/671 1020/2683/671 1019/2682/671 1024/2681/671
o cube
v -5.33545 3.8125 0.522138125
v -5.33545 3.8125 0.209638125
v -5.33545 3.6875 0.522138125
v -5.33545 3.6875 0.209638125
v -5.58545 3.8125 0.209638125
v -5.58545 3.8125 0.522138125
v -5.58545 3.6875 0.209638125
v -5.58545 3.6875 0.522138125
vt 0.44921875 0.3515625
vt 0.46484375 0.3515625
vt 0.46484375 0.34375
vt 0.44921875 0.34375
vt 0.4296875 0.3515625
vt 0.44921875 0.3515625
vt 0.44921875 0.34375
vt 0.4296875 0.34375
vt 0.484375 0.3515625
vt 0.5 0.3515625
vt 0.5 0.34375
vt 0.484375 0.34375
vt 0.46484375 0.3515625
vt 0.484375 0.3515625
vt 0.484375 0.34375
vt 0.46484375 0.34375
vt 0.46484375 0.3515625
vt 0.44921875 0.3515625
vt 0.44921875 0.37109375
vt 0.46484375 0.37109375
vt 0.48046875 0.37109375
vt 0.46484375 0.37109375
vt 0.46484375 0.3515625
vt 0.48046875 0.3515625
vn 0 0 -1
vn 1 0 0
vn 0 0 1
vn -1 0 0
vn 0 1 0
vn 0 -1 0
usemtl m_78259a52-36d1-b55a-1736-85a769a7346c
f 1028/2688/672 1031/2687/672 1029/2686/672 1026/2685/672
f 1027/2692/673 1028/2691/673 1026/2690/673 1025/2689/673
f 1032/2696/674 1027/2695/674 1025/2694/674 1030/2693/674
f 1031/2700/675 1032/2699/675 1030/2698/675 1029/2697/675
f 1030/2704/676 1025/2703/676 1026/2702/676 1029/2701/676
f 1031/2708/677 1028/2707/677 1027/2706/677 1032/2705/677
o cube
v -5.81524854345604 3.8125 -0.4755062875768359
v -5.903636891104358 3.8125 -0.5638946352251544
v -5.81524854345604 3.6875 -0.4755062875768359
v -5.903636891104358 3.6875 -0.5638946352251544
v -6.124607760225154 3.8125 -0.3429237661043582
v -6.036219412576836 3.8125 -0.2545354184560398
v -6.124607760225154 3.6875 -0.3429237661043582
v -6.036219412576836 3.6875 -0.2545354184560398
vt 0.49609375 0.4921875
vt 0.515625 0.4921875
vt 0.515625 0.484375
vt 0.49609375 0.484375
vt 0.5234375 0.4921875
vt 0.54296875 0.4921875
vt 0.54296875 0.484375
vt 0.5234375 0.484375
vt 0.515625 0.4921875
vt 0.5234375 0.4921875
vt 0.5234375 0.484375
vt 0.515625 0.484375
vt 0.515625 0.4921875
vt 0.49609375 0.4921875
vt 0.49609375 0.5
vt 0.515625 0.5
vt 0.53515625 0.5
vt 0.515625 0.5
vt 0.515625 0.4921875
vt 0.53515625 0.4921875
vn -0.7071067811865476 0 -0.7071067811865475
vn 0.7071067811865476 0 0.7071067811865475
vn -0.7071067811865475 0 0.7071067811865476
vn 0 1 0
vn 0 -1 0
usemtl m_78259a52-36d1-b55a-1736-85a769a7346c
f 1036/2712/678 1039/2711/678 1037/2710/678 1034/2709/678
f 1040/2716/679 1035/2715/679 1033/2714/679 1038/2713/679
f 1039/2720/680 1040/2719/680 1038/2718/680 1037/2717/680
f 1038/2724/681 1033/2723/681 1034/2722/681 1037/2721/681
f 1039/2728/682 1036/2727/682 1035/2726/682 1040/2725/682
o cube
v -5.9478310649285175 3.8125 -0.5197004614009951
v -5.992025238752676 3.8125 -0.5638946352251544
v -5.9478310649285175 3.6875 -0.5197004614009951
v -5.992025238752676 3.6875 -0.5638946352251544
v -6.124607760225154 3.8125 -0.43131211375267664
v -6.080413586400995 3.8125 -0.3871179399285174
v -6.124607760225154 3.6875 -0.43131211375267664
v -6.080413586400995 3.6875 -0.3871179399285174
vt 0.22265625 0.58203125
vt 0.2109375 0.58203125
vt 0.2109375 0.5859375
vt 0.22265625 0.5859375
vt 0.234375 0.5859375
vt 0.22265625 0.5859375
vt 0.22265625 0.58203125
vt 0.234375 0.58203125
vn 0 1 0
vn 0 -1 0
usemtl m_78259a52-36d1-b55a-1736-85a769a7346c
f 1046/2732/683 1041/2731/683 1042/2730/683 1045/2729/683
f 1047/2736/684 1044/2735/684 1043/2734/684 1048/2733/684
o cube
v -5.9478310649285175 3.8125 -0.6080888090493135
v -6.124607760225154 3.8125 -0.7848655043459504
v -5.9478310649285175 3.6875 -0.6080888090493135
v -6.124607760225154 3.6875 -0.7848655043459504
v -6.34557862934595 3.8125 -0.5638946352251544
v -6.168801934049314 3.8125 -0.38711793992851745
v -6.34557862934595 3.6875 -0.5638946352251544
v -6.168801934049314 3.6875 -0.38711793992851745
vt 0.20703125 0.58203125
vt 0.2265625 0.58203125
vt 0.2265625 0.57421875
vt 0.20703125 0.57421875
vt 0.2421875 0.58203125
vt 0.26171875 0.58203125
vt 0.26171875 0.57421875
vt 0.2421875 0.57421875
vt 0.2265625 0.58203125
vt 0.20703125 0.58203125
vt 0.20703125 0.59765625
vt 0.2265625 0.59765625
vt 0.24609375 0.59765625
vt 0.2265625 0.59765625
vt 0.2265625 0.58203125
vt 0.24609375 0.58203125
vn -0.7071067811865476 0 -0.7071067811865475
vn 0.7071067811865476 0 0.7071067811865475
vn 0 1 0
vn 0 -1 0
usemtl m_78259a52-36d1-b55a-1736-85a769a7346c
f 1052/2740/685 1055/2739/685 1053/2738/685 1050/2737/685
f 1056/2744/686 1051/2743/686 1049/2742/686 1054/2741/686
f 1054/2748/687 1049/2747/687 1050/2746/687 1053/2745/687
f 1055/2752/688 1052/2751/688 1051/2750/688 1056/2749/688
o cube
v -6.27295 3.8125 0.834638125
v -6.27295 3.8125 0.772138125
v -6.27295 3.6875 0.834638125
v -6.27295 3.6875 0.772138125
v -6.58545 3.8125 0.772138125
v -6.58545 3.8125 0.834638125
v -6.58545 3.6875 0.772138125
v -6.58545 3.6875 0.834638125
vt 0.40234375 0.50390625
vt 0.421875 0.50390625
vt 0.421875 0.49609375
vt 0.40234375 0.49609375
vt 0.42578125 0.50390625
vt 0.4453125 0.50390625
vt 0.4453125 0.49609375
vt 0.42578125 0.49609375
vt 0.421875 0.50390625
vt 0.40234375 0.50390625
vt 0.40234375 0.5078125
vt 0.421875 0.5078125
vt 0.44140625 0.5078125
vt 0.421875 0.5078125
vt 0.421875 0.50390625
vt 0.44140625 0.50390625
vn 0 0 -1
vn 0 0 1
vn 0 1 0
vn 0 -1 0
usemtl m_78259a52-36d1-b55a-1736-85a769a7346c
f 1060/2756/689 1063/2755/689 1061/2754/689 1058/2753/689
f 1064/2760/690 1059/2759/690 1057/2758/690 1062/2757/690
f 1062/2764/691 1057/2763/691 1058/2762/691 1061/2761/691
f 1063/2768/692 1060/2767/692 1059/2766/692 1064/2765/692
o cube
v -6.52295 3.8125 0.897138125
v -6.52295 3.8125 0.709638125
v -6.52295 3.6875 0.897138125
v -6.52295 3.6875 0.709638125
v -6.64795 3.8125 0.709638125
v -6.64795 3.8125 0.897138125
v -6.64795 3.6875 0.709638125
v -6.64795 3.6875 0.897138125
vt 0.50390625 0.6015625
vt 0.51171875 0.6015625
vt 0.51171875 0.59375
vt 0.50390625 0.59375
vt 0.4921875 0.6015625
vt 0.50390625 0.6015625
vt 0.50390625 0.59375
vt 0.4921875 0.59375
vt 0.5234375 0.6015625
vt 0.53125 0.6015625
vt 0.53125 0.59375
vt 0.5234375 0.59375
vt 0.51171875 0.6015625
vt 0.50390625 0.6015625
vt 0.50390625 0.61328125
vt 0.51171875 0.61328125
vt 0.51953125 0.61328125
vt 0.51171875 0.61328125
vt 0.51171875 0.6015625
vt 0.51953125 0.6015625
vn 0 0 -1
vn 1 0 0
vn 0 0 1
vn 0 1 0
vn 0 -1 0
usemtl m_78259a52-36d1-b55a-1736-85a769a7346c
f 1068/2772/693 1071/2771/693 1069/2770/693 1066/2769/693
f 1067/2776/694 1068/2775/694 1066/2774/694 1065/2773/694
f 1072/2780/695 1067/2779/695 1065/2778/695 1070/2777/695
f 1070/2784/696 1065/2783/696 1066/2782/696 1069/2781/696
f 1071/2788/697 1068/2787/697 1067/2786/697 1072/2785/697
o cube
v -6.21045 3.8125 0.897138125
v -6.21045 3.8125 0.709638125
v -6.21045 3.6875 0.897138125
v -6.21045 3.6875 0.709638125
v -6.33545 3.8125 0.709638125
v -6.33545 3.8125 0.897138125
v -6.33545 3.6875 0.709638125
v -6.33545 3.6875 0.897138125
vt 0.41015625 0.35546875
vt 0.41796875 0.35546875
vt 0.41796875 0.34765625
vt 0.41015625 0.34765625
vt 0.3984375 0.35546875
vt 0.41015625 0.35546875
vt 0.41015625 0.34765625
vt 0.3984375 0.34765625
vt 0.4296875 0.35546875
vt 0.4375 0.35546875
vt 0.4375 0.34765625
vt 0.4296875 0.34765625
vt 0.41796875 0.35546875
vt 0.4296875 0.35546875
vt 0.4296875 0.34765625
vt 0.41796875 0.34765625
vt 0.41796875 0.35546875
vt 0.41015625 0.35546875
vt 0.41015625 0.3671875
vt 0.41796875 0.3671875
vt 0.42578125 0.3671875
vt 0.41796875 0.3671875
vt 0.41796875 0.35546875
vt 0.42578125 0.35546875
vn 0 0 -1
vn 1 0 0
vn 0 0 1
vn -1 0 0
vn 0 1 0
vn 0 -1 0
usemtl m_78259a52-36d1-b55a-1736-85a769a7346c
f 1076/2792/698 1079/2791/698 1077/2790/698 1074/2789/698
f 1075/2796/699 1076/2795/699 1074/2794/699 1073/2793/699
f 1080/2800/700 1075/2799/700 1073/2798/700 1078/2797/700
f 1079/2804/701 1080/2803/701 1078/2802/701 1077/2801/701
f 1078/2808/702 1073/2807/702 1074/2806/702 1077/2805/702
f 1079/2812/703 1076/2811/703 1075/2810/703 1080/2809/703
o cube
v -5.71045 3.8125 0.959638125
v -5.71045 3.8125 0.584638125
v -5.71045 3.6875 0.959638125
v -5.71045 3.6875 0.584638125
v -6.08545 3.8125 0.584638125
v -6.08545 3.8125 0.959638125
v -6.08545 3.6875 0.584638125
v -6.08545 3.6875 0.959638125
vt 0.36328125 0.54296875
vt 0.38671875 0.54296875
vt 0.38671875 0.53515625
vt 0.36328125 0.53515625
vt 0.33984375 0.54296875
vt 0.36328125 0.54296875
vt 0.36328125 0.53515625
vt 0.33984375 0.53515625
vt 0.41015625 0.54296875
vt 0.43359375 0.54296875
vt 0.43359375 0.53515625
vt 0.41015625 0.53515625
vt 0.38671875 0.54296875
vt 0.41015625 0.54296875
vt 0.41015625 0.53515625
vt 0.38671875 0.53515625
vt 0.38671875 0.54296875
vt 0.36328125 0.54296875
vt 0.36328125 0.56640625
vt 0.38671875 0.56640625
vt 0.41015625 0.56640625
vt 0.38671875 0.56640625
vt 0.38671875 0.54296875
vt 0.41015625 0.54296875
vn 0 0 -1
vn 1 0 0
vn 0 0 1
vn -1 0 0
vn 0 1 0
vn 0 -1 0
usemtl m_78259a52-36d1-b55a-1736-85a769a7346c
f 1084/2816/704 1087/2815/704 1085/2814/704 1082/2813/704
f 1083/2820/705 1084/2819/705 1082/2818/705 1081/2817/705
f 1088/2824/706 1083/2823/706 1081/2822/706 1086/2821/706
f 1087/2828/707 1088/2827/707 1086/2826/707 1085/2825/707
f 1086/2832/708 1081/2831/708 1082/2830/708 1085/2829/708
f 1087/2836/709 1084/2835/709 1083/2834/709 1088/2833/709
o cube
v -6.96045 3.8125 0.834638125
v -6.96045 3.8125 0.772138125
v -6.96045 3.6875 0.834638125
v -6.96045 3.6875 0.772138125
v -7.14795 3.8125 0.772138125
v -7.14795 3.8125 0.834638125
v -7.14795 3.6875 0.772138125
v -7.14795 3.6875 0.834638125
vt 0.55078125 0.51953125
vt 0.5625 0.51953125
vt 0.5625 0.51171875
vt 0.55078125 0.51171875
vt 0.56640625 0.51953125
vt 0.578125 0.51953125
vt 0.578125 0.51171875
vt 0.56640625 0.51171875
vt 0.5625 0.51953125
vt 0.55078125 0.51953125
vt 0.55078125 0.5234375
vt 0.5625 0.5234375
vt 0.57421875 0.5234375
vt 0.5625 0.5234375
vt 0.5625 0.51953125
vt 0.57421875 0.51953125
vn 0 0 -1
vn 0 0 1
vn 0 1 0
vn 0 -1 0
usemtl m_78259a52-36d1-b55a-1736-85a769a7346c
f 1092/2840/710 1095/2839/710 1093/2838/710 1090/2837/710
f 1096/2844/711 1091/2843/711 1089/2842/711 1094/2841/711
f 1094/2848/712 1089/2847/712 1090/2846/712 1093/2845/712
f 1095/2852/713 1092/2851/713 1091/2850/713 1096/2849/713
o cube
v -7.14795 3.8125 0.897138125
v -7.14795 3.8125 0.709638125
v -7.14795 3.6875 0.897138125
v -7.14795 3.6875 0.709638125
v -7.27295 3.8125 0.709638125
v -7.27295 3.8125 0.897138125
v -7.27295 3.6875 0.709638125
v -7.27295 3.6875 0.897138125
vt 0.3828125 0.6953125
vt 0.390625 0.6953125
vt 0.390625 0.6875
vt 0.3828125 0.6875
vt 0.37109375 0.6953125
vt 0.3828125 0.6953125
vt 0.3828125 0.6875
vt 0.37109375 0.6875
vt 0.40234375 0.6953125
vt 0.41015625 0.6953125
vt 0.41015625 0.6875
vt 0.40234375 0.6875
vt 0.390625 0.6953125
vt 0.40234375 0.6953125
vt 0.40234375 0.6875
vt 0.390625 0.6875
vt 0.390625 0.6953125
vt 0.3828125 0.6953125
vt 0.3828125 0.70703125
vt 0.390625 0.70703125
vt 0.3984375 0.70703125
vt 0.390625 0.70703125
vt 0.390625 0.6953125
vt 0.3984375 0.6953125
vn 0 0 -1
vn 1 0 0
vn 0 0 1
vn -1 0 0
vn 0 1 0
vn 0 -1 0
usemtl m_78259a52-36d1-b55a-1736-85a769a7346c
f 1100/2856/714 1103/2855/714 1101/2854/714 1098/2853/714
f 1099/2860/715 1100/2859/715 1098/2858/715 1097/2857/715
f 1104/2864/716 1099/2863/716 1097/2862/716 1102/2861/716
f 1103/2868/717 1104/2867/717 1102/2866/717 1101/2865/717
f 1102/2872/718 1097/2871/718 1098/2870/718 1101/2869/718
f 1103/2876/719 1100/2875/719 1099/2874/719 1104/2873/719
o cube
v -6.83545 3.8125 0.897138125
v -6.83545 3.8125 0.709638125
v -6.83545 3.6875 0.897138125
v -6.83545 3.6875 0.709638125
v -6.96045 3.8125 0.709638125
v -6.96045 3.8125 0.897138125
v -6.96045 3.6875 0.709638125
v -6.96045 3.6875 0.897138125
vt 0.53125 0.8984375
vt 0.5390625 0.8984375
vt 0.5390625 0.890625
vt 0.53125 0.890625
vt 0.55078125 0.8984375
vt 0.55859375 0.8984375
vt 0.55859375 0.890625
vt 0.55078125 0.890625
vt 0.5390625 0.8984375
vt 0.55078125 0.8984375
vt 0.55078125 0.890625
vt 0.5390625 0.890625
vt 0.5390625 0.8984375
vt 0.53125 0.8984375
vt 0.53125 0.91015625
vt 0.5390625 0.91015625
vt 0.546875 0.91015625
vt 0.5390625 0.91015625
vt 0.5390625 0.8984375
vt 0.546875 0.8984375
vn 0 0 -1
vn 0 0 1
vn -1 0 0
vn 0 1 0
vn 0 -1 0
usemtl m_78259a52-36d1-b55a-1736-85a769a7346c
f 1108/2880/720 1111/2879/720 1109/2878/720 1106/2877/720
f 1112/2884/721 1107/2883/721 1105/2882/721 1110/2881/721
f 1111/2888/722 1112/2887/722 1110/2886/722 1109/2885/722
f 1110/2892/723 1105/2891/723 1106/2890/723 1109/2889/723
f 1111/2896/724 1108/2895/724 1107/2894/724 1112/2893/724
o cube
v 2.514481875 3.830309375 0.947580625
v 2.514481875 3.830309375 0.885080625
v 2.514481875 2.830309375 0.947580625
v 2.514481875 2.830309375 0.885080625
v 1.639481875 3.830309375 0.885080625
v 1.639481875 3.830309375 0.947580625
v 1.639481875 2.830309375 0.885080625
v 1.639481875 2.830309375 0.947580625
vt 0.8671875 0.16015625
vt 0.921875 0.16015625
vt 0.921875 0.09765625
vt 0.8671875 0.09765625
vt 0.86328125 0.16015625
vt 0.8671875 0.16015625
vt 0.8671875 0.09765625
vt 0.86328125 0.09765625
vt 0.92578125 0.16015625
vt 0.98046875 0.16015625
vt 0.98046875 0.09765625
vt 0.92578125 0.09765625
vt 0.921875 0.16015625
vt 0.92578125 0.16015625
vt 0.92578125 0.09765625
vt 0.921875 0.09765625
vt 0.921875 0.16015625
vt 0.8671875 0.16015625
vt 0.8671875 0.1640625
vt 0.921875 0.1640625
vt 0.9765625 0.1640625
vt 0.921875 0.1640625
vt 0.921875 0.16015625
vt 0.9765625 0.16015625
vn 0 0 -1
vn 1 0 0
vn 0 0 1
vn -1 0 0
vn 0 1 0
vn 0 -1 0
usemtl m_78259a52-36d1-b55a-1736-85a769a7346c
f 1116/2900/725 1119/2899/725 1117/2898/725 1114/2897/725
f 1115/2904/726 1116/2903/726 1114/2902/726 1113/2901/726
f 1120/2908/727 1115/2907/727 1113/2906/727 1118/2905/727
f 1119/2912/728 1120/2911/728 1118/2910/728 1117/2909/728
f 1118/2916/729 1113/2915/729 1114/2914/729 1117/2913/729
f 1119/2920/730 1116/2919/730 1115/2918/730 1120/2917/730
o cube
v 1.51584375 3.87968 0.953810625
v 1.51584375 3.87968 0.641310625
v 1.51584375 3.56718 0.953810625
v 1.51584375 3.56718 0.641310625
v 1.20334375 3.87968 0.641310625
v 1.20334375 3.87968 0.953810625
v 1.20334375 3.56718 0.641310625
v 1.20334375 3.56718 0.953810625
vt 0.265625 0.7265625
vt 0.28515625 0.7265625
vt 0.28515625 0.70703125
vt 0.265625 0.70703125
vt 0.24609375 0.7265625
vt 0.265625 0.7265625
vt 0.265625 0.70703125
vt 0.24609375 0.70703125
vt 0.3046875 0.7265625
vt 0.32421875 0.7265625
vt 0.32421875 0.70703125
vt 0.3046875 0.70703125
vt 0.28515625 0.7265625
vt 0.3046875 0.7265625
vt 0.3046875 0.70703125
vt 0.28515625 0.70703125
vt 0.28515625 0.7265625
vt 0.265625 0.7265625
vt 0.265625 0.74609375
vt 0.28515625 0.74609375
vt 0.3046875 0.74609375
vt 0.28515625 0.74609375
vt 0.28515625 0.7265625
vt 0.3046875 0.7265625
vn 0 0 -1
vn 1 0 0
vn 0 0 1
vn -1 0 0
vn 0 1 0
vn 0 -1 0
usemtl m_78259a52-36d1-b55a-1736-85a769a7346c
f 1124/2924/731 1127/2923/731 1125/2922/731 1122/2921/731
f 1123/2928/732 1124/2927/732 1122/2926/732 1121/2925/732
f 1128/2932/733 1123/2931/733 1121/2930/733 1126/2929/733
f 1127/2936/734 1128/2935/734 1126/2934/734 1125/2933/734
f 1126/2940/735 1121/2939/735 1122/2938/735 1125/2937/735
f 1127/2944/736 1124/2943/736 1123/2942/736 1128/2941/736
o cube
v 2.89084375 3.81718 0.891310625
v 2.89084375 3.81718 0.703810625
v 2.89084375 3.62968 0.891310625
v 2.89084375 3.62968 0.703810625
v 1.3283437500000002 3.81718 0.703810625
v 1.3283437500000002 3.81718 0.891310625
v 1.3283437500000002 3.62968 0.703810625
v 1.3283437500000002 3.62968 0.891310625
vt 0.01171875 0.98828125
vt 0.10937500000000001 0.98828125
vt 0.10937500000000001 0.9765625
vt 0.01171875 0.9765625
vt 0.12109375000000001 0.98828125
vt 0.21875000000000003 0.98828125
vt 0.21875000000000003 0.9765625
vt 0.12109375000000001 0.9765625
vt 0.10937500000000001 0.98828125
vt 0.01171875 0.98828125
vt 0.01171875 1
vt 0.10937500000000001 1
vt 0.20703125000000003 1
vt 0.10937500000000001 1
vt 0.10937500000000001 0.98828125
vt 0.20703125000000003 0.98828125
vn 0 0 -1
vn 0 0 1
vn 0 1 0
vn 0 -1 0
usemtl m_78259a52-36d1-b55a-1736-85a769a7346c
f 1132/2948/737 1135/2947/737 1133/2946/737 1130/2945/737
f 1136/2952/738 1131/2951/738 1129/2950/738 1134/2949/738
f 1134/2956/739 1129/2955/739 1130/2954/739 1133/2953/739
f 1135/2960/740 1132/2959/740 1131/2958/740 1136/2957/740
o cube
v 2.89084375 3.87968 0.953810625
v 2.89084375 3.87968 0.641310625
v 2.89084375 3.56718 0.953810625
v 2.89084375 3.56718 0.641310625
v 2.57834375 3.87968 0.641310625
v 2.57834375 3.87968 0.953810625
v 2.57834375 3.56718 0.641310625
v 2.57834375 3.56718 0.953810625
vt 0.12890625 0.72265625
vt 0.1484375 0.72265625
vt 0.1484375 0.703125
vt 0.12890625 0.703125
vt 0.109375 0.72265625
vt 0.12890625 0.72265625
vt 0.12890625 0.703125
vt 0.109375 0.703125
vt 0.16796875 0.72265625
vt 0.1875 0.72265625
vt 0.1875 0.703125
vt 0.16796875 0.703125
vt 0.1484375 0.72265625
vt 0.16796875 0.72265625
vt 0.16796875 0.703125
vt 0.1484375 0.703125
vt 0.1484375 0.72265625
vt 0.12890625 0.72265625
vt 0.12890625 0.7421875
vt 0.1484375 0.7421875
vt 0.16796875 0.7421875
vt 0.1484375 0.7421875
vt 0.1484375 0.72265625
vt 0.16796875 0.72265625
vn 0 0 -1
vn 1 0 0
vn 0 0 1
vn -1 0 0
vn 0 1 0
vn 0 -1 0
usemtl m_78259a52-36d1-b55a-1736-85a769a7346c
f 1140/2964/741 1143/2963/741 1141/2962/741 1138/2961/741
f 1139/2968/742 1140/2967/742 1138/2966/742 1137/2965/742
f 1144/2972/743 1139/2971/743 1137/2970/743 1142/2969/743
f 1143/2976/744 1144/2975/744 1142/2974/744 1141/2973/744
f 1142/2980/745 1137/2979/745 1138/2978/745 1141/2977/745
f 1143/2984/746 1140/2983/746 1139/2982/746 1144/2981/746
o cube
v 1.889481875 3.830309375 0.947580625
v 1.889481875 3.830309375 0.885080625
v 1.889481875 3.017809375 0.947580625
v 1.889481875 3.017809375 0.885080625
v 1.076981875 3.830309375 0.885080625
v 1.076981875 3.830309375 0.947580625
v 1.076981875 3.017809375 0.885080625
v 1.076981875 3.017809375 0.947580625
vt 0.875 0.16015625
vt 0.92578125 0.16015625
vt 0.92578125 0.109375
vt 0.875 0.109375
vt 0.9296875 0.16015625
vt 0.98046875 0.16015625
vt 0.98046875 0.109375
vt 0.9296875 0.109375
vt 0.92578125 0.16015625
vt 0.9296875 0.16015625
vt 0.9296875 0.109375
vt 0.92578125 0.109375
vt 0.92578125 0.16015625
vt 0.875 0.16015625
vt 0.875 0.1640625
vt 0.92578125 0.1640625
vt 0.9765625 0.1640625
vt 0.92578125 0.1640625
vt 0.92578125 0.16015625
vt 0.9765625 0.16015625
vn 0 0 -1
vn 0 0 1
vn -1 0 0
vn 0 1 0
vn 0 -1 0
usemtl m_78259a52-36d1-b55a-1736-85a769a7346c
f 1148/2988/747 1151/2987/747 1149/2986/747 1146/2985/747
f 1152/2992/748 1147/2991/748 1145/2990/748 1150/2989/748
f 1151/2996/749 1152/2995/749 1150/2994/749 1149/2993/749
f 1150/3000/750 1145/2999/750 1146/2998/750 1149/2997/750
f 1151/3004/751 1148/3003/751 1147/3002/751 1152/3001/751
o cube
v 3.139481875 3.830309375 1.010080625
v 3.139481875 3.830309375 0.9475806250000001
v 3.139481875 2.580309375 1.010080625
v 3.139481875 2.580309375 0.9475806250000001
v 2.264481875 3.830309375 0.9475806250000001
v 2.264481875 3.830309375 1.010080625
v 2.264481875 2.580309375 0.9475806250000001
v 2.264481875 2.580309375 1.010080625
vt 0.86328125 0.1171875
vt 0.91796875 0.1171875
vt 0.91796875 0.0390625
vt 0.86328125 0.0390625
vt 0.859375 0.1171875
vt 0.86328125 0.1171875
vt 0.86328125 0.0390625
vt 0.859375 0.0390625
vt 0.921875 0.1171875
vt 0.9765625 0.1171875
vt 0.9765625 0.0390625
vt 0.921875 0.0390625
vt 0.91796875 0.1171875
vt 0.921875 0.1171875
vt 0.921875 0.0390625
vt 0.91796875 0.0390625
vt 0.91796875 0.1171875
vt 0.86328125 0.1171875
vt 0.86328125 0.12109375
vt 0.91796875 0.12109375
vt 0.97265625 0.12109375
vt 0.91796875 0.12109375
vt 0.91796875 0.1171875
vt 0.97265625 0.1171875
vn 0 0 -1
vn 1 0 0
vn 0 0 1
vn -1 0 0
vn 0 1 0
vn 0 -1 0
usemtl m_78259a52-36d1-b55a-1736-85a769a7346c
f 1156/3008/752 1159/3007/752 1157/3006/752 1154/3005/752
f 1155/3012/753 1156/3011/753 1154/3010/753 1153/3009/753
f 1160/3016/754 1155/3015/754 1153/3014/754 1158/3013/754
f 1159/3020/755 1160/3019/755 1158/3018/755 1157/3017/755
f 1158/3024/756 1153/3023/756 1154/3022/756 1157/3021/756
f 1159/3028/757 1156/3027/757 1155/3026/757 1160/3025/757
o cube
v 3.39084375 3.87968 0.953810625
v 3.39084375 3.87968 0.578810625
v 3.39084375 3.62968 0.953810625
v 3.39084375 3.62968 0.578810625
v 3.14084375 3.87968 0.578810625
v 3.14084375 3.87968 0.953810625
v 3.14084375 3.62968 0.578810625
v 3.14084375 3.62968 0.953810625
vt 0.25390625 0.828125
vt 0.26953125 0.828125
vt 0.26953125 0.8125
vt 0.25390625 0.8125
vt 0.23046875 0.828125
vt 0.25390625 0.828125
vt 0.25390625 0.8125
vt 0.23046875 0.8125
vt 0.29296875 0.828125
vt 0.30859375 0.828125
vt 0.30859375 0.8125
vt 0.29296875 0.8125
vt 0.26953125 0.828125
vt 0.29296875 0.828125
vt 0.29296875 0.8125
vt 0.26953125 0.8125
vt 0.26953125 0.828125
vt 0.25390625 0.828125
vt 0.25390625 0.8515625
vt 0.26953125 0.8515625
vt 0.28515625 0.8515625
vt 0.26953125 0.8515625
vt 0.26953125 0.828125
vt 0.28515625 0.828125
vn 0 0 -1
vn 1 0 0
vn 0 0 1
vn -1 0 0
vn 0 1 0
vn 0 -1 0
usemtl m_78259a52-36d1-b55a-1736-85a769a7346c
f 1164/3032/758 1167/3031/758 1165/3030/758 1162/3029/758
f 1163/3036/759 1164/3035/759 1162/3034/759 1161/3033/759
f 1168/3040/760 1163/3039/760 1161/3038/760 1166/3037/760
f 1167/3044/761 1168/3043/761 1166/3042/761 1165/3041/761
f 1166/3048/762 1161/3047/762 1162/3046/762 1165/3045/762
f 1167/3052/763 1164/3051/763 1163/3050/763 1168/3049/763
o cube
v 4.70334375 3.81718 0.891310625
v 4.70334375 3.81718 0.766310625
v 4.70334375 3.69218 0.891310625
v 4.70334375 3.69218 0.766310625
v 3.32834375 3.81718 0.766310625
v 3.32834375 3.81718 0.891310625
v 3.32834375 3.69218 0.766310625
v 3.32834375 3.69218 0.891310625
vt 0.0078125 0.9453125
vt 0.09375 0.9453125
vt 0.09375 0.9375
vt 0.0078125 0.9375
vt 0.1015625 0.9453125
vt 0.1875 0.9453125
vt 0.1875 0.9375
vt 0.1015625 0.9375
vt 0.09375 0.9453125
vt 0.0078125 0.9453125
vt 0.0078125 0.953125
vt 0.09375 0.953125
vt 0.1796875 0.953125
vt 0.09375 0.953125
vt 0.09375 0.9453125
vt 0.1796875 0.9453125
vn 0 0 -1
vn 0 0 1
vn 0 1 0
vn 0 -1 0
usemtl m_78259a52-36d1-b55a-1736-85a769a7346c
f 1172/3056/764 1175/3055/764 1173/3054/764 1170/3053/764
f 1176/3060/765 1171/3059/765 1169/3058/765 1174/3057/765
f 1174/3064/766 1169/3063/766 1170/3062/766 1173/3061/766
f 1175/3068/767 1172/3067/767 1171/3066/767 1176/3065/767
o cube
v 4.70334375 3.87968 0.641310625
v 4.70334375 3.87968 0.578810625
v 4.70334375 3.81718 0.641310625
v 4.70334375 3.81718 0.578810625
v 3.39084375 3.87968 0.578810625
v 3.39084375 3.87968 0.641310625
v 3.39084375 3.81718 0.578810625
v 3.39084375 3.81718 0.641310625
vt 0.06640625 0.91015625
vt 0.1484375 0.91015625
vt 0.1484375 0.90625
vt 0.06640625 0.90625
vt 0.15234375 0.91015625
vt 0.234375 0.91015625
vt 0.234375 0.90625
vt 0.15234375 0.90625
vt 0.1484375 0.91015625
vt 0.06640625 0.91015625
vt 0.06640625 0.9140625
vt 0.1484375 0.9140625
vt 0.23046875 0.9140625
vt 0.1484375 0.9140625
vt 0.1484375 0.91015625
vt 0.23046875 0.91015625
vn 0 0 -1
vn 0 0 1
vn 0 1 0
vn 0 -1 0
usemtl m_78259a52-36d1-b55a-1736-85a769a7346c
f 1180/3072/768 1183/3071/768 1181/3070/768 1178/3069/768
f 1184/3076/769 1179/3075/769 1177/3074/769 1182/3073/769
f 1182/3080/770 1177/3079/770 1178/3078/770 1181/3077/770
f 1183/3084/771 1180/3083/771 1179/3082/771 1184/3081/771
o cube
v 4.82834375 3.87968 0.953810625
v 4.82834375 3.87968 0.578810625
v 4.82834375 3.62968 0.953810625
v 4.82834375 3.62968 0.578810625
v 4.64084375 3.87968 0.578810625
v 4.64084375 3.87968 0.953810625
v 4.64084375 3.62968 0.578810625
v 4.64084375 3.62968 0.953810625
vt 0.375 0.8359375
vt 0.38671875 0.8359375
vt 0.38671875 0.8203125
vt 0.375 0.8203125
vt 0.3515625 0.8359375
vt 0.375 0.8359375
vt 0.375 0.8203125
vt 0.3515625 0.8203125
vt 0.41015625 0.8359375
vt 0.421875 0.8359375
vt 0.421875 0.8203125
vt 0.41015625 0.8203125
vt 0.38671875 0.8359375
vt 0.41015625 0.8359375
vt 0.41015625 0.8203125
vt 0.38671875 0.8203125
vt 0.38671875 0.8359375
vt 0.375 0.8359375
vt 0.375 0.859375
vt 0.38671875 0.859375
vt 0.3984375 0.859375
vt 0.38671875 0.859375
vt 0.38671875 0.8359375
vt 0.3984375 0.8359375
vn 0 0 -1
vn 1 0 0
vn 0 0 1
vn -1 0 0
vn 0 1 0
vn 0 -1 0
usemtl m_78259a52-36d1-b55a-1736-85a769a7346c
f 1188/3088/772 1191/3087/772 1189/3086/772 1186/3085/772
f 1187/3092/773 1188/3091/773 1186/3090/773 1185/3089/773
f 1192/3096/774 1187/3095/774 1185/3094/774 1190/3093/774
f 1191/3100/775 1192/3099/775 1190/3098/775 1189/3097/775
f 1190/3104/776 1185/3103/776 1186/3102/776 1189/3101/776
f 1191/3108/777 1188/3107/777 1187/3106/777 1192/3105/777
o cube
v 5.46045 3.8125 1.022138125
v 5.46045 3.8125 0.7096381249999999
v 5.46045 3.6875 1.022138125
v 5.46045 3.6875 0.7096381249999999
v 5.14795 3.8125 0.7096381249999999
v 5.14795 3.8125 1.022138125
v 5.14795 3.6875 0.7096381249999999
v 5.14795 3.6875 1.022138125
vt 0.26171875 0.3515625
vt 0.2421875 0.3515625
vt 0.2421875 0.34375
vt 0.26171875 0.34375
vt 0.28125 0.3515625
vt 0.26171875 0.3515625
vt 0.26171875 0.34375
vt 0.28125 0.34375
vt 0.30078125 0.3515625
vt 0.28125 0.3515625
vt 0.28125 0.34375
vt 0.30078125 0.34375
vt 0.2421875 0.3515625
vt 0.22265625 0.3515625
vt 0.22265625 0.34375
vt 0.2421875 0.34375
vt 0.2421875 0.3515625
vt 0.26171875 0.3515625
vt 0.26171875 0.37109375
vt 0.2421875 0.37109375
vt 0.26171875 0.37109375
vt 0.28125 0.37109375
vt 0.28125 0.3515625
vt 0.26171875 0.3515625
vn 0 0 -1
vn 1 0 0
vn 0 0 1
vn -1 0 0
vn 0 1 0
vn 0 -1 0
usemtl m_78259a52-36d1-b55a-1736-85a769a7346c
f 1196/3112/778 1199/3111/778 1197/3110/778 1194/3109/778
f 1195/3116/779 1196/3115/779 1194/3114/779 1193/3113/779
f 1200/3120/780 1195/3119/780 1193/3118/780 1198/3117/780
f 1199/3124/781 1200/3123/781 1198/3122/781 1197/3121/781
f 1198/3128/782 1193/3127/782 1194/3126/782 1197/3125/782
f 1199/3132/783 1196/3131/783 1195/3130/783 1200/3129/783
o cube
v 5.27295 3.8125 0.584638125
v 5.27295 3.8125 0.397138125
v 5.27295 3.6875 0.584638125
v 5.27295 3.6875 0.397138125
v 5.14795 3.8125 0.397138125
v 5.14795 3.8125 0.584638125
v 5.14795 3.6875 0.397138125
v 5.14795 3.6875 0.584638125
vt 0.390625 0.3203125
vt 0.3828125 0.3203125
vt 0.3828125 0.3125
vt 0.390625 0.3125
vt 0.40234375 0.3203125
vt 0.390625 0.3203125
vt 0.390625 0.3125
vt 0.40234375 0.3125
vt 0.41015625 0.3203125
vt 0.40234375 0.3203125
vt 0.40234375 0.3125
vt 0.41015625 0.3125
vt 0.3828125 0.3203125
vt 0.37109375 0.3203125
vt 0.37109375 0.3125
vt 0.3828125 0.3125
vt 0.3828125 0.3203125
vt 0.390625 0.3203125
vt 0.390625 0.33203125
vt 0.3828125 0.33203125
vt 0.390625 0.33203125
vt 0.3984375 0.33203125
vt 0.3984375 0.3203125
vt 0.390625 0.3203125
vn 0 0 -1
vn 1 0 0
vn 0 0 1
vn -1 0 0
vn 0 1 0
vn 0 -1 0
usemtl m_78259a52-36d1-b55a-1736-85a769a7346c
f 1204/3136/784 1207/3135/784 1205/3134/784 1202/3133/784
f 1203/3140/785 1204/3139/785 1202/3138/785 1201/3137/785
f 1208/3144/786 1203/3143/786 1201/3142/786 1206/3141/786
f 1207/3148/787 1208/3147/787 1206/3146/787 1205/3145/787
f 1206/3152/788 1201/3151/788 1202/3150/788 1205/3149/788
f 1207/3156/789 1204/3155/789 1203/3154/789 1208/3153/789
o cube
v 5.08545 3.8125 1.147138125
v 5.08545 3.8125 0.9596381249999999
v 5.08545 3.6875 1.147138125
v 5.08545 3.6875 0.9596381249999999
v 4.96045 3.8125 0.9596381249999999
v 4.96045 3.8125 1.147138125
v 4.96045 3.6875 0.9596381249999999
v 4.96045 3.6875 1.147138125
vt 0.390625 0.3203125
vt 0.3828125 0.3203125
vt 0.3828125 0.3125
vt 0.390625 0.3125
vt 0.40234375 0.3203125
vt 0.390625 0.3203125
vt 0.390625 0.3125
vt 0.40234375 0.3125
vt 0.41015625 0.3203125
vt 0.40234375 0.3203125
vt 0.40234375 0.3125
vt 0.41015625 0.3125
vt 0.3828125 0.3203125
vt 0.37109375 0.3203125
vt 0.37109375 0.3125
vt 0.3828125 0.3125
vt 0.3828125 0.3203125
vt 0.390625 0.3203125
vt 0.390625 0.33203125
vt 0.3828125 0.33203125
vt 0.390625 0.33203125
vt 0.3984375 0.33203125
vt 0.3984375 0.3203125
vt 0.390625 0.3203125
vn 0 0 -1
vn 1 0 0
vn 0 0 1
vn -1 0 0
vn 0 1 0
vn 0 -1 0
usemtl m_78259a52-36d1-b55a-1736-85a769a7346c
f 1212/3160/790 1215/3159/790 1213/3158/790 1210/3157/790
f 1211/3164/791 1212/3163/791 1210/3162/791 1209/3161/791
f 1216/3168/792 1211/3167/792 1209/3166/792 1214/3165/792
f 1215/3172/793 1216/3171/793 1214/3170/793 1213/3169/793
f 1214/3176/794 1209/3175/794 1210/3174/794 1213/3173/794
f 1215/3180/795 1212/3179/795 1211/3178/795 1216/3177/795
o cube
v 5.08545 3.8125 0.772138125
v 5.08545 3.8125 0.584638125
v 5.08545 3.6875 0.772138125
v 5.08545 3.6875 0.584638125
v 4.96045 3.8125 0.584638125
v 4.96045 3.8125 0.772138125
v 4.96045 3.6875 0.584638125
v 4.96045 3.6875 0.772138125
vt 0.4296875 0.390625
vt 0.421875 0.390625
vt 0.421875 0.3828125
vt 0.4296875 0.3828125
vt 0.44140625 0.390625
vt 0.4296875 0.390625
vt 0.4296875 0.3828125
vt 0.44140625 0.3828125
vt 0.44921875 0.390625
vt 0.44140625 0.390625
vt 0.44140625 0.3828125
vt 0.44921875 0.3828125
vt 0.421875 0.390625
vt 0.41015625 0.390625
vt 0.41015625 0.3828125
vt 0.421875 0.3828125
vt 0.421875 0.390625
vt 0.4296875 0.390625
vt 0.4296875 0.40234375
vt 0.421875 0.40234375
vt 0.4296875 0.40234375
vt 0.4375 0.40234375
vt 0.4375 0.390625
vt 0.4296875 0.390625
vn 0 0 -1
vn 1 0 0
vn 0 0 1
vn -1 0 0
vn 0 1 0
vn 0 -1 0
usemtl m_78259a52-36d1-b55a-1736-85a769a7346c
f 1220/3184/796 1223/3183/796 1221/3182/796 1218/3181/796
f 1219/3188/797 1220/3187/797 1218/3186/797 1217/3185/797
f 1224/3192/798 1219/3191/798 1217/3190/798 1222/3189/798
f 1223/3196/799 1224/3195/799 1222/3194/799 1221/3193/799
f 1222/3200/800 1217/3199/800 1218/3198/800 1221/3197/800
f 1223/3204/801 1220/3203/801 1219/3202/801 1224/3201/801
o cube
v 6.14795 3.8125 1.397138125
v 6.14795 3.8125 1.209638125
v 6.14795 3.6875 1.397138125
v 6.14795 3.6875 1.209638125
v 6.02295 3.8125 1.209638125
v 6.02295 3.8125 1.397138125
v 6.02295 3.6875 1.209638125
v 6.02295 3.6875 1.397138125
vt 0.3359375 0.30859375
vt 0.328125 0.30859375
vt 0.328125 0.30078125
vt 0.3359375 0.30078125
vt 0.34765625 0.30859375
vt 0.3359375 0.30859375
vt 0.3359375 0.30078125
vt 0.34765625 0.30078125
vt 0.35546875 0.30859375
vt 0.34765625 0.30859375
vt 0.34765625 0.30078125
vt 0.35546875 0.30078125
vt 0.328125 0.30859375
vt 0.31640625 0.30859375
vt 0.31640625 0.30078125
vt 0.328125 0.30078125
vt 0.328125 0.30859375
vt 0.3359375 0.30859375
vt 0.3359375 0.3203125
vt 0.328125 0.3203125
vt 0.3359375 0.3203125
vt 0.34375 0.3203125
vt 0.34375 0.30859375
vt 0.3359375 0.30859375
vn 0 0 -1
vn 1 0 0
vn 0 0 1
vn -1 0 0
vn 0 1 0
vn 0 -1 0
usemtl m_78259a52-36d1-b55a-1736-85a769a7346c
f 1228/3208/802 1231/3207/802 1229/3206/802 1226/3205/802
f 1227/3212/803 1228/3211/803 1226/3210/803 1225/3209/803
f 1232/3216/804 1227/3215/804 1225/3214/804 1230/3213/804
f 1231/3220/805 1232/3219/805 1230/3218/805 1229/3217/805
f 1230/3224/806 1225/3223/806 1226/3222/806 1229/3221/806
f 1231/3228/807 1228/3227/807 1227/3226/807 1232/3225/807
o cube
v 6.39795 3.8125 1.397138125
v 6.39795 3.8125 1.209638125
v 6.39795 3.6875 1.397138125
v 6.39795 3.6875 1.209638125
v 6.27295 3.8125 1.209638125
v 6.27295 3.8125 1.397138125
v 6.27295 3.6875 1.209638125
v 6.27295 3.6875 1.397138125
vt 0.5 0.59765625
vt 0.4921875 0.59765625
vt 0.4921875 0.58984375
vt 0.5 0.58984375
vt 0.51953125 0.59765625
vt 0.51171875 0.59765625
vt 0.51171875 0.58984375
vt 0.51953125 0.58984375
vt 0.4921875 0.59765625
vt 0.48046875 0.59765625
vt 0.48046875 0.58984375
vt 0.4921875 0.58984375
vt 0.4921875 0.59765625
vt 0.5 0.59765625
vt 0.5 0.609375
vt 0.4921875 0.609375
vt 0.5 0.609375
vt 0.5078125 0.609375
vt 0.5078125 0.59765625
vt 0.5 0.59765625
vn 0 0 -1
vn 0 0 1
vn -1 0 0
vn 0 1 0
vn 0 -1 0
usemtl m_78259a52-36d1-b55a-1736-85a769a7346c
f 1236/3232/808 1239/3231/808 1237/3230/808 1234/3229/808
f 1240/3236/809 1235/3235/809 1233/3234/809 1238/3233/809
f 1239/3240/810 1240/3239/810 1238/3238/810 1237/3237/810
f 1238/3244/811 1233/3243/811 1234/3242/811 1237/3241/811
f 1239/3248/812 1236/3247/812 1235/3246/812 1240/3245/812
o cube
v 6.33545 3.8125 1.334638125
v 6.33545 3.8125 1.272138125
v 6.33545 3.6875 1.334638125
v 6.33545 3.6875 1.272138125
v 6.02295 3.8125 1.272138125
v 6.02295 3.8125 1.334638125
v 6.02295 3.6875 1.272138125
v 6.02295 3.6875 1.334638125
vt 0.4375 0.46875
vt 0.41796875 0.46875
vt 0.41796875 0.4609375
vt 0.4375 0.4609375
vt 0.4609375 0.46875
vt 0.44140625 0.46875
vt 0.44140625 0.4609375
vt 0.4609375 0.4609375
vt 0.41796875 0.46875
vt 0.4375 0.46875
vt 0.4375 0.47265625
vt 0.41796875 0.47265625
vt 0.4375 0.47265625
vt 0.45703125 0.47265625
vt 0.45703125 0.46875
vt 0.4375 0.46875
vn 0 0 -1
vn 0 0 1
vn 0 1 0
vn 0 -1 0
usemtl m_78259a52-36d1-b55a-1736-85a769a7346c
f 1244/3252/813 1247/3251/813 1245/3250/813 1242/3249/813
f 1248/3256/814 1243/3255/814 1241/3254/814 1246/3253/814
f 1246/3260/815 1241/3259/815 1242/3258/815 1245/3257/815
f 1247/3264/816 1244/3263/816 1243/3262/816 1248/3261/816
o cube
v 5.64795 3.8125 1.147138125
v 5.64795 3.8125 0.9596381249999999
v 5.64795 3.6875 1.147138125
v 5.64795 3.6875 0.9596381249999999
v 5.52295 3.8125 0.9596381249999999
v 5.52295 3.8125 1.147138125
v 5.52295 3.6875 0.9596381249999999
v 5.52295 3.6875 1.147138125
vt 0.390625 0.3203125
vt 0.3828125 0.3203125
vt 0.3828125 0.3125
vt 0.390625 0.3125
vt 0.40234375 0.3203125
vt 0.390625 0.3203125
vt 0.390625 0.3125
vt 0.40234375 0.3125
vt 0.41015625 0.3203125
vt 0.40234375 0.3203125
vt 0.40234375 0.3125
vt 0.41015625 0.3125
vt 0.3828125 0.3203125
vt 0.37109375 0.3203125
vt 0.37109375 0.3125
vt 0.3828125 0.3125
vt 0.3828125 0.3203125
vt 0.390625 0.3203125
vt 0.390625 0.33203125
vt 0.3828125 0.33203125
vt 0.390625 0.33203125
vt 0.3984375 0.33203125
vt 0.3984375 0.3203125
vt 0.390625 0.3203125
vn 0 0 -1
vn 1 0 0
vn 0 0 1
vn -1 0 0
vn 0 1 0
vn 0 -1 0
usemtl m_78259a52-36d1-b55a-1736-85a769a7346c
f 1252/3268/817 1255/3267/817 1253/3266/817 1250/3265/817
f 1251/3272/818 1252/3271/818 1250/3270/818 1249/3269/818
f 1256/3276/819 1251/3275/819 1249/3274/819 1254/3273/819
f 1255/3280/820 1256/3279/820 1254/3278/820 1253/3277/820
f 1254/3284/821 1249/3283/821 1250/3282/821 1253/3281/821
f 1255/3288/822 1252/3287/822 1251/3286/822 1256/3285/822
o cube
v 5.96045 3.8125 1.209638125
v 5.96045 3.8125 1.022138125
v 5.96045 3.6875 1.209638125
v 5.96045 3.6875 1.022138125
v 5.77295 3.8125 1.022138125
v 5.77295 3.8125 1.209638125
v 5.77295 3.6875 1.022138125
v 5.77295 3.6875 1.209638125
vt 0.51171875 0.32421875
vt 0.5 0.32421875
vt 0.5 0.31640625
vt 0.51171875 0.31640625
vt 0.5234375 0.32421875
vt 0.51171875 0.32421875
vt 0.51171875 0.31640625
vt 0.5234375 0.31640625
vt 0.53515625 0.32421875
vt 0.5234375 0.32421875
vt 0.5234375 0.31640625
vt 0.53515625 0.31640625
vt 0.5 0.32421875
vt 0.48828125 0.32421875
vt 0.48828125 0.31640625
vt 0.5 0.31640625
vt 0.5 0.32421875
vt 0.51171875 0.32421875
vt 0.51171875 0.3359375
vt 0.5 0.3359375
vt 0.51171875 0.3359375
vt 0.5234375 0.3359375
vt 0.5234375 0.32421875
vt 0.51171875 0.32421875
vn 0 0 -1
vn 1 0 0
vn 0 0 1
vn -1 0 0
vn 0 1 0
vn 0 -1 0
usemtl m_78259a52-36d1-b55a-1736-85a769a7346c
f 1260/3292/823 1263/3291/823 1261/3290/823 1258/3289/823
f 1259/3296/824 1260/3295/824 1258/3294/824 1257/3293/824
f 1264/3300/825 1259/3299/825 1257/3298/825 1262/3297/825
f 1263/3304/826 1264/3303/826 1262/3302/826 1261/3301/826
f 1262/3308/827 1257/3307/827 1258/3306/827 1261/3305/827
f 1263/3312/828 1260/3311/828 1259/3310/828 1264/3309/828
o cube
v 5.46045 3.8125 1.334638125
v 5.46045 3.8125 1.084638125
v 5.46045 3.6875 1.334638125
v 5.46045 3.6875 1.084638125
v 5.21045 3.8125 1.084638125
v 5.21045 3.8125 1.334638125
v 5.21045 3.6875 1.084638125
v 5.21045 3.6875 1.334638125
vt 0.3359375 0.48046875
vt 0.3203125 0.48046875
vt 0.3203125 0.47265625
vt 0.3359375 0.47265625
vt 0.3515625 0.48046875
vt 0.3359375 0.48046875
vt 0.3359375 0.47265625
vt 0.3515625 0.47265625
vt 0.3671875 0.48046875
vt 0.3515625 0.48046875
vt 0.3515625 0.47265625
vt 0.3671875 0.47265625
vt 0.3203125 0.48046875
vt 0.3046875 0.48046875
vt 0.3046875 0.47265625
vt 0.3203125 0.47265625
vt 0.3203125 0.48046875
vt 0.3359375 0.48046875
vt 0.3359375 0.49609375
vt 0.3203125 0.49609375
vt 0.3359375 0.49609375
vt 0.3515625 0.49609375
vt 0.3515625 0.48046875
vt 0.3359375 0.48046875
vn 0 0 -1
vn 1 0 0
vn 0 0 1
vn -1 0 0
vn 0 1 0
vn 0 -1 0
usemtl m_78259a52-36d1-b55a-1736-85a769a7346c
f 1268/3316/829 1271/3315/829 1269/3314/829 1266/3313/829
f 1267/3320/830 1268/3319/830 1266/3318/830 1265/3317/830
f 1272/3324/831 1267/3323/831 1265/3322/831 1270/3321/831
f 1271/3328/832 1272/3327/832 1270/3326/832 1269/3325/832
f 1270/3332/833 1265/3331/833 1266/3330/833 1269/3329/833
f 1271/3336/834 1268/3335/834 1267/3334/834 1272/3333/834
o cube
v 5.83545 3.8125 1.522138125
v 5.83545 3.8125 1.272138125
v 5.83545 3.6875 1.522138125
v 5.83545 3.6875 1.272138125
v 5.64795 3.8125 1.272138125
v 5.64795 3.8125 1.522138125
v 5.64795 3.6875 1.272138125
v 5.64795 3.6875 1.522138125
vt 0.3125 0.328125
vt 0.30078125 0.328125
vt 0.30078125 0.3203125
vt 0.3125 0.3203125
vt 0.328125 0.328125
vt 0.3125 0.328125
vt 0.3125 0.3203125
vt 0.328125 0.3203125
vt 0.33984375 0.328125
vt 0.328125 0.328125
vt 0.328125 0.3203125
vt 0.33984375 0.3203125
vt 0.30078125 0.328125
vt 0.28515625 0.328125
vt 0.28515625 0.3203125
vt 0.30078125 0.3203125
vt 0.30078125 0.328125
vt 0.3125 0.328125
vt 0.3125 0.34375
vt 0.30078125 0.34375
vt 0.3125 0.34375
vt 0.32421875 0.34375
vt 0.32421875 0.328125
vt 0.3125 0.328125
vn 0 0 -1
vn 1 0 0
vn 0 0 1
vn -1 0 0
vn 0 1 0
vn 0 -1 0
usemtl m_78259a52-36d1-b55a-1736-85a769a7346c
f 1276/3340/835 1279/3339/835 1277/3338/835 1274/3337/835
f 1275/3344/836 1276/3343/836 1274/3342/836 1273/3341/836
f 1280/3348/837 1275/3347/837 1273/3346/837 1278/3345/837
f 1279/3352/838 1280/3351/838 1278/3350/838 1277/3349/838
f 1278/3356/839 1273/3355/839 1274/3354/839 1277/3353/839
f 1279/3360/840 1276/3359/840 1275/3358/840 1280/3357/840
o cube
v 6.71045 3.8125 1.397138125
v 6.71045 3.8125 1.209638125
v 6.71045 3.6875 1.397138125
v 6.71045 3.6875 1.209638125
v 6.58545 3.8125 1.209638125
v 6.58545 3.8125 1.397138125
v 6.58545 3.6875 1.209638125
v 6.58545 3.6875 1.397138125
vt 0.52734375 0.89453125
vt 0.51953125 0.89453125
vt 0.51953125 0.88671875
vt 0.52734375 0.88671875
vt 0.5390625 0.89453125
vt 0.52734375 0.89453125
vt 0.52734375 0.88671875
vt 0.5390625 0.88671875
vt 0.546875 0.89453125
vt 0.5390625 0.89453125
vt 0.5390625 0.88671875
vt 0.546875 0.88671875
vt 0.51953125 0.89453125
vt 0.52734375 0.89453125
vt 0.52734375 0.90625
vt 0.51953125 0.90625
vt 0.52734375 0.90625
vt 0.53515625 0.90625
vt 0.53515625 0.89453125
vt 0.52734375 0.89453125
vn 0 0 -1
vn 1 0 0
vn 0 0 1
vn 0 1 0
vn 0 -1 0
usemtl m_78259a52-36d1-b55a-1736-85a769a7346c
f 1284/3364/841 1287/3363/841 1285/3362/841 1282/3361/841
f 1283/3368/842 1284/3367/842 1282/3366/842 1281/3365/842
f 1288/3372/843 1283/3371/843 1281/3370/843 1286/3369/843
f 1286/3376/844 1281/3375/844 1282/3374/844 1285/3373/844
f 1287/3380/845 1284/3379/845 1283/3378/845 1288/3377/845
o cube
v 7.02295 3.8125 1.397138125
v 7.02295 3.8125 1.209638125
v 7.02295 3.6875 1.397138125
v 7.02295 3.6875 1.209638125
v 6.89795 3.8125 1.209638125
v 6.89795 3.8125 1.397138125
v 6.89795 3.6875 1.209638125
v 6.89795 3.6875 1.397138125
vt 0.37890625 0.69140625
vt 0.37109375 0.69140625
vt 0.37109375 0.68359375
vt 0.37890625 0.68359375
vt 0.390625 0.69140625
vt 0.37890625 0.69140625
vt 0.37890625 0.68359375
vt 0.390625 0.68359375
vt 0.3984375 0.69140625
vt 0.390625 0.69140625
vt 0.390625 0.68359375
vt 0.3984375 0.68359375
vt 0.37109375 0.69140625
vt 0.359375 0.69140625
vt 0.359375 0.68359375
vt 0.37109375 0.68359375
vt 0.37109375 0.69140625
vt 0.37890625 0.69140625
vt 0.37890625 0.703125
vt 0.37109375 0.703125
vt 0.37890625 0.703125
vt 0.38671875 0.703125
vt 0.38671875 0.69140625
vt 0.37890625 0.69140625
vn 0 0 -1
vn 1 0 0
vn 0 0 1
vn -1 0 0
vn 0 1 0
vn 0 -1 0
usemtl m_78259a52-36d1-b55a-1736-85a769a7346c
f 1292/3384/846 1295/3383/846 1293/3382/846 1290/3381/846
f 1291/3388/847 1292/3387/847 1290/3386/847 1289/3385/847
f 1296/3392/848 1291/3391/848 1289/3390/848 1294/3389/848
f 1295/3396/849 1296/3395/849 1294/3394/849 1293/3393/849
f 1294/3400/850 1289/3399/850 1290/3398/850 1293/3397/850
f 1295/3404/851 1292/3403/851 1291/3402/851 1296/3401/851
o cube
v 6.89795 3.8125 1.334638125
v 6.89795 3.8125 1.272138125
v 6.89795 3.6875 1.334638125
v 6.89795 3.6875 1.272138125
v 6.71045 3.8125 1.272138125
v 6.71045 3.8125 1.334638125
v 6.71045 3.6875 1.272138125
v 6.71045 3.6875 1.334638125
vt 0.55078125 0.515625
vt 0.5390625 0.515625
vt 0.5390625 0.5078125
vt 0.55078125 0.5078125
vt 0.56640625 0.515625
vt 0.5546875 0.515625
vt 0.5546875 0.5078125
vt 0.56640625 0.5078125
vt 0.5390625 0.515625
vt 0.55078125 0.515625
vt 0.55078125 0.51953125
vt 0.5390625 0.51953125
vt 0.55078125 0.51953125
vt 0.5625 0.51953125
vt 0.5625 0.515625
vt 0.55078125 0.515625
vn 0 0 -1
vn 0 0 1
vn 0 1 0
vn 0 -1 0
usemtl m_78259a52-36d1-b55a-1736-85a769a7346c
f 1300/3408/852 1303/3407/852 1301/3406/852 1298/3405/852
f 1304/3412/853 1299/3411/853 1297/3410/853 1302/3409/853
f 1302/3416/854 1297/3415/854 1298/3414/854 1301/3413/854
f 1303/3420/855 1300/3419/855 1299/3418/855 1304/3417/855
o cube
v 6.52295 3.8125 0.272138125
v 6.52295 3.8125 0.20963812499999998
v 6.52295 3.6875 0.272138125
v 6.52295 3.6875 0.20963812499999998
v 6.21045 3.8125 0.20963812499999998
v 6.21045 3.8125 0.272138125
v 6.21045 3.6875 0.20963812499999998
v 6.21045 3.6875 0.272138125
vt 0.46484375 0.42578125
vt 0.4453125 0.42578125
vt 0.4453125 0.41796875
vt 0.46484375 0.41796875
vt 0.48828125 0.42578125
vt 0.46875 0.42578125
vt 0.46875 0.41796875
vt 0.48828125 0.41796875
vt 0.4453125 0.42578125
vt 0.46484375 0.42578125
vt 0.46484375 0.4296875
vt 0.4453125 0.4296875
vt 0.46484375 0.4296875
vt 0.484375 0.4296875
vt 0.484375 0.42578125
vt 0.46484375 0.42578125
vn 0 0 -1
vn 0 0 1
vn 0 1 0
vn 0 -1 0
usemtl m_78259a52-36d1-b55a-1736-85a769a7346c
f 1308/3424/856 1311/3423/856 1309/3422/856 1306/3421/856
f 1312/3428/857 1307/3427/857 1305/3426/857 1310/3425/857
f 1310/3432/858 1305/3431/858 1306/3430/858 1309/3429/858
f 1311/3436/859 1308/3435/859 1307/3434/859 1312/3433/859
o cube
v 6.58545 3.8125 0.334638125
v 6.58545 3.8125 0.14713812499999998
v 6.58545 3.6875 0.334638125
v 6.58545 3.6875 0.14713812499999998
v 6.46045 3.8125 0.14713812499999998
v 6.46045 3.8125 0.334638125
v 6.46045 3.6875 0.14713812499999998
v 6.46045 3.6875 0.334638125
vt 0.5 0.59765625
vt 0.4921875 0.59765625
vt 0.4921875 0.58984375
vt 0.5 0.58984375
vt 0.51953125 0.59765625
vt 0.51171875 0.59765625
vt 0.51171875 0.58984375
vt 0.51953125 0.58984375
vt 0.4921875 0.59765625
vt 0.48046875 0.59765625
vt 0.48046875 0.58984375
vt 0.4921875 0.58984375
vt 0.4921875 0.59765625
vt 0.5 0.59765625
vt 0.5 0.609375
vt 0.4921875 0.609375
vt 0.5 0.609375
vt 0.5078125 0.609375
vt 0.5078125 0.59765625
vt 0.5 0.59765625
vn 0 0 -1
vn 0 0 1
vn -1 0 0
vn 0 1 0
vn 0 -1 0
usemtl m_78259a52-36d1-b55a-1736-85a769a7346c
f 1316/3440/860 1319/3439/860 1317/3438/860 1314/3437/860
f 1320/3444/861 1315/3443/861 1313/3442/861 1318/3441/861
f 1319/3448/862 1320/3447/862 1318/3446/862 1317/3445/862
f 1318/3452/863 1313/3451/863 1314/3450/863 1317/3449/863
f 1319/3456/864 1316/3455/864 1315/3454/864 1320/3453/864
o cube
v 6.27295 3.8125 0.334638125
v 6.27295 3.8125 0.14713812499999998
v 6.27295 3.6875 0.334638125
v 6.27295 3.6875 0.14713812499999998
v 6.14795 3.8125 0.14713812499999998
v 6.14795 3.8125 0.334638125
v 6.14795 3.6875 0.14713812499999998
v 6.14795 3.6875 0.334638125
vt 0.43359375 0.49609375
vt 0.42578125 0.49609375
vt 0.42578125 0.48828125
vt 0.43359375 0.48828125
vt 0.4453125 0.49609375
vt 0.43359375 0.49609375
vt 0.43359375 0.48828125
vt 0.4453125 0.48828125
vt 0.453125 0.49609375
vt 0.4453125 0.49609375
vt 0.4453125 0.48828125
vt 0.453125 0.48828125
vt 0.42578125 0.49609375
vt 0.4140625 0.49609375
vt 0.4140625 0.48828125
vt 0.42578125 0.48828125
vt 0.42578125 0.49609375
vt 0.43359375 0.49609375
vt 0.43359375 0.5078125
vt 0.42578125 0.5078125
vt 0.43359375 0.5078125
vt 0.44140625 0.5078125
vt 0.44140625 0.49609375
vt 0.43359375 0.49609375
vn 0 0 -1
vn 1 0 0
vn 0 0 1
vn -1 0 0
vn 0 1 0
vn 0 -1 0
usemtl m_78259a52-36d1-b55a-1736-85a769a7346c
f 1324/3460/865 1327/3459/865 1325/3458/865 1322/3457/865
f 1323/3464/866 1324/3463/866 1322/3462/866 1321/3461/866
f 1328/3468/867 1323/3467/867 1321/3466/867 1326/3465/867
f 1327/3472/868 1328/3471/868 1326/3470/868 1325/3469/868
f 1326/3476/869 1321/3475/869 1322/3474/869 1325/3473/869
f 1327/3480/870 1324/3479/870 1323/3478/870 1328/3477/870
o cube
v 6.02295 3.8125 0.522138125
v 6.02295 3.8125 0.20963812499999998
v 6.02295 3.6875 0.522138125
v 6.02295 3.6875 0.20963812499999998
v 5.71045 3.8125 0.20963812499999998
v 5.71045 3.8125 0.522138125
v 5.71045 3.6875 0.20963812499999998
v 5.71045 3.6875 0.522138125
vt 0.1875 0.35546875
vt 0.16796875 0.35546875
vt 0.16796875 0.34765625
vt 0.1875 0.34765625
vt 0.20703125 0.35546875
vt 0.1875 0.35546875
vt 0.1875 0.34765625
vt 0.20703125 0.34765625
vt 0.2265625 0.35546875
vt 0.20703125 0.35546875
vt 0.20703125 0.34765625
vt 0.2265625 0.34765625
vt 0.16796875 0.35546875
vt 0.1484375 0.35546875
vt 0.1484375 0.34765625
vt 0.16796875 0.34765625
vt 0.16796875 0.35546875
vt 0.1875 0.35546875
vt 0.1875 0.375
vt 0.16796875 0.375
vt 0.1875 0.375
vt 0.20703125 0.375
vt 0.20703125 0.35546875
vt 0.1875 0.35546875
vn 0 0 -1
vn 1 0 0
vn 0 0 1
vn -1 0 0
vn 0 1 0
vn 0 -1 0
usemtl m_78259a52-36d1-b55a-1736-85a769a7346c
f 1332/3484/871 1335/3483/871 1333/3482/871 1330/3481/871
f 1331/3488/872 1332/3487/872 1330/3486/872 1329/3485/872
f 1336/3492/873 1331/3491/873 1329/3490/873 1334/3489/873
f 1335/3496/874 1336/3495/874 1334/3494/874 1333/3493/874
f 1334/3500/875 1329/3499/875 1330/3498/875 1333/3497/875
f 1335/3504/876 1332/3503/876 1331/3502/876 1336/3501/876
o cube
v 7.08545 3.8125 0.272138125
v 7.08545 3.8125 0.20963812499999998
v 7.08545 3.6875 0.272138125
v 7.08545 3.6875 0.20963812499999998
v 6.89795 3.8125 0.20963812499999998
v 6.89795 3.8125 0.272138125
v 6.89795 3.6875 0.20963812499999998
v 6.89795 3.6875 0.272138125
vt 0.55078125 0.515625
vt 0.5390625 0.515625
vt 0.5390625 0.5078125
vt 0.55078125 0.5078125
vt 0.56640625 0.515625
vt 0.5546875 0.515625
vt 0.5546875 0.5078125
vt 0.56640625 0.5078125
vt 0.5390625 0.515625
vt 0.55078125 0.515625
vt 0.55078125 0.51953125
vt 0.5390625 0.51953125
vt 0.55078125 0.51953125
vt 0.5625 0.51953125
vt 0.5625 0.515625
vt 0.55078125 0.515625
vn 0 0 -1
vn 0 0 1
vn 0 1 0
vn 0 -1 0
usemtl m_78259a52-36d1-b55a-1736-85a769a7346c
f 1340/3508/877 1343/3507/877 1341/3506/877 1338/3505/877
f 1344/3512/878 1339/3511/878 1337/3510/878 1342/3509/878
f 1342/3516/879 1337/3515/879 1338/3514/879 1341/3513/879
f 1343/3520/880 1340/3519/880 1339/3518/880 1344/3517/880
o cube
v 7.21045 3.8125 0.334638125
v 7.21045 3.8125 0.14713812499999998
v 7.21045 3.6875 0.334638125
v 7.21045 3.6875 0.14713812499999998
v 7.08545 3.8125 0.14713812499999998
v 7.08545 3.8125 0.334638125
v 7.08545 3.6875 0.14713812499999998
v 7.08545 3.6875 0.334638125
vt 0.37890625 0.69140625
vt 0.37109375 0.69140625
vt 0.37109375 0.68359375
vt 0.37890625 0.68359375
vt 0.390625 0.69140625
vt 0.37890625 0.69140625
vt 0.37890625 0.68359375
vt 0.390625 0.68359375
vt 0.3984375 0.69140625
vt 0.390625 0.69140625
vt 0.390625 0.68359375
vt 0.3984375 0.68359375
vt 0.37109375 0.69140625
vt 0.359375 0.69140625
vt 0.359375 0.68359375
vt 0.37109375 0.68359375
vt 0.37109375 0.69140625
vt 0.37890625 0.69140625
vt 0.37890625 0.703125
vt 0.37109375 0.703125
vt 0.37890625 0.703125
vt 0.38671875 0.703125
vt 0.38671875 0.69140625
vt 0.37890625 0.69140625
vn 0 0 -1
vn 1 0 0
vn 0 0 1
vn -1 0 0
vn 0 1 0
vn 0 -1 0
usemtl m_78259a52-36d1-b55a-1736-85a769a7346c
f 1348/3524/881 1351/3523/881 1349/3522/881 1346/3521/881
f 1347/3528/882 1348/3527/882 1346/3526/882 1345/3525/882
f 1352/3532/883 1347/3531/883 1345/3530/883 1350/3529/883
f 1351/3536/884 1352/3535/884 1350/3534/884 1349/3533/884
f 1350/3540/885 1345/3539/885 1346/3538/885 1349/3537/885
f 1351/3544/886 1348/3543/886 1347/3542/886 1352/3541/886
o cube
v 6.89795 3.8125 0.334638125
v 6.89795 3.8125 0.14713812499999998
v 6.89795 3.6875 0.334638125
v 6.89795 3.6875 0.14713812499999998
v 6.77295 3.8125 0.14713812499999998
v 6.77295 3.8125 0.334638125
v 6.77295 3.6875 0.14713812499999998
v 6.77295 3.6875 0.334638125
vt 0.52734375 0.89453125
vt 0.51953125 0.89453125
vt 0.51953125 0.88671875
vt 0.52734375 0.88671875
vt 0.5390625 0.89453125
vt 0.52734375 0.89453125
vt 0.52734375 0.88671875
vt 0.5390625 0.88671875
vt 0.546875 0.89453125
vt 0.5390625 0.89453125
vt 0.5390625 0.88671875
vt 0.546875 0.88671875
vt 0.51953125 0.89453125
vt 0.52734375 0.89453125
vt 0.52734375 0.90625
vt 0.51953125 0.90625
vt 0.52734375 0.90625
vt 0.53515625 0.90625
vt 0.53515625 0.89453125
vt 0.52734375 0.89453125
vn 0 0 -1
vn 1 0 0
vn 0 0 1
vn 0 1 0
vn 0 -1 0
usemtl m_78259a52-36d1-b55a-1736-85a769a7346c
f 1356/3548/887 1359/3547/887 1357/3546/887 1354/3545/887
f 1355/3552/888 1356/3551/888 1354/3550/888 1353/3549/888
f 1360/3556/889 1355/3555/889 1353/3554/889 1358/3553/889
f 1358/3560/890 1353/3559/890 1354/3558/890 1357/3557/890
f 1359/3564/891 1356/3563/891 1355/3562/891 1360/3561/891
o cube
v 6.58545 3.8125 0.834638125
v 6.58545 3.8125 0.772138125
v 6.58545 3.6875 0.834638125
v 6.58545 3.6875 0.772138125
v 6.27295 3.8125 0.772138125
v 6.27295 3.8125 0.834638125
v 6.27295 3.6875 0.772138125
v 6.27295 3.6875 0.834638125
vt 0.48828125 0.44140625
vt 0.46875 0.44140625
vt 0.46875 0.43359375
vt 0.48828125 0.43359375
vt 0.51171875 0.44140625
vt 0.4921875 0.44140625
vt 0.4921875 0.43359375
vt 0.51171875 0.43359375
vt 0.46875 0.44140625
vt 0.48828125 0.44140625
vt 0.48828125 0.4453125
vt 0.46875 0.4453125
vt 0.48828125 0.4453125
vt 0.5078125 0.4453125
vt 0.5078125 0.44140625
vt 0.48828125 0.44140625
vn 0 0 -1
vn 0 0 1
vn 0 1 0
vn 0 -1 0
usemtl m_78259a52-36d1-b55a-1736-85a769a7346c
f 1364/3568/892 1367/3567/892 1365/3566/892 1362/3565/892
f 1368/3572/893 1363/3571/893 1361/3570/893 1366/3569/893
f 1366/3576/894 1361/3575/894 1362/3574/894 1365/3573/894
f 1367/3580/895 1364/3579/895 1363/3578/895 1368/3577/895
o cube
v 6.64795 3.8125 0.897138125
v 6.64795 3.8125 0.709638125
v 6.64795 3.6875 0.897138125
v 6.64795 3.6875 0.709638125
v 6.52295 3.8125 0.709638125
v 6.52295 3.8125 0.897138125
v 6.52295 3.6875 0.709638125
v 6.52295 3.6875 0.897138125
vt 0.5 0.59765625
vt 0.4921875 0.59765625
vt 0.4921875 0.58984375
vt 0.5 0.58984375
vt 0.51953125 0.59765625
vt 0.51171875 0.59765625
vt 0.51171875 0.58984375
vt 0.51953125 0.58984375
vt 0.4921875 0.59765625
vt 0.48046875 0.59765625
vt 0.48046875 0.58984375
vt 0.4921875 0.58984375
vt 0.4921875 0.59765625
vt 0.5 0.59765625
vt 0.5 0.609375
vt 0.4921875 0.609375
vt 0.5 0.609375
vt 0.5078125 0.609375
vt 0.5078125 0.59765625
vt 0.5 0.59765625
vn 0 0 -1
vn 0 0 1
vn -1 0 0
vn 0 1 0
vn 0 -1 0
usemtl m_78259a52-36d1-b55a-1736-85a769a7346c
f 1372/3584/896 1375/3583/896 1373/3582/896 1370/3581/896
f 1376/3588/897 1371/3587/897 1369/3586/897 1374/3585/897
f 1375/3592/898 1376/3591/898 1374/3590/898 1373/3589/898
f 1374/3596/899 1369/3595/899 1370/3594/899 1373/3593/899
f 1375/3600/900 1372/3599/900 1371/3598/900 1376/3597/900
o cube
v 6.33545 3.8125 0.897138125
v 6.33545 3.8125 0.709638125
v 6.33545 3.6875 0.897138125
v 6.33545 3.6875 0.709638125
v 6.21045 3.8125 0.709638125
v 6.21045 3.8125 0.897138125
v 6.21045 3.6875 0.709638125
v 6.21045 3.6875 0.897138125
vt 0.453125 0.28515625
vt 0.4453125 0.28515625
vt 0.4453125 0.27734375
vt 0.453125 0.27734375
vt 0.46484375 0.28515625
vt 0.453125 0.28515625
vt 0.453125 0.27734375
vt 0.46484375 0.27734375
vt 0.47265625 0.28515625
vt 0.46484375 0.28515625
vt 0.46484375 0.27734375
vt 0.47265625 0.27734375
vt 0.4453125 0.28515625
vt 0.43359375 0.28515625
vt 0.43359375 0.27734375
vt 0.4453125 0.27734375
vt 0.4453125 0.28515625
vt 0.453125 0.28515625
vt 0.453125 0.296875
vt 0.4453125 0.296875
vt 0.453125 0.296875
vt 0.4609375 0.296875
vt 0.4609375 0.28515625
vt 0.453125 0.28515625
vn 0 0 -1
vn 1 0 0
vn 0 0 1
vn -1 0 0
vn 0 1 0
vn 0 -1 0
usemtl m_78259a52-36d1-b55a-1736-85a769a7346c
f 1380/3604/901 1383/3603/901 1381/3602/901 1378/3601/901
f 1379/3608/902 1380/3607/902 1378/3606/902 1377/3605/902
f 1384/3612/903 1379/3611/903 1377/3610/903 1382/3609/903
f 1383/3616/904 1384/3615/904 1382/3614/904 1381/3613/904
f 1382/3620/905 1377/3619/905 1378/3618/905 1381/3617/905
f 1383/3624/906 1380/3623/906 1379/3622/906 1384/3621/906
o cube
v 6.02295 3.8125 0.897138125
v 6.02295 3.8125 0.647138125
v 6.02295 3.6875 0.897138125
v 6.02295 3.6875 0.647138125
v 5.71045 3.8125 0.647138125
v 5.71045 3.8125 0.897138125
v 5.71045 3.6875 0.647138125
v 5.71045 3.6875 0.897138125
vt 0.359375 0.42578125
vt 0.33984375 0.42578125
vt 0.33984375 0.41796875
vt 0.359375 0.41796875
vt 0.375 0.42578125
vt 0.359375 0.42578125
vt 0.359375 0.41796875
vt 0.375 0.41796875
vt 0.39453125 0.42578125
vt 0.375 0.42578125
vt 0.375 0.41796875
vt 0.39453125 0.41796875
vt 0.33984375 0.42578125
vt 0.32421875 0.42578125
vt 0.32421875 0.41796875
vt 0.33984375 0.41796875
vt 0.33984375 0.42578125
vt 0.359375 0.42578125
vt 0.359375 0.44140625
vt 0.33984375 0.44140625
vt 0.359375 0.44140625
vt 0.37890625 0.44140625
vt 0.37890625 0.42578125
vt 0.359375 0.42578125
vn 0 0 -1
vn 1 0 0
vn 0 0 1
vn -1 0 0
vn 0 1 0
vn 0 -1 0
usemtl m_78259a52-36d1-b55a-1736-85a769a7346c
f 1388/3628/907 1391/3627/907 1389/3626/907 1386/3625/907
f 1387/3632/908 1388/3631/908 1386/3630/908 1385/3629/908
f 1392/3636/909 1387/3635/909 1385/3634/909 1390/3633/909
f 1391/3640/910 1392/3639/910 1390/3638/910 1389/3637/910
f 1390/3644/911 1385/3643/911 1386/3642/911 1389/3641/911
f 1391/3648/912 1388/3647/912 1387/3646/912 1392/3645/912
o cube
v 5.64795 3.8125 0.834638125
v 5.64795 3.8125 0.647138125
v 5.64795 3.6875 0.834638125
v 5.64795 3.6875 0.647138125
v 5.52295 3.8125 0.647138125
v 5.52295 3.8125 0.834638125
v 5.52295 3.6875 0.647138125
v 5.52295 3.6875 0.834638125
vt 0.390625 0.3203125
vt 0.3828125 0.3203125
vt 0.3828125 0.3125
vt 0.390625 0.3125
vt 0.40234375 0.3203125
vt 0.390625 0.3203125
vt 0.390625 0.3125
vt 0.40234375 0.3125
vt 0.41015625 0.3203125
vt 0.40234375 0.3203125
vt 0.40234375 0.3125
vt 0.41015625 0.3125
vt 0.3828125 0.3203125
vt 0.37109375 0.3203125
vt 0.37109375 0.3125
vt 0.3828125 0.3125
vt 0.3828125 0.3203125
vt 0.390625 0.3203125
vt 0.390625 0.33203125
vt 0.3828125 0.33203125
vt 0.390625 0.33203125
vt 0.3984375 0.33203125
vt 0.3984375 0.3203125
vt 0.390625 0.3203125
vn 0 0 -1
vn 1 0 0
vn 0 0 1
vn -1 0 0
vn 0 1 0
vn 0 -1 0
usemtl m_78259a52-36d1-b55a-1736-85a769a7346c
f 1396/3652/913 1399/3651/913 1397/3650/913 1394/3649/913
f 1395/3656/914 1396/3655/914 1394/3654/914 1393/3653/914
f 1400/3660/915 1395/3659/915 1393/3658/915 1398/3657/915
f 1399/3664/916 1400/3663/916 1398/3662/916 1397/3661/916
f 1398/3668/917 1393/3667/917 1394/3666/917 1397/3665/917
f 1399/3672/918 1396/3671/918 1395/3670/918 1400/3669/918
o cube
v 7.14795 3.8125 0.834638125
v 7.14795 3.8125 0.772138125
v 7.14795 3.6875 0.834638125
v 7.14795 3.6875 0.772138125
v 6.96045 3.8125 0.772138125
v 6.96045 3.8125 0.834638125
v 6.96045 3.6875 0.772138125
v 6.96045 3.6875 0.834638125
vt 0.55078125 0.515625
vt 0.5390625 0.515625
vt 0.5390625 0.5078125
vt 0.55078125 0.5078125
vt 0.56640625 0.515625
vt 0.5546875 0.515625
vt 0.5546875 0.5078125
vt 0.56640625 0.5078125
vt 0.5390625 0.515625
vt 0.55078125 0.515625
vt 0.55078125 0.51953125
vt 0.5390625 0.51953125
vt 0.55078125 0.51953125
vt 0.5625 0.51953125
vt 0.5625 0.515625
vt 0.55078125 0.515625
vn 0 0 -1
vn 0 0 1
vn 0 1 0
vn 0 -1 0
usemtl m_78259a52-36d1-b55a-1736-85a769a7346c
f 1404/3676/919 1407/3675/919 1405/3674/919 1402/3673/919
f 1408/3680/920 1403/3679/920 1401/3678/920 1406/3677/920
f 1406/3684/921 1401/3683/921 1402/3682/921 1405/3681/921
f 1407/3688/922 1404/3687/922 1403/3686/922 1408/3685/922
o cube
v 7.27295 3.8125 0.897138125
v 7.27295 3.8125 0.709638125
v 7.27295 3.6875 0.897138125
v 7.27295 3.6875 0.709638125
v 7.14795 3.8125 0.709638125
v 7.14795 3.8125 0.897138125
v 7.14795 3.6875 0.709638125
v 7.14795 3.6875 0.897138125
vt 0.37890625 0.69140625
vt 0.37109375 0.69140625
vt 0.37109375 0.68359375
vt 0.37890625 0.68359375
vt 0.390625 0.69140625
vt 0.37890625 0.69140625
vt 0.37890625 0.68359375
vt 0.390625 0.68359375
vt 0.3984375 0.69140625
vt 0.390625 0.69140625
vt 0.390625 0.68359375
vt 0.3984375 0.68359375
vt 0.37109375 0.69140625
vt 0.359375 0.69140625
vt 0.359375 0.68359375
vt 0.37109375 0.68359375
vt 0.37109375 0.69140625
vt 0.37890625 0.69140625
vt 0.37890625 0.703125
vt 0.37109375 0.703125
vt 0.37890625 0.703125
vt 0.38671875 0.703125
vt 0.38671875 0.69140625
vt 0.37890625 0.69140625
vn 0 0 -1
vn 1 0 0
vn 0 0 1
vn -1 0 0
vn 0 1 0
vn 0 -1 0
usemtl m_78259a52-36d1-b55a-1736-85a769a7346c
f 1412/3692/923 1415/3691/923 1413/3690/923 1410/3689/923
f 1411/3696/924 1412/3695/924 1410/3694/924 1409/3693/924
f 1416/3700/925 1411/3699/925 1409/3698/925 1414/3697/925
f 1415/3704/926 1416/3703/926 1414/3702/926 1413/3701/926
f 1414/3708/927 1409/3707/927 1410/3706/927 1413/3705/927
f 1415/3712/928 1412/3711/928 1411/3710/928 1416/3709/928
o cube
v 6.96045 3.8125 0.897138125
v 6.96045 3.8125 0.709638125
v 6.96045 3.6875 0.897138125
v 6.96045 3.6875 0.709638125
v 6.83545 3.8125 0.709638125
v 6.83545 3.8125 0.897138125
v 6.83545 3.6875 0.709638125
v 6.83545 3.6875 0.897138125
vt 0.52734375 0.89453125
vt 0.51953125 0.89453125
vt 0.51953125 0.88671875
vt 0.52734375 0.88671875
vt 0.5390625 0.89453125
vt 0.52734375 0.89453125
vt 0.52734375 0.88671875
vt 0.5390625 0.88671875
vt 0.546875 0.89453125
vt 0.5390625 0.89453125
vt 0.5390625 0.88671875
vt 0.546875 0.88671875
vt 0.51953125 0.89453125
vt 0.52734375 0.89453125
vt 0.52734375 0.90625
vt 0.51953125 0.90625
vt 0.52734375 0.90625
vt 0.53515625 0.90625
vt 0.53515625 0.89453125
vt 0.52734375 0.89453125
vn 0 0 -1
vn 1 0 0
vn 0 0 1
vn 0 1 0
vn 0 -1 0
usemtl m_78259a52-36d1-b55a-1736-85a769a7346c
f 1420/3716/929 1423/3715/929 1421/3714/929 1418/3713/929
f 1419/3720/930 1420/3719/930 1418/3718/930 1417/3717/930
f 1424/3724/931 1419/3723/931 1417/3722/931 1422/3721/931
f 1422/3728/932 1417/3727/932 1418/3726/932 1421/3725/932
f 1423/3732/933 1420/3731/933 1419/3730/933 1424/3729/933
o cube
v 5.719277674335244 3.8125 0.036517972137233956
v 5.807666021983562 3.8125 -0.05187037551108448
v 5.719277674335244 3.6875 0.036517972137233956
v 5.807666021983562 3.6875 -0.05187037551108448
v 5.675083500511084 3.8125 -0.18445289698356215
v 5.586695152862766 3.8125 -0.09606454933524375
v 5.675083500511084 3.6875 -0.18445289698356215
v 5.586695152862766 3.6875 -0.09606454933524375
vt 0.39453125 0.5
vt 0.40625 0.5
vt 0.40625 0.5078125
vt 0.39453125 0.5078125
vt 0.40625 0.5078125
vt 0.41796875 0.5078125
vt 0.41796875 0.5
vt 0.40625 0.5
vn 0 1 0
vn 0 -1 0
usemtl m_78259a52-36d1-b55a-1736-85a769a7346c
f 1430/3736/934 1425/3735/934 1426/3734/934 1429/3733/934
f 1431/3740/935 1428/3739/935 1427/3738/935 1432/3737/935
o cube
v 5.630889326686925 3.8125 0.21329466743387082
v 5.763471848159403 3.8125 0.08071214596139314
v 5.630889326686925 3.6875 0.21329466743387082
v 5.763471848159403 3.6875 0.08071214596139314
v 5.542500979038607 3.8125 -0.14025872315940296
v 5.409918457566129 3.8125 -0.007676201686925288
v 5.542500979038607 3.6875 -0.14025872315940296
v 5.409918457566129 3.6875 -0.007676201686925288
vt 0.49609375 0.390625
vt 0.4765625 0.390625
vt 0.4765625 0.3828125
vt 0.49609375 0.3828125
vt 0.5078125 0.390625
vt 0.49609375 0.390625
vt 0.49609375 0.3828125
vt 0.5078125 0.3828125
vt 0.52734375 0.390625
vt 0.5078125 0.390625
vt 0.5078125 0.3828125
vt 0.52734375 0.3828125
vt 0.4765625 0.390625
vt 0.46484375 0.390625
vt 0.46484375 0.3828125
vt 0.4765625 0.3828125
vt 0.4765625 0.390625
vt 0.49609375 0.390625
vt 0.49609375 0.40234375
vt 0.4765625 0.40234375
vt 0.49609375 0.40234375
vt 0.515625 0.40234375
vt 0.515625 0.390625
vt 0.49609375 0.390625
vn 0.7071067811865476 0 -0.7071067811865475
vn 0.7071067811865475 0 0.7071067811865476
vn -0.7071067811865476 0 0.7071067811865475
vn -0.7071067811865475 0 -0.7071067811865476
vn 0 1 0
vn 0 -1 0
usemtl m_78259a52-36d1-b55a-1736-85a769a7346c
f 1436/3744/936 1439/3743/936 1437/3742/936 1434/3741/936
f 1435/3748/937 1436/3747/937 1434/3746/937 1433/3745/937
f 1440/3752/938 1435/3751/938 1433/3750/938 1438/3749/938
f 1439/3756/939 1440/3755/939 1438/3754/939 1437/3753/939
f 1438/3760/940 1433/3759/940 1434/3758/940 1437/3757/940
f 1439/3764/941 1436/3763/941 1435/3762/941 1440/3761/941
o cube
v 5.851860195807721 3.8125 -0.007676201686925288
v 5.94024854345604 3.8125 -0.09606454933524369
v 5.851860195807721 3.6875 -0.007676201686925288
v 5.94024854345604 3.6875 -0.09606454933524369
v 5.719277674335244 3.8125 -0.3170354184560398
v 5.630889326686925 3.8125 -0.22864707080772137
v 5.719277674335244 3.6875 -0.3170354184560398
v 5.630889326686925 3.6875 -0.22864707080772137
vt 0.36328125 0.40234375
vt 0.34375 0.40234375
vt 0.34375 0.39453125
vt 0.36328125 0.39453125
vt 0.37109375 0.40234375
vt 0.36328125 0.40234375
vt 0.36328125 0.39453125
vt 0.37109375 0.39453125
vt 0.390625 0.40234375
vt 0.37109375 0.40234375
vt 0.37109375 0.39453125
vt 0.390625 0.39453125
vt 0.34375 0.40234375
vt 0.3359375 0.40234375
vt 0.3359375 0.39453125
vt 0.34375 0.39453125
vt 0.34375 0.40234375
vt 0.36328125 0.40234375
vt 0.36328125 0.41015625
vt 0.34375 0.41015625
vt 0.36328125 0.41015625
vt 0.3828125 0.41015625
vt 0.3828125 0.40234375
vt 0.36328125 0.40234375
vn 0.7071067811865476 0 -0.7071067811865475
vn 0.7071067811865475 0 0.7071067811865476
vn -0.7071067811865476 0 0.7071067811865475
vn -0.7071067811865475 0 -0.7071067811865476
vn 0 1 0
vn 0 -1 0
usemtl m_78259a52-36d1-b55a-1736-85a769a7346c
f 1444/3768/942 1447/3767/942 1445/3766/942 1442/3765/942
f 1443/3772/943 1444/3771/943 1442/3770/943 1441/3769/943
f 1448/3776/944 1443/3775/944 1441/3774/944 1446/3773/944
f 1447/3780/945 1448/3779/945 1446/3778/945 1445/3777/945
f 1446/3784/946 1441/3783/946 1442/3782/946 1445/3781/946
f 1447/3788/947 1444/3787/947 1443/3786/947 1448/3785/947
o cube
v 5.58545 3.8125 0.522138125
v 5.58545 3.8125 0.272138125
v 5.58545 3.6875 0.522138125
v 5.58545 3.6875 0.272138125
v 5.33545 3.8125 0.272138125
v 5.33545 3.8125 0.522138125
v 5.33545 3.6875 0.272138125
v 5.33545 3.6875 0.522138125
vt 0.27734375 0.46484375
vt 0.26171875 0.46484375
vt 0.26171875 0.45703125
vt 0.27734375 0.45703125
vt 0.29296875 0.46484375
vt 0.27734375 0.46484375
vt 0.27734375 0.45703125
vt 0.29296875 0.45703125
vt 0.30859375 0.46484375
vt 0.29296875 0.46484375
vt 0.29296875 0.45703125
vt 0.30859375 0.45703125
vt 0.26171875 0.46484375
vt 0.24609375 0.46484375
vt 0.24609375 0.45703125
vt 0.26171875 0.45703125
vt 0.26171875 0.46484375
vt 0.27734375 0.46484375
vt 0.27734375 0.48046875
vt 0.26171875 0.48046875
vt 0.27734375 0.48046875
vt 0.29296875 0.48046875
vt 0.29296875 0.46484375
vt 0.27734375 0.46484375
vn 0 0 -1
vn 1 0 0
vn 0 0 1
vn -1 0 0
vn 0 1 0
vn 0 -1 0
usemtl m_78259a52-36d1-b55a-1736-85a769a7346c
f 1452/3792/948 1455/3791/948 1453/3790/948 1450/3789/948
f 1451/3796/949 1452/3795/949 1450/3794/949 1449/3793/949
f 1456/3800/950 1451/3799/950 1449/3798/950 1454/3797/950
f 1455/3804/951 1456/3803/951 1454/3802/951 1453/3801/951
f 1454/3808/952 1449/3807/952 1450/3806/952 1453/3805/952
f 1455/3812/953 1452/3811/953 1451/3810/953 1456/3809/953
o cube
v 6.036219412576836 3.8125 -0.19203541845603977
v 6.124607760225154 3.8125 -0.2804237661043582
v 6.036219412576836 3.6875 -0.19203541845603977
v 6.124607760225154 3.6875 -0.2804237661043582
v 5.903636891104358 3.8125 -0.5013946352251544
v 5.81524854345604 3.8125 -0.4130062875768359
v 5.903636891104358 3.6875 -0.5013946352251544
v 5.81524854345604 3.6875 -0.4130062875768359
vt 0.50390625 0.48828125
vt 0.484375 0.48828125
vt 0.484375 0.48046875
vt 0.50390625 0.48046875
vt 0.51171875 0.48828125
vt 0.50390625 0.48828125
vt 0.50390625 0.48046875
vt 0.51171875 0.48046875
vt 0.53125 0.48828125
vt 0.51171875 0.48828125
vt 0.51171875 0.48046875
vt 0.53125 0.48046875
vt 0.484375 0.48828125
vt 0.50390625 0.48828125
vt 0.50390625 0.49609375
vt 0.484375 0.49609375
vt 0.50390625 0.49609375
vt 0.5234375 0.49609375
vt 0.5234375 0.48828125
vt 0.50390625 0.48828125
vn 0.7071067811865476 0 -0.7071067811865475
vn 0.7071067811865475 0 0.7071067811865476
vn -0.7071067811865476 0 0.7071067811865475
vn 0 1 0
vn 0 -1 0
usemtl m_78259a52-36d1-b55a-1736-85a769a7346c
f 1460/3816/954 1463/3815/954 1461/3814/954 1458/3813/954
f 1459/3820/955 1460/3819/955 1458/3818/955 1457/3817/955
f 1464/3824/956 1459/3823/956 1457/3822/956 1462/3821/956
f 1462/3828/957 1457/3827/957 1458/3826/957 1461/3825/957
f 1463/3832/958 1460/3831/958 1459/3830/958 1464/3829/958
o cube
v 6.080413586400995 3.8125 -0.3246179399285174
v 6.124607760225154 3.8125 -0.36881211375267664
v 6.080413586400995 3.6875 -0.3246179399285174
v 6.124607760225154 3.6875 -0.36881211375267664
v 5.992025238752676 3.8125 -0.5013946352251544
v 5.9478310649285175 3.8125 -0.45720046140099513
v 5.992025238752676 3.6875 -0.5013946352251544
v 5.9478310649285175 3.6875 -0.45720046140099513
vt 0.19921875 0.578125
vt 0.2109375 0.578125
vt 0.2109375 0.58203125
vt 0.19921875 0.58203125
vt 0.2109375 0.58203125
vt 0.22265625 0.58203125
vt 0.22265625 0.578125
vt 0.2109375 0.578125
vn 0 1 0
vn 0 -1 0
usemtl m_78259a52-36d1-b55a-1736-85a769a7346c
f 1470/3836/959 1465/3835/959 1466/3834/959 1469/3833/959
f 1471/3840/960 1468/3839/960 1467/3838/960 1472/3837/960
o cube
v 6.168801934049314 3.8125 -0.32461793992851745
v 6.34557862934595 3.8125 -0.5013946352251544
v 6.168801934049314 3.6875 -0.32461793992851745
v 6.34557862934595 3.6875 -0.5013946352251544
v 6.124607760225154 3.8125 -0.7223655043459504
v 5.9478310649285175 3.8125 -0.5455888090493135
v 6.124607760225154 3.6875 -0.7223655043459504
v 5.9478310649285175 3.6875 -0.5455888090493135
vt 0.21484375 0.578125
vt 0.1953125 0.578125
vt 0.1953125 0.5703125
vt 0.21484375 0.5703125
vt 0.25 0.578125
vt 0.23046875 0.578125
vt 0.23046875 0.5703125
vt 0.25 0.5703125
vt 0.1953125 0.578125
vt 0.21484375 0.578125
vt 0.21484375 0.59375
vt 0.1953125 0.59375
vt 0.21484375 0.59375
vt 0.234375 0.59375
vt 0.234375 0.578125
vt 0.21484375 0.578125
vn 0.7071067811865476 0 -0.7071067811865475
vn -0.7071067811865476 0 0.7071067811865475
vn 0 1 0
vn 0 -1 0
usemtl m_78259a52-36d1-b55a-1736-85a769a7346c
f 1476/3844/961 1479/3843/961 1477/3842/961 1474/3841/961
f 1480/3848/962 1475/3847/962 1473/3846/962 1478/3845/962
f 1478/3852/963 1473/3851/963 1474/3850/963 1477/3849/963
f 1479/3856/964 1476/3855/964 1475/3854/964 1480/3853/964
o cube
v 0.2643640108569958 1.1306190950655717 -0.8703615309577386
v 0.2857628544016224 1.3680586795150866 -0.9456246243793776
v 0.5335499218253101 1.2995965828749347 -0.2607372171793303
v 0.5549487653699368 1.5370361673244497 -0.33600031060096924
v 0.45754472223982123 1.3317259307770413 -1.0114058622147781
v 0.4361458786951946 1.0942863463275265 -0.9361427687931392
v 0.7267306332081365 1.5007034185864043 -0.40178154843637026
v 0.7053317896635107 1.2632638341368896 -0.3265184550147313
vt 0.6875 0.453125
vt 0.69921875 0.453125
vt 0.69921875 0.41015625
vt 0.6875 0.41015625
vt 0.671875 0.453125
vt 0.6875 0.453125
vt 0.6875 0.41015625
vt 0.671875 0.41015625
vt 0.71484375 0.453125
vt 0.7265625 0.453125
vt 0.7265625 0.41015625
vt 0.71484375 0.41015625
vt 0.69921875 0.453125
vt 0.71484375 0.453125
vt 0.71484375 0.41015625
vt 0.69921875 0.41015625
vt 0.69921875 0.453125
vt 0.6875 0.453125
vt 0.6875 0.46875
vt 0.69921875 0.46875
vt 0.7109375 0.46875
vt 0.69921875 0.46875
vt 0.69921875 0.453125
vt 0.7109375 0.453125
vn 0.08559537417850499 0.9497583377980594 -0.30105237368655513
vn -0.9161699618037283 0.19377465993624154 0.35083326845547197
vn -0.08559537417850499 -0.9497583377980594 0.30105237368655513
vn 0.9161699618037283 -0.19377465993624154 -0.35083326845547197
vn -0.39154314322663974 -0.24578543681361872 -0.8867262745867758
vn 0.39154314322663974 0.24578543681361872 0.8867262745867758
usemtl m_78259a52-36d1-b55a-1736-85a769a7346c
f 1484/3860/965 1487/3859/965 1485/3858/965 1482/3857/965
f 1483/3864/966 1484/3863/966 1482/3862/966 1481/3861/966
f 1488/3868/967 1483/3867/967 1481/3866/967 1486/3865/967
f 1487/3872/968 1488/3871/968 1486/3870/968 1485/3869/968
f 1486/3876/969 1481/3875/969 1482/3874/969 1485/3873/969
f 1487/3880/970 1484/3879/970 1483/3878/970 1488/3877/970
o cube
v 1.7707896850041207 2.084201873182155 2.3586987539471203
v 1.7814891067764336 2.2029216654069126 2.321067207236301
v 3.2146050256523555 2.9905356714323754 5.628501891485855
v 3.225304447424669 3.109255463657133 5.590870344775036
v 1.8960103520019 2.178699832914883 2.277213048679367
v 1.8853109302295872 2.0599800406901254 2.314844595390186
v 3.3398256926501353 3.0850336311651025 5.5470161862181016
v 3.329126270877822 2.966313838940345 5.5846477329289215
vt 0.6875 0.9921875
vt 0.6953125 0.9921875
vt 0.6953125 0.76171875
vt 0.6875 0.76171875
vt 0.6796875 0.9921875
vt 0.6875 0.9921875
vt 0.6875 0.76171875
vt 0.6796875 0.76171875
vt 0.703125 0.9921875
vt 0.7109375 0.9921875
vt 0.7109375 0.76171875
vt 0.703125 0.76171875
vt 0.6953125 0.9921875
vt 0.703125 0.9921875
vt 0.703125 0.76171875
vt 0.6953125 0.76171875
vt 0.703125 1
vt 0.6953125 1
vt 0.6953125 0.9921875
vt 0.703125 0.9921875
vn 0.08559537417850499 0.9497583377980594 -0.30105237368655513
vn -0.9161699618037283 0.19377465993624154 0.35083326845547197
vn -0.08559537417850499 -0.9497583377980594 0.30105237368655513
vn 0.9161699618037283 -0.19377465993624154 -0.35083326845547197
vn 0.39154314322663974 0.24578543681361872 0.8867262745867758
usemtl m_78259a52-36d1-b55a-1736-85a769a7346c
f 1492/3884/971 1495/3883/971 1493/3882/971 1490/3881/971
f 1491/3888/972 1492/3887/972 1490/3886/972 1489/3885/972
f 1496/3892/973 1491/3891/973 1489/3890/973 1494/3889/973
f 1495/3896/974 1496/3895/974 1494/3894/974 1493/3893/974
f 1495/3900/975 1492/3899/975 1491/3898/975 1496/3897/975
o cube
v 0.5961602553242011 1.3468455627412987 -0.30148006981320563
v 0.606859677096514 1.465565354966056 -0.33911161652402466
v 2.3581043998440814 2.4528800284025842 3.688788165827284
v 2.3688038216163942 2.5715998206273416 3.6511566191164646
v 0.7213809223219805 1.4413435224740259 -0.38296577508095897
v 0.7106815005496676 1.3226237302492685 -0.34533422837013994
v 2.48332506684186 2.5473779881353114 3.6073024605595303
v 2.472625645069547 2.428658195910554 3.6449340072703498
vt 0.6875 0.9921875
vt 0.6953125 0.9921875
vt 0.6953125 0.7109375
vt 0.6875 0.7109375
vt 0.6796875 0.9921875
vt 0.6875 0.9921875
vt 0.6875 0.7109375
vt 0.6796875 0.7109375
vt 0.703125 0.9921875
vt 0.7109375 0.9921875
vt 0.7109375 0.7109375
vt 0.703125 0.7109375
vt 0.6953125 0.9921875
vt 0.703125 0.9921875
vt 0.703125 0.7109375
vt 0.6953125 0.7109375
vn 0.08559537417850499 0.9497583377980594 -0.30105237368655513
vn -0.9161699618037283 0.19377465993624154 0.35083326845547197
vn -0.08559537417850499 -0.9497583377980594 0.30105237368655513
vn 0.9161699618037283 -0.19377465993624154 -0.35083326845547197
usemtl m_78259a52-36d1-b55a-1736-85a769a7346c
f 1500/3904/976 1503/3903/976 1501/3902/976 1498/3901/976
f 1499/3908/977 1500/3907/977 1498/3906/977 1497/3905/977
f 1504/3912/978 1499/3911/978 1497/3910/978 1502/3909/978
f 1503/3916/979 1504/3915/979 1502/3914/979 1501/3913/979
o cube
v 0.12240330035661895 1.2416733297168467 -0.7679756743160744
v 0.13310272212893182 1.360393121941604 -0.8056072210268939
v 0.17134619325994827 1.2723965093185492 -0.6571348899927272
v 0.18204561503226113 1.3911163015433066 -0.6947664367035467
v 0.3048845899671315 1.324060373203559 -0.8713884588622949
v 0.29418516819481866 1.2053405809788016 -0.8337569121514754
v 0.35382748287046084 1.3547835528052614 -0.7605476745389477
v 0.343128061098148 1.236063760580504 -0.7229161278281282
vt 0.6875 0.453125
vt 0.69921875 0.453125
vt 0.69921875 0.4453125
vt 0.6875 0.4453125
vt 0.6796875 0.453125
vt 0.6875 0.453125
vt 0.6875 0.4453125
vt 0.6796875 0.4453125
vt 0.70703125 0.453125
vt 0.71875 0.453125
vt 0.71875 0.4453125
vt 0.70703125 0.4453125
vt 0.69921875 0.453125
vt 0.6875 0.453125
vt 0.6875 0.4609375
vt 0.69921875 0.4609375
vt 0.7109375 0.4609375
vt 0.69921875 0.4609375
vt 0.69921875 0.453125
vt 0.7109375 0.453125
vn 0.08559537417850499 0.9497583377980594 -0.30105237368655513
vn -0.9161699618037283 0.19377465993624154 0.35083326845547197
vn -0.08559537417850499 -0.9497583377980594 0.30105237368655513
vn -0.39154314322663974 -0.24578543681361872 -0.8867262745867758
vn 0.39154314322663974 0.24578543681361872 0.8867262745867758
usemtl m_78259a52-36d1-b55a-1736-85a769a7346c
f 1508/3920/980 1511/3919/980 1509/3918/980 1506/3917/980
f 1507/3924/981 1508/3923/981 1506/3922/981 1505/3921/981
f 1512/3928/982 1507/3927/982 1505/3926/982 1510/3925/982
f 1510/3932/983 1505/3931/983 1506/3930/983 1509/3929/983
f 1511/3936/984 1508/3935/984 1507/3934/984 1512/3933/984
o cube
v 0.05682494803448268 1.2966183418105794 -0.6132807314357938
v 0.06752436980679555 1.4153381340353368 -0.6509122781466132
v 0.105767840937812 1.327341521412282 -0.5024399471124465
v 0.11646726271012486 1.4460613136370393 -0.540071493823266
v 0.23930623764499526 1.3790053852972917 -0.7166935159820143
v 0.2286068158726824 1.2602855930725343 -0.6790619692711948
v 0.2882491305483246 1.4097285648989941 -0.605852731658667
v 0.2775497087760117 1.2910087726742367 -0.5682211849478476
vt 0.6875 0.453125
vt 0.69921875 0.453125
vt 0.69921875 0.4453125
vt 0.6875 0.4453125
vt 0.6796875 0.453125
vt 0.6875 0.453125
vt 0.6875 0.4453125
vt 0.6796875 0.4453125
vt 0.70703125 0.453125
vt 0.71875 0.453125
vt 0.71875 0.4453125
vt 0.70703125 0.4453125
vt 0.69921875 0.453125
vt 0.70703125 0.453125
vt 0.70703125 0.4453125
vt 0.69921875 0.4453125
vt 0.69921875 0.453125
vt 0.6875 0.453125
vt 0.6875 0.4609375
vt 0.69921875 0.4609375
vt 0.7109375 0.4609375
vt 0.69921875 0.4609375
vt 0.69921875 0.453125
vt 0.7109375 0.453125
vn 0.08559537417850499 0.9497583377980594 -0.30105237368655513
vn -0.9161699618037283 0.19377465993624154 0.35083326845547197
vn -0.08559537417850499 -0.9497583377980594 0.30105237368655513
vn 0.9161699618037283 -0.19377465993624154 -0.35083326845547197
vn -0.39154314322663974 -0.24578543681361872 -0.8867262745867758
vn 0.39154314322663974 0.24578543681361872 0.8867262745867758
usemtl m_78259a52-36d1-b55a-1736-85a769a7346c
f 1516/3940/985 1519/3939/985 1517/3938/985 1514/3937/985
f 1515/3944/986 1516/3943/986 1514/3942/986 1513/3941/986
f 1520/3948/987 1515/3947/987 1513/3946/987 1518/3945/987
f 1519/3952/988 1520/3951/988 1518/3950/988 1517/3949/988
f 1518/3956/989 1513/3955/989 1514/3954/989 1517/3953/989
f 1519/3960/990 1516/3959/990 1515/3958/990 1520/3957/990
o cube
v -0.008753404287653588 1.3515633539043121 -0.4585857885555127
v 0.0019460174846592793 1.4702831461290695 -0.49621733526633216
v 0.04018948861567573 1.3822865335060146 -0.3477450042321655
v 0.050888910387988595 1.501006325730772 -0.38537655094298495
v 0.173727885322859 1.4339503973910244 -0.5619985731017332
v 0.16302846355054612 1.315230605166267 -0.5243670263909137
v 0.2226707782261883 1.4646735769927268 -0.45115778877838597
v 0.21197135645387544 1.3459537847679695 -0.4135262420675665
vt 0.6875 0.453125
vt 0.69921875 0.453125
vt 0.69921875 0.4453125
vt 0.6875 0.4453125
vt 0.6796875 0.453125
vt 0.6875 0.453125
vt 0.6875 0.4453125
vt 0.6796875 0.4453125
vt 0.70703125 0.453125
vt 0.71875 0.453125
vt 0.71875 0.4453125
vt 0.70703125 0.4453125
vt 0.69921875 0.453125
vt 0.70703125 0.453125
vt 0.70703125 0.4453125
vt 0.69921875 0.4453125
vt 0.69921875 0.453125
vt 0.6875 0.453125
vt 0.6875 0.4609375
vt 0.69921875 0.4609375
vt 0.7109375 0.4609375
vt 0.69921875 0.4609375
vt 0.69921875 0.453125
vt 0.7109375 0.453125
vn 0.08559537417850499 0.9497583377980594 -0.30105237368655513
vn -0.9161699618037283 0.19377465993624154 0.35083326845547197
vn -0.08559537417850499 -0.9497583377980594 0.30105237368655513
vn 0.9161699618037283 -0.19377465993624154 -0.35083326845547197
vn -0.39154314322663974 -0.24578543681361872 -0.8867262745867758
vn 0.39154314322663974 0.24578543681361872 0.8867262745867758
usemtl m_78259a52-36d1-b55a-1736-85a769a7346c
f 1524/3964/991 1527/3963/991 1525/3962/991 1522/3961/991
f 1523/3968/992 1524/3967/992 1522/3966/992 1521/3965/992
f 1528/3972/993 1523/3971/993 1521/3970/993 1526/3969/993
f 1527/3976/994 1528/3975/994 1526/3974/994 1525/3973/994
f 1526/3980/995 1521/3979/995 1522/3978/995 1525/3977/995
f 1527/3984/996 1524/3983/996 1523/3982/996 1528/3981/996
o cube
v -0.17221754241644938 1.3450620067946395 -0.5255724143219256
v -0.1615181206441365 1.4637817990193969 -0.5632039610327451
v -0.12327464951312006 1.375785186396342 -0.4147316299985784
v -0.1125752277408072 1.4945049786210993 -0.45236317670939785
v 0.0102637471940632 1.4274490502813517 -0.6289851988681461
v -0.0004356745782496674 1.3087292580565943 -0.5913536521573266
v 0.059206640097392516 1.4581722298830542 -0.5181444145447989
v 0.04850721832507965 1.3394524376582968 -0.4805128678339794
vt 0.6875 0.453125
vt 0.69921875 0.453125
vt 0.69921875 0.4453125
vt 0.6875 0.4453125
vt 0.6796875 0.453125
vt 0.6875 0.453125
vt 0.6875 0.4453125
vt 0.6796875 0.4453125
vt 0.70703125 0.453125
vt 0.71875 0.453125
vt 0.71875 0.4453125
vt 0.70703125 0.4453125
vt 0.69921875 0.453125
vt 0.70703125 0.453125
vt 0.70703125 0.4453125
vt 0.69921875 0.4453125
vt 0.69921875 0.453125
vt 0.6875 0.453125
vt 0.6875 0.4609375
vt 0.69921875 0.4609375
vt 0.7109375 0.4609375
vt 0.69921875 0.4609375
vt 0.69921875 0.453125
vt 0.7109375 0.453125
vn 0.08559537417850499 0.9497583377980594 -0.30105237368655513
vn -0.9161699618037283 0.19377465993624154 0.35083326845547197
vn -0.08559537417850499 -0.9497583377980594 0.30105237368655513
vn 0.9161699618037283 -0.19377465993624154 -0.35083326845547197
vn -0.39154314322663974 -0.24578543681361872 -0.8867262745867758
vn 0.39154314322663974 0.24578543681361872 0.8867262745867758
usemtl m_78259a52-36d1-b55a-1736-85a769a7346c
f 1532/3988/997 1535/3987/997 1533/3986/997 1530/3985/997
f 1531/3992/998 1532/3991/998 1530/3990/998 1529/3989/998
f 1536/3996/999 1531/3995/999 1529/3994/999 1534/3993/999
f 1535/4000/1000 1536/3999/1000 1534/3998/1000 1533/3997/1000
f 1534/4004/1001 1529/4003/1001 1530/4002/1001 1533/4001/1001
f 1535/4008/1002 1532/4007/1002 1531/4006/1002 1536/4005/1002
o cube
v -0.33568168054524516 1.3385606596849677 -0.5925590400883385
v -0.3249822587729323 1.457280451909725 -0.630190586799158
v -0.28673878764191585 1.3692838392866702 -0.4817182557649913
v -0.276039365869603 1.4880036315114276 -0.5193498024758108
v -0.1532003909347326 1.42094770317168 -0.695971824634559
v -0.16389981270704546 1.3022279109469226 -0.6583402779237395
v -0.10425749803140327 1.4516708827733824 -0.5851310403112118
v -0.11495691980371614 1.332951090548625 -0.5474994936003923
vt 0.6875 0.453125
vt 0.69921875 0.453125
vt 0.69921875 0.4453125
vt 0.6875 0.4453125
vt 0.6796875 0.453125
vt 0.6875 0.453125
vt 0.6875 0.4453125
vt 0.6796875 0.4453125
vt 0.70703125 0.453125
vt 0.71875 0.453125
vt 0.71875 0.4453125
vt 0.70703125 0.4453125
vt 0.69921875 0.453125
vt 0.70703125 0.453125
vt 0.70703125 0.4453125
vt 0.69921875 0.4453125
vt 0.69921875 0.453125
vt 0.6875 0.453125
vt 0.6875 0.4609375
vt 0.69921875 0.4609375
vt 0.7109375 0.4609375
vt 0.69921875 0.4609375
vt 0.69921875 0.453125
vt 0.7109375 0.453125
vn 0.08559537417850499 0.9497583377980594 -0.30105237368655513
vn -0.9161699618037283 0.19377465993624154 0.35083326845547197
vn -0.08559537417850499 -0.9497583377980594 0.30105237368655513
vn 0.9161699618037283 -0.19377465993624154 -0.35083326845547197
vn -0.39154314322663974 -0.24578543681361872 -0.8867262745867758
vn 0.39154314322663974 0.24578543681361872 0.8867262745867758
usemtl m_78259a52-36d1-b55a-1736-85a769a7346c
f 1540/4012/1003 1543/4011/1003 1541/4010/1003 1538/4009/1003
f 1539/4016/1004 1540/4015/1004 1538/4014/1004 1537/4013/1004
f 1544/4020/1005 1539/4019/1005 1537/4018/1005 1542/4017/1005
f 1543/4024/1006 1544/4023/1006 1542/4022/1006 1541/4021/1006
f 1542/4028/1007 1537/4027/1007 1538/4026/1007 1541/4025/1007
f 1543/4032/1008 1540/4031/1008 1539/4030/1008 1544/4029/1008
o cube
v -0.32736395083584213 1.2957265638372504 -0.7253269036901524
v -0.31666452906352927 1.4144463560620077 -0.7629584504009719
v -0.2784210579325128 1.3264497434389528 -0.6144861193668052
v -0.26772163616019995 1.4451695356637102 -0.6521176660776247
v -0.14488266122532956 1.3781136073239626 -0.8287396882363729
v -0.15558208299764242 1.2593938150992052 -0.7911081415255534
v -0.09593976832200024 1.408836786925665 -0.7178989039130257
v -0.10663919009431311 1.2901169947009077 -0.6802673572022062
vt 0.6875 0.453125
vt 0.69921875 0.453125
vt 0.69921875 0.4453125
vt 0.6875 0.4453125
vt 0.6796875 0.453125
vt 0.6875 0.453125
vt 0.6875 0.4453125
vt 0.6796875 0.4453125
vt 0.70703125 0.453125
vt 0.71875 0.453125
vt 0.71875 0.4453125
vt 0.70703125 0.4453125
vt 0.69921875 0.453125
vt 0.70703125 0.453125
vt 0.70703125 0.4453125
vt 0.69921875 0.4453125
vt 0.69921875 0.453125
vt 0.6875 0.453125
vt 0.6875 0.4609375
vt 0.69921875 0.4609375
vt 0.7109375 0.4609375
vt 0.69921875 0.4609375
vt 0.69921875 0.453125
vt 0.7109375 0.453125
vn 0.08559537417850499 0.9497583377980594 -0.30105237368655513
vn -0.9161699618037283 0.19377465993624154 0.35083326845547197
vn -0.08559537417850499 -0.9497583377980594 0.30105237368655513
vn 0.9161699618037283 -0.19377465993624154 -0.35083326845547197
vn -0.39154314322663974 -0.24578543681361872 -0.8867262745867758
vn 0.39154314322663974 0.24578543681361872 0.8867262745867758
usemtl m_78259a52-36d1-b55a-1736-85a769a7346c
f 1548/4036/1009 1551/4035/1009 1549/4034/1009 1546/4033/1009
f 1547/4040/1010 1548/4039/1010 1546/4038/1010 1545/4037/1010
f 1552/4044/1011 1547/4043/1011 1545/4042/1011 1550/4041/1011
f 1551/4048/1012 1552/4047/1012 1550/4046/1012 1549/4045/1012
f 1550/4052/1013 1545/4051/1013 1546/4050/1013 1549/4049/1013
f 1551/4056/1014 1548/4055/1014 1547/4054/1014 1552/4053/1014
o cube
v -0.26178559851370675 1.2407815517435172 -0.8800218465704344
v -0.2564358876275499 1.300141447855896 -0.8988376199258439
v -0.21284270561037655 1.2715047313452197 -0.769181062247088
v -0.20749299472421967 1.3308646274575984 -0.7879968356024976
v -0.08465401978935105 1.2638086991178508 -0.9646188577612449
v -0.09000373067550793 1.204448803005472 -0.9458030844058354
v -0.03571112688602085 1.2945318787195532 -0.8537780734378986
v -0.04106083777217773 1.2351719826071745 -0.8349623000824891
vt 0.6875 0.453125
vt 0.69921875 0.453125
vt 0.69921875 0.4453125
vt 0.6875 0.4453125
vt 0.68359375 0.453125
vt 0.6875 0.453125
vt 0.6875 0.4453125
vt 0.68359375 0.4453125
vt 0.703125 0.453125
vt 0.71484375 0.453125
vt 0.71484375 0.4453125
vt 0.703125 0.4453125
vt 0.69921875 0.453125
vt 0.703125 0.453125
vt 0.703125 0.4453125
vt 0.69921875 0.4453125
vt 0.69921875 0.453125
vt 0.6875 0.453125
vt 0.6875 0.45703125
vt 0.69921875 0.45703125
vt 0.7109375 0.45703125
vt 0.69921875 0.45703125
vt 0.69921875 0.453125
vt 0.7109375 0.453125
vn 0.08559537417850499 0.9497583377980594 -0.30105237368655513
vn -0.9161699618037283 0.19377465993624154 0.35083326845547197
vn -0.08559537417850499 -0.9497583377980594 0.30105237368655513
vn 0.9161699618037283 -0.19377465993624154 -0.35083326845547197
vn -0.39154314322663974 -0.24578543681361872 -0.8867262745867758
vn 0.39154314322663974 0.24578543681361872 0.8867262745867758
usemtl m_78259a52-36d1-b55a-1736-85a769a7346c
f 1556/4060/1015 1559/4059/1015 1557/4058/1015 1554/4057/1015
f 1555/4064/1016 1556/4063/1016 1554/4062/1016 1553/4061/1016
f 1560/4068/1017 1555/4067/1017 1553/4066/1017 1558/4065/1017
f 1559/4072/1018 1560/4071/1018 1558/4070/1018 1557/4069/1018
f 1558/4076/1019 1553/4075/1019 1554/4074/1019 1557/4073/1019
f 1559/4080/1020 1556/4079/1020 1555/4078/1020 1560/4077/1020
o cube
v -0.2534678688043046 1.1979474558957994 -1.0127897101722483
v -0.24276844703199174 1.3166672481205568 -1.0504212568830678
v -0.2045249759009744 1.2286706354975019 -0.901948925848902
v -0.19382555412866154 1.3473904277222593 -0.9395804725597214
v -0.07098657919379292 1.2803344993825116 -1.1162024947184688
v -0.08168600096610579 1.1616147071577543 -1.0785709480076493
v -0.022043686290462716 1.311057678984214 -1.0053617103951225
v -0.03274310806277558 1.1923378867594567 -0.967730163684303
vt 0.6875 0.453125
vt 0.69921875 0.453125
vt 0.69921875 0.4453125
vt 0.6875 0.4453125
vt 0.6796875 0.453125
vt 0.6875 0.453125
vt 0.6875 0.4453125
vt 0.6796875 0.4453125
vt 0.70703125 0.453125
vt 0.71875 0.453125
vt 0.71875 0.4453125
vt 0.70703125 0.4453125
vt 0.69921875 0.453125
vt 0.70703125 0.453125
vt 0.70703125 0.4453125
vt 0.69921875 0.4453125
vt 0.69921875 0.453125
vt 0.6875 0.453125
vt 0.6875 0.4609375
vt 0.69921875 0.4609375
vt 0.7109375 0.4609375
vt 0.69921875 0.4609375
vt 0.69921875 0.453125
vt 0.7109375 0.453125
vn 0.08559537417850499 0.9497583377980594 -0.30105237368655513
vn -0.9161699618037283 0.19377465993624154 0.35083326845547197
vn -0.08559537417850499 -0.9497583377980594 0.30105237368655513
vn 0.9161699618037283 -0.19377465993624154 -0.35083326845547197
vn -0.39154314322663974 -0.24578543681361872 -0.8867262745867758
vn 0.39154314322663974 0.24578543681361872 0.8867262745867758
usemtl m_78259a52-36d1-b55a-1736-85a769a7346c
f 1564/4084/1021 1567/4083/1021 1565/4082/1021 1562/4081/1021
f 1563/4088/1022 1564/4087/1022 1562/4086/1022 1561/4085/1022
f 1568/4092/1023 1563/4091/1023 1561/4090/1023 1566/4089/1023
f 1567/4096/1024 1568/4095/1024 1566/4094/1024 1565/4093/1024
f 1566/4100/1025 1561/4099/1025 1562/4098/1025 1565/4097/1025
f 1567/4104/1026 1564/4103/1026 1563/4102/1026 1568/4101/1026
o cube
v -0.18788951648216834 1.1430024438020672 -1.1674846530525294
v -0.18253980559601146 1.2023623399144459 -1.1863004264079389
v -0.11447517712717303 1.1890872132046209 -1.0012234765675094
v -0.10912546624101616 1.2484471093169995 -1.020039249922919
v -0.010757937757812641 1.1660295911764007 -1.2520816642433399
v -0.01610764864396952 1.106669695064022 -1.2332658908879304
v 0.06265640159718266 1.2121143605789544 -1.08582048775832
v 0.05730669071102579 1.1527544644665757 -1.0670047144029104
vt 0.6875 0.453125
vt 0.69921875 0.453125
vt 0.69921875 0.44140625
vt 0.6875 0.44140625
vt 0.68359375 0.453125
vt 0.6875 0.453125
vt 0.6875 0.44140625
vt 0.68359375 0.44140625
vt 0.703125 0.453125
vt 0.71484375 0.453125
vt 0.71484375 0.44140625
vt 0.703125 0.44140625
vt 0.69921875 0.453125
vt 0.703125 0.453125
vt 0.703125 0.44140625
vt 0.69921875 0.44140625
vt 0.69921875 0.453125
vt 0.6875 0.453125
vt 0.6875 0.45703125
vt 0.69921875 0.45703125
vt 0.7109375 0.45703125
vt 0.69921875 0.45703125
vt 0.69921875 0.453125
vt 0.7109375 0.453125
vn 0.08559537417850499 0.9497583377980594 -0.30105237368655513
vn -0.9161699618037283 0.19377465993624154 0.35083326845547197
vn -0.08559537417850499 -0.9497583377980594 0.30105237368655513
vn 0.9161699618037283 -0.19377465993624154 -0.35083326845547197
vn -0.39154314322663974 -0.24578543681361872 -0.8867262745867758
vn 0.39154314322663974 0.24578543681361872 0.8867262745867758
usemtl m_78259a52-36d1-b55a-1736-85a769a7346c
f 1572/4108/1027 1575/4107/1027 1573/4106/1027 1570/4105/1027
f 1571/4112/1028 1572/4111/1028 1570/4110/1028 1569/4109/1028
f 1576/4116/1029 1571/4115/1029 1569/4114/1029 1574/4113/1029
f 1575/4120/1030 1576/4119/1030 1574/4118/1030 1573/4117/1030
f 1574/4124/1031 1569/4123/1031 1570/4122/1031 1573/4121/1031
f 1575/4128/1032 1572/4127/1032 1571/4126/1032 1576/4125/1032
o cube
v -0.1795717867727653 1.1001683479543494 -1.3002525166543433
v -0.17422207588660843 1.159528244066728 -1.3190682900097528
v -0.10615744741777 1.146253117356903 -1.1339913401693233
v -0.10080773653161312 1.2056130134692817 -1.1528071135247329
v -0.002440208048409609 1.123195495328683 -1.3848495278451538
v -0.0077899189345664865 1.0638355992163042 -1.3660337544897443
v 0.0709741313065857 1.1692802647312366 -1.2185883513601339
v 0.06562442042042882 1.109920368618858 -1.1997725780047244
vt 0.6875 0.453125
vt 0.69921875 0.453125
vt 0.69921875 0.44140625
vt 0.6875 0.44140625
vt 0.68359375 0.453125
vt 0.6875 0.453125
vt 0.6875 0.44140625
vt 0.68359375 0.44140625
vt 0.703125 0.453125
vt 0.71484375 0.453125
vt 0.71484375 0.44140625
vt 0.703125 0.44140625
vt 0.69921875 0.453125
vt 0.703125 0.453125
vt 0.703125 0.44140625
vt 0.69921875 0.44140625
vt 0.7109375 0.45703125
vt 0.69921875 0.45703125
vt 0.69921875 0.453125
vt 0.7109375 0.453125
vn 0.08559537417850499 0.9497583377980594 -0.30105237368655513
vn -0.9161699618037283 0.19377465993624154 0.35083326845547197
vn -0.08559537417850499 -0.9497583377980594 0.30105237368655513
vn 0.9161699618037283 -0.19377465993624154 -0.35083326845547197
vn 0.39154314322663974 0.24578543681361872 0.8867262745867758
usemtl m_78259a52-36d1-b55a-1736-85a769a7346c
f 1580/4132/1033 1583/4131/1033 1581/4130/1033 1578/4129/1033
f 1579/4136/1034 1580/4135/1034 1578/4134/1034 1577/4133/1034
f 1584/4140/1035 1579/4139/1035 1577/4138/1035 1582/4137/1035
f 1583/4144/1036 1584/4143/1036 1582/4142/1036 1581/4141/1036
f 1583/4148/1037 1580/4147/1037 1579/4146/1037 1584/4145/1037
o cube
v -0.23635066670895366 0.9684153868563611 -1.7320494203429915
v -0.23100095582279678 1.0277752829687397 -1.750865193698401
v -0.13846488090229414 1.0298617460597659 -1.510367851696298
v -0.13311517001613726 1.0892216421721446 -1.5291836250517075
v -0.17374033321006355 1.0156643667227248 -1.7727922729768681
v -0.17909004409622042 0.9563044706103461 -1.7539764996214586
v -0.07585454740340403 1.0771107259261297 -1.5511107043301746
v -0.0812042582895609 1.017750829813751 -1.532294930974765
vt 0.6953125 0.453125
vt 0.69921875 0.453125
vt 0.69921875 0.4375
vt 0.6953125 0.4375
vt 0.69140625 0.453125
vt 0.6953125 0.453125
vt 0.6953125 0.4375
vt 0.69140625 0.4375
vt 0.703125 0.453125
vt 0.70703125 0.453125
vt 0.70703125 0.4375
vt 0.703125 0.4375
vt 0.69921875 0.453125
vt 0.703125 0.453125
vt 0.703125 0.4375
vt 0.69921875 0.4375
vt 0.69921875 0.453125
vt 0.6953125 0.453125
vt 0.6953125 0.45703125
vt 0.69921875 0.45703125
vn 0.08559537417850499 0.9497583377980594 -0.30105237368655513
vn -0.9161699618037283 0.19377465993624154 0.35083326845547197
vn -0.08559537417850499 -0.9497583377980594 0.30105237368655513
vn 0.9161699618037283 -0.19377465993624154 -0.35083326845547197
vn -0.39154314322663974 -0.24578543681361872 -0.8867262745867758
usemtl m_78259a52-36d1-b55a-1736-85a769a7346c
f 1588/4152/1038 1591/4151/1038 1589/4150/1038 1586/4149/1038
f 1587/4156/1039 1588/4155/1039 1586/4154/1039 1585/4153/1039
f 1592/4160/1040 1587/4159/1040 1585/4158/1040 1590/4157/1040
f 1591/4164/1041 1592/4163/1041 1590/4162/1041 1589/4161/1041
f 1590/4168/1042 1585/4167/1042 1586/4166/1042 1589/4165/1042
o cube
v 0.3872029857918653 1.063563166725824 -1.046983553116486
v 0.4086018293364919 1.3010027511753388 -1.122246646538125
v 0.6808603432118447 1.2479022443360384 -0.3819388471764049
v 0.7022591867564714 1.485341828785553 -0.45720194059804387
v 0.5803836971746907 1.2646700024372934 -1.1880278843735264
v 0.5589848536300641 1.0272304179877785 -1.1127647909518874
v 0.8740410545946702 1.4490090800475077 -0.5229831784334449
v 0.8526422110500436 1.2115694955979928 -0.44772008501180593
vt 0.68359375 0.453125
vt 0.6953125 0.453125
vt 0.6953125 0.40625
vt 0.68359375 0.40625
vt 0.66796875 0.453125
vt 0.68359375 0.453125
vt 0.68359375 0.40625
vt 0.66796875 0.40625
vt 0.7109375 0.453125
vt 0.72265625 0.453125
vt 0.72265625 0.40625
vt 0.7109375 0.40625
vt 0.6953125 0.453125
vt 0.7109375 0.453125
vt 0.7109375 0.40625
vt 0.6953125 0.40625
vt 0.6953125 0.453125
vt 0.68359375 0.453125
vt 0.68359375 0.46875
vt 0.6953125 0.46875
vt 0.70703125 0.46875
vt 0.6953125 0.46875
vt 0.6953125 0.453125
vt 0.70703125 0.453125
vn 0.08559537417850499 0.9497583377980594 -0.30105237368655513
vn -0.9161699618037283 0.19377465993624154 0.35083326845547197
vn -0.08559537417850499 -0.9497583377980594 0.30105237368655513
vn 0.9161699618037283 -0.19377465993624154 -0.35083326845547197
vn -0.39154314322663974 -0.24578543681361872 -0.8867262745867758
vn 0.39154314322663974 0.24578543681361872 0.8867262745867758
usemtl m_78259a52-36d1-b55a-1736-85a769a7346c
f 1596/4172/1043 1599/4171/1043 1597/4170/1043 1594/4169/1043
f 1595/4176/1044 1596/4175/1044 1594/4174/1044 1593/4173/1044
f 1600/4180/1045 1595/4179/1045 1593/4178/1045 1598/4177/1045
f 1599/4184/1046 1600/4183/1046 1598/4182/1046 1597/4181/1046
f 1598/4188/1047 1593/4187/1047 1594/4186/1047 1597/4185/1047
f 1599/4192/1048 1596/4191/1048 1595/4190/1048 1600/4189/1048
o cube
v 0.5888060109678861 1.1019519039010084 -1.0761601721456238
v 0.599505432740199 1.2206716961257658 -1.1137917188564432
v 0.6866917967745456 1.1633982631044133 -0.8544786034989302
v 0.6973912185468585 1.2821180553291707 -0.8921101502097497
v 0.7712873005783987 1.1843389473877206 -1.1795729566918443
v 0.7605878788060858 1.0656191551629632 -1.1419414099810248
v 0.8691730863850582 1.2457853065911255 -0.9578913880451507
v 0.8584736646127453 1.1270655143663681 -0.9202598413343313
vt 0.6875 0.453125
vt 0.69921875 0.453125
vt 0.69921875 0.4375
vt 0.6875 0.4375
vt 0.70703125 0.453125
vt 0.71875 0.453125
vt 0.71875 0.4375
vt 0.70703125 0.4375
vt 0.7109375 0.4609375
vt 0.69921875 0.4609375
vt 0.69921875 0.453125
vt 0.7109375 0.453125
vn 0.08559537417850499 0.9497583377980594 -0.30105237368655513
vn -0.08559537417850499 -0.9497583377980594 0.30105237368655513
vn 0.39154314322663974 0.24578543681361872 0.8867262745867758
usemtl m_78259a52-36d1-b55a-1736-85a769a7346c
f 1604/4196/1049 1607/4195/1049 1605/4194/1049 1602/4193/1049
f 1608/4200/1050 1603/4199/1050 1601/4198/1050 1606/4197/1050
f 1607/4204/1051 1604/4203/1051 1603/4202/1051 1608/4201/1051
o cube
v 0.7194809729356137 1.1359257570575472 -0.931826074939071
v 0.7301803947079266 1.2546455492823045 -0.9694576216498905
v 0.7928953122906091 1.1820105264601009 -0.7655648984540502
v 0.8035947340629219 1.3007303186848582 -0.8031964451648697
v 0.9592228851588596 1.206201884298244 -1.0571659387637586
v 0.9485234633865467 1.0874820920734867 -1.0195343920529392
v 1.032637224513854 1.2522866537007977 -0.8909047622787378
v 1.0219378027415411 1.1335668614760404 -0.8532732155679184
vt 0.68359375 0.453125
vt 0.69921875 0.453125
vt 0.69921875 0.44140625
vt 0.68359375 0.44140625
vt 0.67578125 0.453125
vt 0.68359375 0.453125
vt 0.68359375 0.44140625
vt 0.67578125 0.44140625
vt 0.70703125 0.453125
vt 0.72265625 0.453125
vt 0.72265625 0.44140625
vt 0.70703125 0.44140625
vt 0.71484375 0.4609375
vt 0.69921875 0.4609375
vt 0.69921875 0.453125
vt 0.71484375 0.453125
vn 0.08559537417850499 0.9497583377980594 -0.30105237368655513
vn -0.9161699618037283 0.19377465993624154 0.35083326845547197
vn -0.08559537417850499 -0.9497583377980594 0.30105237368655513
vn 0.39154314322663974 0.24578543681361872 0.8867262745867758
usemtl m_78259a52-36d1-b55a-1736-85a769a7346c
f 1612/4208/1052 1615/4207/1052 1613/4206/1052 1610/4205/1052
f 1611/4212/1053 1612/4211/1053 1610/4210/1053 1609/4209/1053
f 1616/4216/1054 1611/4215/1054 1609/4214/1054 1614/4213/1054
f 1615/4220/1055 1612/4219/1055 1611/4218/1055 1616/4217/1055
o cube
v 0.8340022181610793 1.111703924565517 -0.9756802334960044
v 0.8447016399333922 1.2304237167902743 -1.0133117802068239
v 0.9318880039677397 1.1731502837689218 -0.7539986648493109
v 0.9425874257400526 1.2918700759936792 -0.7916302115601304
v 1.0737441303843251 1.181980051806214 -1.1010200973206916
v 1.0630447086120123 1.0632602595814566 -1.0633885506098726
v 1.1716299161909847 1.2434264110096187 -0.8793385286739985
v 1.1609304944186718 1.1247066187848613 -0.8417069819631791
vt 0.68359375 0.453125
vt 0.69921875 0.453125
vt 0.69921875 0.4375
vt 0.68359375 0.4375
vt 0.67578125 0.453125
vt 0.68359375 0.453125
vt 0.68359375 0.4375
vt 0.67578125 0.4375
vt 0.70703125 0.453125
vt 0.72265625 0.453125
vt 0.72265625 0.4375
vt 0.70703125 0.4375
vt 0.69921875 0.453125
vt 0.70703125 0.453125
vt 0.70703125 0.4375
vt 0.69921875 0.4375
vt 0.69921875 0.453125
vt 0.68359375 0.453125
vt 0.68359375 0.4609375
vt 0.69921875 0.4609375
vt 0.71484375 0.4609375
vt 0.69921875 0.4609375
vt 0.69921875 0.453125
vt 0.71484375 0.453125
vn 0.08559537417850499 0.9497583377980594 -0.30105237368655513
vn -0.9161699618037283 0.19377465993624154 0.35083326845547197
vn -0.08559537417850499 -0.9497583377980594 0.30105237368655513
vn 0.9161699618037283 -0.19377465993624154 -0.35083326845547197
vn -0.39154314322663974 -0.24578543681361872 -0.8867262745867758
vn 0.39154314322663974 0.24578543681361872 0.8867262745867758
usemtl m_78259a52-36d1-b55a-1736-85a769a7346c
f 1620/4224/1056 1623/4223/1056 1621/4222/1056 1618/4221/1056
f 1619/4228/1057 1620/4227/1057 1618/4226/1057 1617/4225/1057
f 1624/4232/1058 1619/4231/1058 1617/4230/1058 1622/4229/1058
f 1623/4236/1059 1624/4235/1059 1622/4234/1059 1621/4233/1059
f 1622/4240/1060 1617/4239/1060 1618/4238/1060 1621/4237/1060
f 1623/4244/1061 1620/4243/1061 1619/4242/1061 1624/4241/1061
o cube
v 0.7605878788060849 1.0656191551629632 -1.1419414099810257
v 0.7712873005783978 1.1843389473877206 -1.1795729566918451
v 0.8340022181610793 1.111703924565517 -0.9756802334960049
v 0.8447016399333922 1.2304237167902743 -1.0133117802068243
v 0.9430691684165975 1.1480061986496755 -1.2453541945272462
v 0.9323697466442846 1.029286406424918 -1.2077226478164267
v 1.016483507771592 1.1940909680522291 -1.0790930180422253
v 1.005784085999279 1.0753711758274718 -1.0414614713314059
vt 0.6875 0.453125
vt 0.69921875 0.453125
vt 0.69921875 0.44140625
vt 0.6875 0.44140625
vt 0.70703125 0.453125
vt 0.71875 0.453125
vt 0.71875 0.44140625
vt 0.70703125 0.44140625
vt 0.69921875 0.453125
vt 0.70703125 0.453125
vt 0.70703125 0.44140625
vt 0.69921875 0.44140625
vt 0.69921875 0.453125
vt 0.6875 0.453125
vt 0.6875 0.4609375
vt 0.69921875 0.4609375
vn 0.08559537417850499 0.9497583377980594 -0.30105237368655513
vn -0.08559537417850499 -0.9497583377980594 0.30105237368655513
vn 0.9161699618037283 -0.19377465993624154 -0.35083326845547197
vn -0.39154314322663974 -0.24578543681361872 -0.8867262745867758
usemtl m_78259a52-36d1-b55a-1736-85a769a7346c
f 1628/4248/1062 1631/4247/1062 1629/4246/1062 1626/4245/1062
f 1632/4252/1063 1627/4251/1063 1625/4250/1063 1630/4249/1063
f 1631/4256/1064 1632/4255/1064 1630/4254/1064 1629/4253/1064
f 1630/4260/1065 1625/4259/1065 1626/4258/1065 1629/4257/1065
o cube
v 0.5153916716128908 1.0558671344984547 -1.242421348630646
v 0.5260910933852037 1.174586926723212 -1.2800528953414654
v 0.5888060109678852 1.1019519039010084 -1.076160172145626
v 0.5995054327401981 1.2206716961257658 -1.1137917188564455
v 0.812394206448869 1.1140323454931365 -1.3896882917338007
v 0.8016947846765561 0.9953125532683791 -1.3520567450229812
v 0.8858085458038634 1.1601171148956901 -1.2234271152487808
v 0.8751091240315505 1.0413973226709328 -1.1857955685379613
vt 0.68359375 0.453125
vt 0.703125 0.453125
vt 0.703125 0.44140625
vt 0.68359375 0.44140625
vt 0.67578125 0.453125
vt 0.68359375 0.453125
vt 0.68359375 0.44140625
vt 0.67578125 0.44140625
vt 0.7109375 0.453125
vt 0.73046875 0.453125
vt 0.73046875 0.44140625
vt 0.7109375 0.44140625
vt 0.703125 0.453125
vt 0.7109375 0.453125
vt 0.7109375 0.44140625
vt 0.703125 0.44140625
vt 0.703125 0.453125
vt 0.68359375 0.453125
vt 0.68359375 0.4609375
vt 0.703125 0.4609375
vn 0.08559537417850499 0.9497583377980594 -0.30105237368655513
vn -0.9161699618037283 0.19377465993624154 0.35083326845547197
vn -0.08559537417850499 -0.9497583377980594 0.30105237368655513
vn 0.9161699618037283 -0.19377465993624154 -0.35083326845547197
vn -0.39154314322663974 -0.24578543681361872 -0.8867262745867758
usemtl m_78259a52-36d1-b55a-1736-85a769a7346c
f 1636/4264/1066 1639/4263/1066 1637/4262/1066 1634/4261/1066
f 1635/4268/1067 1636/4267/1067 1634/4266/1067 1633/4265/1067
f 1640/4272/1068 1635/4271/1068 1633/4270/1068 1638/4269/1068
f 1639/4276/1069 1640/4275/1069 1638/4274/1069 1637/4273/1069
f 1638/4280/1070 1633/4279/1070 1634/4278/1070 1637/4277/1070
o cube
v 0.40918815609682735 1.0372548711427672 -1.331335053675526
v 0.4198875778691402 1.1559746633675245 -1.3689666003863454
v 0.48260249545182266 1.0833396405453208 -1.165073877190506
v 0.4933019172241355 1.2020594327700782 -1.2027054239013255
v 0.6489300683200732 1.1075309983834642 -1.4566749175002136
v 0.6382306465477603 0.9888112061587069 -1.4190433707893941
v 0.7223444076750676 1.153615767786018 -1.2904137410151937
v 0.7116449859027547 1.0348959755612606 -1.2527821943043742
vt 0.6875 0.453125
vt 0.703125 0.453125
vt 0.703125 0.44140625
vt 0.6875 0.44140625
vt 0.6796875 0.453125
vt 0.6875 0.453125
vt 0.6875 0.44140625
vt 0.6796875 0.44140625
vt 0.7109375 0.453125
vt 0.7265625 0.453125
vt 0.7265625 0.44140625
vt 0.7109375 0.44140625
vt 0.703125 0.453125
vt 0.7109375 0.453125
vt 0.7109375 0.44140625
vt 0.703125 0.44140625
vt 0.703125 0.453125
vt 0.6875 0.453125
vt 0.6875 0.4609375
vt 0.703125 0.4609375
vt 0.71875 0.4609375
vt 0.703125 0.4609375
vt 0.703125 0.453125
vt 0.71875 0.453125
vn 0.08559537417850499 0.9497583377980594 -0.30105237368655513
vn -0.9161699618037283 0.19377465993624154 0.35083326845547197
vn -0.08559537417850499 -0.9497583377980594 0.30105237368655513
vn 0.9161699618037283 -0.19377465993624154 -0.35083326845547197
vn -0.39154314322663974 -0.24578543681361872 -0.8867262745867758
vn 0.39154314322663974 0.24578543681361872 0.8867262745867758
usemtl m_78259a52-36d1-b55a-1736-85a769a7346c
f 1644/4284/1071 1647/4283/1071 1645/4282/1071 1642/4281/1071
f 1643/4288/1072 1644/4287/1072 1642/4286/1072 1641/4285/1072
f 1648/4292/1073 1643/4291/1073 1641/4290/1073 1646/4289/1073
f 1647/4296/1074 1648/4295/1074 1646/4294/1074 1645/4293/1074
f 1646/4300/1075 1641/4299/1075 1642/4298/1075 1645/4297/1075
f 1647/4304/1076 1644/4303/1076 1643/4302/1076 1648/4301/1076
o cube
v 0.24572401796803067 1.030753524033095 -1.3983216794419389
v 0.25107372885418755 1.0901134201454736 -1.4171374527973484
v 0.319138357323026 1.0768382934356486 -1.232060502956919
v 0.32448806820918286 1.1361981895480273 -1.2508762763123285
v 0.5373768419178528 1.0295588389153982 -1.5267728491896833
v 0.532027131031696 0.9701989428030195 -1.5079570758342737
v 0.6107911812728481 1.075643608317952 -1.3605116727046633
v 0.6054414703866913 1.0162837122055732 -1.3416958993492538
vt 0.6875 0.453125
vt 0.70703125 0.453125
vt 0.70703125 0.44140625
vt 0.6875 0.44140625
vt 0.68359375 0.453125
vt 0.6875 0.453125
vt 0.6875 0.44140625
vt 0.68359375 0.44140625
vt 0.7109375 0.453125
vt 0.73046875 0.453125
vt 0.73046875 0.44140625
vt 0.7109375 0.44140625
vt 0.70703125 0.453125
vt 0.7109375 0.453125
vt 0.7109375 0.44140625
vt 0.70703125 0.44140625
vt 0.7265625 0.45703125
vt 0.70703125 0.45703125
vt 0.70703125 0.453125
vt 0.7265625 0.453125
vn 0.08559537417850499 0.9497583377980594 -0.30105237368655513
vn -0.9161699618037283 0.19377465993624154 0.35083326845547197
vn -0.08559537417850499 -0.9497583377980594 0.30105237368655513
vn 0.9161699618037283 -0.19377465993624154 -0.35083326845547197
vn 0.39154314322663974 0.24578543681361872 0.8867262745867758
usemtl m_78259a52-36d1-b55a-1736-85a769a7346c
f 1652/4308/1077 1655/4307/1077 1653/4306/1077 1650/4305/1077
f 1651/4312/1078 1652/4311/1078 1650/4310/1078 1649/4309/1078
f 1656/4316/1079 1651/4315/1079 1649/4314/1079 1654/4313/1079
f 1655/4320/1080 1656/4319/1080 1654/4318/1080 1653/4317/1080
f 1655/4324/1081 1652/4323/1081 1651/4322/1081 1656/4321/1081
o cube
v -0.08904024532241994 0.9167210483174647 -1.853251050340066
v -0.07834082355010707 1.035440840542222 -1.8908825970508856
v -0.015625905967424636 0.9628058177200184 -1.6869898738550462
v -0.004926484195111769 1.0815256099447756 -1.7246214205658656
v 0.09344104428809175 0.9991080918041768 -1.9566638348862866
v 0.08274162251577888 0.8803882995794194 -1.9190322881754671
v 0.16685538364308705 1.0451928612067305 -1.7904026584012667
v 0.15615596187077418 0.9264730689819731 -1.7527711116904472
vt 0.6875 0.453125
vt 0.69921875 0.453125
vt 0.69921875 0.44140625
vt 0.6875 0.44140625
vt 0.6796875 0.453125
vt 0.6875 0.453125
vt 0.6875 0.44140625
vt 0.6796875 0.44140625
vt 0.70703125 0.453125
vt 0.71875 0.453125
vt 0.71875 0.44140625
vt 0.70703125 0.44140625
vt 0.69921875 0.453125
vt 0.70703125 0.453125
vt 0.70703125 0.44140625
vt 0.69921875 0.44140625
vt 0.69921875 0.453125
vt 0.6875 0.453125
vt 0.6875 0.4609375
vt 0.69921875 0.4609375
vn 0.08559537417850499 0.9497583377980594 -0.30105237368655513
vn -0.9161699618037283 0.19377465993624154 0.35083326845547197
vn -0.08559537417850499 -0.9497583377980594 0.30105237368655513
vn 0.9161699618037283 -0.19377465993624154 -0.35083326845547197
vn -0.39154314322663974 -0.24578543681361872 -0.8867262745867758
usemtl m_78259a52-36d1-b55a-1736-85a769a7346c
f 1660/4328/1082 1663/4327/1082 1661/4326/1082 1658/4325/1082
f 1659/4332/1083 1660/4331/1083 1658/4330/1083 1657/4329/1083
f 1664/4336/1084 1659/4335/1084 1657/4334/1084 1662/4333/1084
f 1663/4340/1085 1664/4339/1085 1662/4338/1085 1661/4337/1085
f 1662/4344/1086 1657/4343/1086 1658/4342/1086 1661/4341/1086
o cube
v -0.09984425117852513 0.9178852587812748 -2.060255079458963
v -0.09449454029236914 0.9772451548936535 -2.079070852814373
v -0.026429911823529828 0.9639700281838285 -1.8939939029739432
v -0.02108020093737384 1.023329924296207 -1.9128096763293532
v 0.020026704933097328 0.9530233224016232 -2.122925011371307
v 0.014676994046941338 0.8936634262892446 -2.104109238015897
v 0.09344104428809175 0.9991080918041769 -1.956663834886287
v 0.08809133340193576 0.9397481956917982 -1.937848061530877
vt 0.6875 0.453125
vt 0.6953125 0.453125
vt 0.6953125 0.44140625
vt 0.6875 0.44140625
vt 0.68359375 0.453125
vt 0.6875 0.453125
vt 0.6875 0.44140625
vt 0.68359375 0.44140625
vt 0.69921875 0.453125
vt 0.70703125 0.453125
vt 0.70703125 0.44140625
vt 0.69921875 0.44140625
vt 0.6953125 0.453125
vt 0.69921875 0.453125
vt 0.69921875 0.44140625
vt 0.6953125 0.44140625
vt 0.6953125 0.453125
vt 0.6875 0.453125
vt 0.6875 0.45703125
vt 0.6953125 0.45703125
vn 0.08559537417850499 0.9497583377980594 -0.30105237368655513
vn -0.9161699618037283 0.19377465993624154 0.35083326845547197
vn -0.08559537417850499 -0.9497583377980594 0.30105237368655513
vn 0.9161699618037283 -0.19377465993624154 -0.35083326845547197
vn -0.39154314322663974 -0.24578543681361872 -0.8867262745867758
usemtl m_78259a52-36d1-b55a-1736-85a769a7346c
f 1668/4348/1087 1671/4347/1087 1669/4346/1087 1666/4345/1087
f 1667/4352/1088 1668/4351/1088 1666/4350/1088 1665/4349/1088
f 1672/4356/1089 1667/4355/1089 1665/4354/1089 1670/4353/1089
f 1671/4360/1090 1672/4359/1090 1670/4358/1090 1669/4357/1090
f 1670/4364/1091 1665/4363/1091 1666/4362/1091 1669/4361/1091
o cube
v -0.14046941437245053 0.8443279833318548 -2.3038637273841234
v -0.13511970348629454 0.9036878794442335 -2.3226795007395333
v -0.04258362856579101 0.9057743425352597 -2.08218215873743
v -0.03723391767963502 0.9651342386476384 -2.10099793209284
v -0.07785908087356219 0.8915769631982183 -2.3446065800180005
v -0.08320879175971818 0.8322170670858396 -2.3257908066625905
v 0.020026704933097328 0.9530233224016232 -2.122925011371307
v 0.014676994046941338 0.8936634262892446 -2.104109238015897
vt 0.69140625 0.453125
vt 0.6953125 0.453125
vt 0.6953125 0.4375
vt 0.69140625 0.4375
vt 0.6875 0.453125
vt 0.69140625 0.453125
vt 0.69140625 0.4375
vt 0.6875 0.4375
vt 0.69921875 0.453125
vt 0.703125 0.453125
vt 0.703125 0.4375
vt 0.69921875 0.4375
vt 0.6953125 0.453125
vt 0.69921875 0.453125
vt 0.69921875 0.4375
vt 0.6953125 0.4375
vt 0.6953125 0.453125
vt 0.69140625 0.453125
vt 0.69140625 0.45703125
vt 0.6953125 0.45703125
vn 0.08559537417850499 0.9497583377980594 -0.30105237368655513
vn -0.9161699618037283 0.19377465993624154 0.35083326845547197
vn -0.08559537417850499 -0.9497583377980594 0.30105237368655513
vn 0.9161699618037283 -0.19377465993624154 -0.35083326845547197
vn -0.39154314322663974 -0.24578543681361872 -0.8867262745867758
usemtl m_78259a52-36d1-b55a-1736-85a769a7346c
f 1676/4368/1092 1679/4367/1092 1677/4366/1092 1674/4365/1092
f 1675/4372/1093 1676/4371/1093 1674/4370/1093 1673/4369/1093
f 1680/4376/1094 1675/4375/1094 1673/4374/1094 1678/4373/1094
f 1679/4380/1095 1680/4379/1095 1678/4378/1095 1677/4377/1095
f 1678/4384/1096 1673/4383/1096 1674/4382/1096 1677/4381/1096
o cube
v 0.9157342872254777 1.1149545981203528 -0.942186920612798
v 0.9264337089977905 1.2336743903451102 -0.9798184673236174
v 1.013620073032138 1.1764009573237577 -0.7205053519661044
v 1.024319494804451 1.295120749548515 -0.7581368986769239
v 1.1554761994487235 1.18523072536105 -1.0675267844374852
v 1.1447767776764106 1.0665109331362925 -1.0298952377266661
v 1.253361985255383 1.2466770845644546 -0.8458452157907921
v 1.2426625634830701 1.1279572923396972 -0.8082136690799726
vt 0.68359375 0.453125
vt 0.69921875 0.453125
vt 0.69921875 0.4375
vt 0.68359375 0.4375
vt 0.67578125 0.453125
vt 0.68359375 0.453125
vt 0.68359375 0.4375
vt 0.67578125 0.4375
vt 0.70703125 0.453125
vt 0.72265625 0.453125
vt 0.72265625 0.4375
vt 0.70703125 0.4375
vt 0.69921875 0.453125
vt 0.70703125 0.453125
vt 0.70703125 0.4375
vt 0.69921875 0.4375
vt 0.69921875 0.453125
vt 0.68359375 0.453125
vt 0.68359375 0.4609375
vt 0.69921875 0.4609375
vt 0.71484375 0.4609375
vt 0.69921875 0.4609375
vt 0.69921875 0.453125
vt 0.71484375 0.453125
vn 0.08559537417850499 0.9497583377980594 -0.30105237368655513
vn -0.9161699618037283 0.19377465993624154 0.35083326845547197
vn -0.08559537417850499 -0.9497583377980594 0.30105237368655513
vn 0.9161699618037283 -0.19377465993624154 -0.35083326845547197
vn -0.39154314322663974 -0.24578543681361872 -0.8867262745867758
vn 0.39154314322663974 0.24578543681361872 0.8867262745867758
usemtl m_78259a52-36d1-b55a-1736-85a769a7346c
f 1684/4388/1097 1687/4387/1097 1685/4386/1097 1682/4385/1097
f 1683/4392/1098 1684/4391/1098 1682/4390/1098 1681/4389/1098
f 1688/4396/1099 1683/4395/1099 1681/4394/1099 1686/4393/1099
f 1687/4400/1100 1688/4399/1100 1686/4398/1100 1685/4397/1100
f 1686/4404/1101 1681/4403/1101 1682/4402/1101 1685/4401/1101
f 1687/4408/1102 1684/4407/1102 1683/4406/1102 1688/4405/1102
o cube
v 2.0752510482802062 2.2673767403285594 3.2307474890061
v 2.096649891824832 2.5048163247780746 3.155484395584461
v 2.173136834086865 2.3288230995319643 3.4524290576527936
v 2.1945356776314915 2.5662626839814795 3.3771659642311547
v 2.325692382275764 2.456372659794014 3.067776078470593
v 2.3042935387311374 2.2189330753444994 3.143039171892232
v 2.4235781680824244 2.517819018997419 3.2894576471172865
v 2.402179324537798 2.2803794345479043 3.3647207405389254
vt 0.6875 0.453125
vt 0.703125 0.453125
vt 0.703125 0.4375
vt 0.6875 0.4375
vt 0.671875 0.453125
vt 0.6875 0.453125
vt 0.6875 0.4375
vt 0.671875 0.4375
vt 0.71875 0.453125
vt 0.734375 0.453125
vt 0.734375 0.4375
vt 0.71875 0.4375
vt 0.703125 0.453125
vt 0.71875 0.453125
vt 0.71875 0.4375
vt 0.703125 0.4375
vt 0.703125 0.453125
vt 0.6875 0.453125
vt 0.6875 0.46875
vt 0.703125 0.46875
vt 0.71875 0.46875
vt 0.703125 0.46875
vt 0.703125 0.453125
vt 0.71875 0.453125
vn 0.08559537417850499 0.9497583377980594 -0.30105237368655513
vn -0.9161699618037283 0.19377465993624154 0.35083326845547197
vn -0.08559537417850499 -0.9497583377980594 0.30105237368655513
vn 0.9161699618037283 -0.19377465993624154 -0.35083326845547197
vn -0.39154314322663974 -0.24578543681361872 -0.8867262745867758
vn 0.39154314322663974 0.24578543681361872 0.8867262745867758
usemtl m_78259a52-36d1-b55a-1736-85a769a7346c
f 1692/4412/1103 1695/4411/1103 1693/4410/1103 1690/4409/1103
f 1691/4416/1104 1692/4415/1104 1690/4414/1104 1689/4413/1104
f 1696/4420/1105 1691/4419/1105 1689/4418/1105 1694/4417/1105
f 1695/4424/1106 1696/4423/1106 1694/4422/1106 1693/4421/1106
f 1694/4428/1107 1689/4427/1107 1690/4426/1107 1693/4425/1107
f 1695/4432/1108 1692/4431/1108 1691/4430/1108 1696/4429/1108
o cube
v 1.9039509231185496 2.1598456117226013 2.842804743874385
v 1.9253497666631763 2.397285196172116 2.767541650452746
v 2.00183670892521 2.221291970926006 3.0644863125210784
v 2.0232355524698367 2.458731555375521 2.9892232190994394
v 2.154392257114109 2.3488415311880555 2.6798333333388777
v 2.1329934135694826 2.1114019467385408 2.7550964267605167
v 2.2522780429207696 2.4102878903914604 2.9015149019855713
v 2.230879199376143 2.1728483059419457 2.97677799540721
vt 0.6875 0.453125
vt 0.703125 0.453125
vt 0.703125 0.4375
vt 0.6875 0.4375
vt 0.671875 0.453125
vt 0.6875 0.453125
vt 0.6875 0.4375
vt 0.671875 0.4375
vt 0.71875 0.453125
vt 0.734375 0.453125
vt 0.734375 0.4375
vt 0.71875 0.4375
vt 0.703125 0.453125
vt 0.71875 0.453125
vt 0.71875 0.4375
vt 0.703125 0.4375
vt 0.703125 0.453125
vt 0.6875 0.453125
vt 0.6875 0.46875
vt 0.703125 0.46875
vt 0.71875 0.46875
vt 0.703125 0.46875
vt 0.703125 0.453125
vt 0.71875 0.453125
vn 0.08559537417850499 0.9497583377980594 -0.30105237368655513
vn -0.9161699618037283 0.19377465993624154 0.35083326845547197
vn -0.08559537417850499 -0.9497583377980594 0.30105237368655513
vn 0.9161699618037283 -0.19377465993624154 -0.35083326845547197
vn -0.39154314322663974 -0.24578543681361872 -0.8867262745867758
vn 0.39154314322663974 0.24578543681361872 0.8867262745867758
usemtl m_78259a52-36d1-b55a-1736-85a769a7346c
f 1700/4436/1109 1703/4435/1109 1701/4434/1109 1698/4433/1109
f 1699/4440/1110 1700/4439/1110 1698/4438/1110 1697/4437/1110
f 1704/4444/1111 1699/4443/1111 1697/4442/1111 1702/4441/1111
f 1703/4448/1112 1704/4447/1112 1702/4446/1112 1701/4445/1112
f 1702/4452/1113 1697/4451/1113 1698/4450/1113 1701/4449/1113
f 1703/4456/1114 1700/4455/1114 1699/4454/1114 1704/4453/1114
o cube
v 1.7326507979568948 2.052314483116643 2.4548619987426705
v 1.7540496415015214 2.289754067566158 2.3795989053210316
v 1.8305365837635552 2.113760842320048 2.676543567389364
v 1.8519354273081818 2.3512004267695628 2.601280473967725
v 1.9830921319524544 2.2413104025820973 2.2918905882071634
v 1.9616932884078278 2.0038708181325826 2.3671536816288024
v 2.080977917759115 2.3027567617855023 2.513572156853857
v 2.059579074214488 2.0653171773359875 2.588835250275496
vt 0.6875 0.453125
vt 0.703125 0.453125
vt 0.703125 0.4375
vt 0.6875 0.4375
vt 0.671875 0.453125
vt 0.6875 0.453125
vt 0.6875 0.4375
vt 0.671875 0.4375
vt 0.71875 0.453125
vt 0.734375 0.453125
vt 0.734375 0.4375
vt 0.71875 0.4375
vt 0.703125 0.453125
vt 0.71875 0.453125
vt 0.71875 0.4375
vt 0.703125 0.4375
vt 0.703125 0.453125
vt 0.6875 0.453125
vt 0.6875 0.46875
vt 0.703125 0.46875
vt 0.71875 0.46875
vt 0.703125 0.46875
vt 0.703125 0.453125
vt 0.71875 0.453125
vn 0.08559537417850499 0.9497583377980594 -0.30105237368655513
vn -0.9161699618037283 0.19377465993624154 0.35083326845547197
vn -0.08559537417850499 -0.9497583377980594 0.30105237368655513
vn 0.9161699618037283 -0.19377465993624154 -0.35083326845547197
vn -0.39154314322663974 -0.24578543681361872 -0.8867262745867758
vn 0.39154314322663974 0.24578543681361872 0.8867262745867758
usemtl m_78259a52-36d1-b55a-1736-85a769a7346c
f 1708/4460/1115 1711/4459/1115 1709/4458/1115 1706/4457/1115
f 1707/4464/1116 1708/4463/1116 1706/4462/1116 1705/4461/1116
f 1712/4468/1117 1707/4467/1117 1705/4466/1117 1710/4465/1117
f 1711/4472/1118 1712/4471/1118 1710/4470/1118 1709/4469/1118
f 1710/4476/1119 1705/4475/1119 1706/4474/1119 1709/4473/1119
f 1711/4480/1120 1708/4479/1120 1707/4478/1120 1712/4477/1120
o cube
v 1.585822119246905 1.9601449443115357 2.12233964577263
v 1.6072209627915317 2.1975845287610505 2.047076552350991
v 1.6837079050535655 2.0215913035149407 2.3440212144193233
v 1.7051067485981921 2.2590308879644554 2.2687581209976844
v 1.8362634532424646 2.14914086377699 1.9593682352371227
v 1.814864609697838 1.9117012793274752 2.0346313286587616
v 1.934149239049125 2.210587222980395 2.181049803883816
v 1.9127503955044984 1.9731476385308802 2.256312897305455
vt 0.6875 0.453125
vt 0.703125 0.453125
vt 0.703125 0.4375
vt 0.6875 0.4375
vt 0.671875 0.453125
vt 0.6875 0.453125
vt 0.6875 0.4375
vt 0.671875 0.4375
vt 0.71875 0.453125
vt 0.734375 0.453125
vt 0.734375 0.4375
vt 0.71875 0.4375
vt 0.703125 0.453125
vt 0.71875 0.453125
vt 0.71875 0.4375
vt 0.703125 0.4375
vt 0.703125 0.453125
vt 0.6875 0.453125
vt 0.6875 0.46875
vt 0.703125 0.46875
vt 0.71875 0.46875
vt 0.703125 0.46875
vt 0.703125 0.453125
vt 0.71875 0.453125
vn 0.08559537417850499 0.9497583377980594 -0.30105237368655513
vn -0.9161699618037283 0.19377465993624154 0.35083326845547197
vn -0.08559537417850499 -0.9497583377980594 0.30105237368655513
vn 0.9161699618037283 -0.19377465993624154 -0.35083326845547197
vn -0.39154314322663974 -0.24578543681361872 -0.8867262745867758
vn 0.39154314322663974 0.24578543681361872 0.8867262745867758
usemtl m_78259a52-36d1-b55a-1736-85a769a7346c
f 1716/4484/1121 1719/4483/1121 1717/4482/1121 1714/4481/1121
f 1715/4488/1122 1716/4487/1122 1714/4486/1122 1713/4485/1122
f 1720/4492/1123 1715/4491/1123 1713/4490/1123 1718/4489/1123
f 1719/4496/1124 1720/4495/1124 1718/4494/1124 1717/4493/1124
f 1718/4500/1125 1713/4499/1125 1714/4498/1125 1717/4497/1125
f 1719/4504/1126 1716/4503/1126 1715/4502/1126 1720/4501/1126
o cube
v 0.0625 4.615969375 0.236835625
v 0.0625 4.615969375 0.111835625
v 0.0625 4.490969375 0.236835625
v 0.0625 4.490969375 0.111835625
v -0.0625 4.615969375 0.111835625
v -0.0625 4.615969375 0.236835625
v -0.0625 4.490969375 0.111835625
v -0.0625 4.490969375 0.236835625
vt 0.3125 0.44921875
vt 0.3203125 0.44921875
vt 0.3203125 0.44140625
vt 0.3125 0.44140625
vt 0.3046875 0.44921875
vt 0.3125 0.44921875
vt 0.3125 0.44140625
vt 0.3046875 0.44140625
vt 0.328125 0.44921875
vt 0.3359375 0.44921875
vt 0.3359375 0.44140625
vt 0.328125 0.44140625
vt 0.3203125 0.44921875
vt 0.328125 0.44921875
vt 0.328125 0.44140625
vt 0.3203125 0.44140625
vt 0.3203125 0.44921875
vt 0.3125 0.44921875
vt 0.3125 0.45703125
vt 0.3203125 0.45703125
vt 0.328125 0.45703125
vt 0.3203125 0.45703125
vt 0.3203125 0.44921875
vt 0.328125 0.44921875
vn 0 0 -1
vn 1 0 0
vn 0 0 1
vn -1 0 0
vn 0 1 0
vn 0 -1 0
usemtl m_78259a52-36d1-b55a-1736-85a769a7346c
f 1724/4508/1127 1727/4507/1127 1725/4506/1127 1722/4505/1127
f 1723/4512/1128 1724/4511/1128 1722/4510/1128 1721/4509/1128
f 1728/4516/1129 1723/4515/1129 1721/4514/1129 1726/4513/1129
f 1727/4520/1130 1728/4519/1130 1726/4518/1130 1725/4517/1130
f 1726/4524/1131 1721/4523/1131 1722/4522/1131 1725/4521/1131
f 1727/4528/1132 1724/4527/1132 1723/4526/1132 1728/4525/1132
o cube
v 0.0625 4.490969375 0.299335625
v 0.0625 4.490969375 0.174335625
v 0.0625 4.365969375 0.299335625
v 0.0625 4.365969375 0.174335625
v -0.0625 4.490969375 0.174335625
v -0.0625 4.490969375 0.299335625
v -0.0625 4.365969375 0.174335625
v -0.0625 4.365969375 0.299335625
vt 0.390625 0.44921875
vt 0.3984375 0.44921875
vt 0.3984375 0.44140625
vt 0.390625 0.44140625
vt 0.3828125 0.44921875
vt 0.390625 0.44921875
vt 0.390625 0.44140625
vt 0.3828125 0.44140625
vt 0.40625 0.44921875
vt 0.4140625 0.44921875
vt 0.4140625 0.44140625
vt 0.40625 0.44140625
vt 0.3984375 0.44921875
vt 0.40625 0.44921875
vt 0.40625 0.44140625
vt 0.3984375 0.44140625
vt 0.3984375 0.44921875
vt 0.390625 0.44921875
vt 0.390625 0.45703125
vt 0.3984375 0.45703125
vt 0.40625 0.45703125
vt 0.3984375 0.45703125
vt 0.3984375 0.44921875
vt 0.40625 0.44921875
vn 0 0 -1
vn 1 0 0
vn 0 0 1
vn -1 0 0
vn 0 1 0
vn 0 -1 0
usemtl m_78259a52-36d1-b55a-1736-85a769a7346c
f 1732/4532/1133 1735/4531/1133 1733/4530/1133 1730/4529/1133
f 1731/4536/1134 1732/4535/1134 1730/4534/1134 1729/4533/1134
f 1736/4540/1135 1731/4539/1135 1729/4538/1135 1734/4537/1135
f 1735/4544/1136 1736/4543/1136 1734/4542/1136 1733/4541/1136
f 1734/4548/1137 1729/4547/1137 1730/4546/1137 1733/4545/1137
f 1735/4552/1138 1732/4551/1138 1731/4550/1138 1736/4549/1138
o cube
v 0.0625 4.365969375 0.361835625
v 0.0625 4.365969375 0.236835625
v 0.0625 4.240969375 0.361835625
v 0.0625 4.240969375 0.236835625
v -0.0625 4.365969375 0.236835625
v -0.0625 4.365969375 0.361835625
v -0.0625 4.240969375 0.236835625
v -0.0625 4.240969375 0.361835625
vt 0.421875 0.44921875
vt 0.4296875 0.44921875
vt 0.4296875 0.44140625
vt 0.421875 0.44140625
vt 0.4140625 0.44921875
vt 0.421875 0.44921875
vt 0.421875 0.44140625
vt 0.4140625 0.44140625
vt 0.4375 0.44921875
vt 0.4453125 0.44921875
vt 0.4453125 0.44140625
vt 0.4375 0.44140625
vt 0.4296875 0.44921875
vt 0.4375 0.44921875
vt 0.4375 0.44140625
vt 0.4296875 0.44140625
vt 0.4296875 0.44921875
vt 0.421875 0.44921875
vt 0.421875 0.45703125
vt 0.4296875 0.45703125
vt 0.4375 0.45703125
vt 0.4296875 0.45703125
vt 0.4296875 0.44921875
vt 0.4375 0.44921875
vn 0 0 -1
vn 1 0 0
vn 0 0 1
vn -1 0 0
vn 0 1 0
vn 0 -1 0
usemtl m_78259a52-36d1-b55a-1736-85a769a7346c
f 1740/4556/1139 1743/4555/1139 1741/4554/1139 1738/4553/1139
f 1739/4560/1140 1740/4559/1140 1738/4558/1140 1737/4557/1140
f 1744/4564/1141 1739/4563/1141 1737/4562/1141 1742/4561/1141
f 1743/4568/1142 1744/4567/1142 1742/4566/1142 1741/4565/1142
f 1742/4572/1143 1737/4571/1143 1738/4570/1143 1741/4569/1143
f 1743/4576/1144 1740/4575/1144 1739/4574/1144 1744/4573/1144
o cube
v 0.0625 4.303469375 0.486835625
v 0.0625 4.303469375 0.299335625
v 0.0625 4.178469375 0.486835625
v 0.0625 4.178469375 0.299335625
v -0.0625 4.303469375 0.299335625
v -0.0625 4.303469375 0.486835625
v -0.0625 4.178469375 0.299335625
v -0.0625 4.178469375 0.486835625
vt 0.21484375 0.5078125
vt 0.22265625 0.5078125
vt 0.22265625 0.5
vt 0.21484375 0.5
vt 0.203125 0.5078125
vt 0.21484375 0.5078125
vt 0.21484375 0.5
vt 0.203125 0.5
vt 0.234375 0.5078125
vt 0.2421875 0.5078125
vt 0.2421875 0.5
vt 0.234375 0.5
vt 0.22265625 0.5078125
vt 0.234375 0.5078125
vt 0.234375 0.5
vt 0.22265625 0.5
vt 0.22265625 0.5078125
vt 0.21484375 0.5078125
vt 0.21484375 0.51953125
vt 0.22265625 0.51953125
vt 0.23046875 0.51953125
vt 0.22265625 0.51953125
vt 0.22265625 0.5078125
vt 0.23046875 0.5078125
vn 0 0 -1
vn 1 0 0
vn 0 0 1
vn -1 0 0
vn 0 1 0
vn 0 -1 0
usemtl m_78259a52-36d1-b55a-1736-85a769a7346c
f 1748/4580/1145 1751/4579/1145 1749/4578/1145 1746/4577/1145
f 1747/4584/1146 1748/4583/1146 1746/4582/1146 1745/4581/1146
f 1752/4588/1147 1747/4587/1147 1745/4586/1147 1750/4585/1147
f 1751/4592/1148 1752/4591/1148 1750/4590/1148 1749/4589/1148
f 1750/4596/1149 1745/4595/1149 1746/4594/1149 1749/4593/1149
f 1751/4600/1150 1748/4599/1150 1747/4598/1150 1752/4597/1150
o cube
v 0.0625 4.240969375 0.611835625
v 0.0625 4.240969375 0.424335625
v 0.0625 4.115969375 0.611835625
v 0.0625 4.115969375 0.424335625
v -0.0625 4.240969375 0.424335625
v -0.0625 4.240969375 0.611835625
v -0.0625 4.115969375 0.424335625
v -0.0625 4.115969375 0.611835625
vt 0.25390625 0.5078125
vt 0.26171875 0.5078125
vt 0.26171875 0.5
vt 0.25390625 0.5
vt 0.2421875 0.5078125
vt 0.25390625 0.5078125
vt 0.25390625 0.5
vt 0.2421875 0.5
vt 0.2734375 0.5078125
vt 0.28125 0.5078125
vt 0.28125 0.5
vt 0.2734375 0.5
vt 0.26171875 0.5078125
vt 0.2734375 0.5078125
vt 0.2734375 0.5
vt 0.26171875 0.5
vt 0.26171875 0.5078125
vt 0.25390625 0.5078125
vt 0.25390625 0.51953125
vt 0.26171875 0.51953125
vt 0.26953125 0.51953125
vt 0.26171875 0.51953125
vt 0.26171875 0.5078125
vt 0.26953125 0.5078125
vn 0 0 -1
vn 1 0 0
vn 0 0 1
vn -1 0 0
vn 0 1 0
vn 0 -1 0
usemtl m_78259a52-36d1-b55a-1736-85a769a7346c
f 1756/4604/1151 1759/4603/1151 1757/4602/1151 1754/4601/1151
f 1755/4608/1152 1756/4607/1152 1754/4606/1152 1753/4605/1152
f 1760/4612/1153 1755/4611/1153 1753/4610/1153 1758/4609/1153
f 1759/4616/1154 1760/4615/1154 1758/4614/1154 1757/4613/1154
f 1758/4620/1155 1753/4619/1155 1754/4618/1155 1757/4617/1155
f 1759/4624/1156 1756/4623/1156 1755/4622/1156 1760/4621/1156
o cube
v 0.0625 4.115969375 0.736835625
v 0.0625 4.115969375 0.549335625
v 0.0625 3.9909693749999997 0.736835625
v 0.0625 3.9909693749999997 0.549335625
v -0.0625 4.115969375 0.549335625
v -0.0625 4.115969375 0.736835625
v -0.0625 3.9909693749999997 0.549335625
v -0.0625 3.9909693749999997 0.736835625
vt 0.29296875 0.5078125
vt 0.30078125 0.5078125
vt 0.30078125 0.5
vt 0.29296875 0.5
vt 0.28125 0.5078125
vt 0.29296875 0.5078125
vt 0.29296875 0.5
vt 0.28125 0.5
vt 0.3125 0.5078125
vt 0.3203125 0.5078125
vt 0.3203125 0.5
vt 0.3125 0.5
vt 0.30078125 0.5078125
vt 0.3125 0.5078125
vt 0.3125 0.5
vt 0.30078125 0.5
vt 0.30078125 0.5078125
vt 0.29296875 0.5078125
vt 0.29296875 0.51953125
vt 0.30078125 0.51953125
vt 0.30859375 0.51953125
vt 0.30078125 0.51953125
vt 0.30078125 0.5078125
vt 0.30859375 0.5078125
vn 0 0 -1
vn 1 0 0
vn 0 0 1
vn -1 0 0
vn 0 1 0
vn 0 -1 0
usemtl m_78259a52-36d1-b55a-1736-85a769a7346c
f 1764/4628/1157 1767/4627/1157 1765/4626/1157 1762/4625/1157
f 1763/4632/1158 1764/4631/1158 1762/4630/1158 1761/4629/1158
f 1768/4636/1159 1763/4635/1159 1761/4634/1159 1766/4633/1159
f 1767/4640/1160 1768/4639/1160 1766/4638/1160 1765/4637/1160
f 1766/4644/1161 1761/4643/1161 1762/4642/1161 1765/4641/1161
f 1767/4648/1162 1764/4647/1162 1763/4646/1162 1768/4645/1162
o cube
v -0.1875 4.5 -0.3375
v -0.1875 4.5 -0.775
v -0.1875 4.4375 -0.3375
v -0.1875 4.4375 -0.775
v -0.375 4.5 -0.775
v -0.375 4.5 -0.3375
v -0.375 4.4375 -0.775
v -0.375 4.4375 -0.3375
vt 0.359375 0.60546875
vt 0.37109375 0.60546875
vt 0.37109375 0.6015625
vt 0.359375 0.6015625
vt 0.33203125 0.60546875
vt 0.359375 0.60546875
vt 0.359375 0.6015625
vt 0.33203125 0.6015625
vt 0.33203125 0.60546875
vt 0.3203125 0.60546875
vt 0.3203125 0.6328125
vt 0.33203125 0.6328125
vn 0 0 1
vn -1 0 0
vn 0 1 0
usemtl m_78259a52-36d1-b55a-1736-85a769a7346c
f 1776/4652/1163 1771/4651/1163 1769/4650/1163 1774/4649/1163
f 1775/4656/1164 1776/4655/1164 1774/4654/1164 1773/4653/1164
f 1774/4660/1165 1769/4659/1165 1770/4658/1165 1773/4657/1165
o cube
v 0.25 5 0.03749999999999998
v 0.25 5 -0.5875
v 0.25 4.875 0.03749999999999998
v 0.25 4.875 -0.5875
v 0 5 -0.5875
v 0 5 0.03749999999999998
v 0 4.875 -0.5875
v 0 4.875 0.03749999999999998
vt 0.04296875 0.87109375
vt 0.05859375 0.87109375
vt 0.05859375 0.86328125
vt 0.04296875 0.86328125
vt 0.00390625 0.87109375
vt 0.04296875 0.87109375
vt 0.04296875 0.86328125
vt 0.00390625 0.86328125
vt 0.09765625 0.87109375
vt 0.11328125 0.87109375
vt 0.11328125 0.86328125
vt 0.09765625 0.86328125
vt 0.05859375 0.87109375
vt 0.04296875 0.87109375
vt 0.04296875 0.91015625
vt 0.05859375 0.91015625
vt 0.07421875 0.91015625
vt 0.05859375 0.91015625
vt 0.05859375 0.87109375
vt 0.07421875 0.87109375
vn 0 0 -1
vn 1 0 0
vn 0 0 1
vn 0 1 0
vn 0 -1 0
usemtl m_78259a52-36d1-b55a-1736-85a769a7346c
f 1780/4664/1166 1783/4663/1166 1781/4662/1166 1778/4661/1166
f 1779/4668/1167 1780/4667/1167 1778/4666/1167 1777/4665/1167
f 1784/4672/1168 1779/4671/1168 1777/4670/1168 1782/4669/1168
f 1782/4676/1169 1777/4675/1169 1778/4674/1169 1781/4673/1169
f 1783/4680/1170 1780/4679/1170 1779/4678/1170 1784/4677/1170
o cube
v 0 4.75 -0.5875
v 0 4.75 -0.7125
v 0 4.5625 -0.5875
v 0 4.5625 -0.7125
v -0.0625 4.75 -0.7125
v -0.0625 4.75 -0.5875
v -0.0625 4.5625 -0.7125
v -0.0625 4.5625 -0.5875
vt 0.16015625 0.73046875
vt 0.1640625 0.73046875
vt 0.1640625 0.71875
vt 0.16015625 0.71875
vt 0.15234375 0.73046875
vt 0.16015625 0.73046875
vt 0.16015625 0.71875
vt 0.15234375 0.71875
vt 0.15234375 0.73046875
vt 0.1484375 0.73046875
vt 0.1484375 0.73828125
vt 0.15234375 0.73828125
vt 0.15625 0.73828125
vt 0.15234375 0.73828125
vt 0.15234375 0.73046875
vt 0.15625 0.73046875
vn 0 0 1
vn -1 0 0
vn 0 1 0
vn 0 -1 0
usemtl m_78259a52-36d1-b55a-1736-85a769a7346c
f 1792/4684/1171 1787/4683/1171 1785/4682/1171 1790/4681/1171
f 1791/4688/1172 1792/4687/1172 1790/4686/1172 1789/4685/1172
f 1790/4692/1173 1785/4691/1173 1786/4690/1173 1789/4689/1173
f 1791/4696/1174 1788/4695/1174 1787/4694/1174 1792/4693/1174
o cube
v -0.3125 4.75 -0.275
v -0.3125 4.75 -0.3375
v -0.3125 4.5625 -0.275
v -0.3125 4.5625 -0.3375
v -0.375 4.75 -0.3375
v -0.375 4.75 -0.275
v -0.375 4.5625 -0.3375
v -0.375 4.5625 -0.275
vt 0.08203125 0.77734375
vt 0.0859375 0.77734375
vt 0.0859375 0.765625
vt 0.08203125 0.765625
vt 0.08984375 0.77734375
vt 0.09375 0.77734375
vt 0.09375 0.765625
vt 0.08984375 0.765625
vt 0.0859375 0.77734375
vt 0.08984375 0.77734375
vt 0.08984375 0.765625
vt 0.0859375 0.765625
vt 0.08984375 0.78125
vt 0.0859375 0.78125
vt 0.0859375 0.77734375
vt 0.08984375 0.77734375
vn 0 0 -1
vn 0 0 1
vn -1 0 0
vn 0 -1 0
usemtl m_78259a52-36d1-b55a-1736-85a769a7346c
f 1796/4700/1175 1799/4699/1175 1797/4698/1175 1794/4697/1175
f 1800/4704/1176 1795/4703/1176 1793/4702/1176 1798/4701/1176
f 1799/4708/1177 1800/4707/1177 1798/4706/1177 1797/4705/1177
f 1799/4712/1178 1796/4711/1178 1795/4710/1178 1800/4709/1178
o cube
v 0.125 4.625 -0.7125
v 0.125 4.625 -0.775
v 0.125 4.4375 -0.7125
v 0.125 4.4375 -0.775
v 0.0625 4.625 -0.775
v 0.0625 4.625 -0.7125
v 0.0625 4.4375 -0.775
v 0.0625 4.4375 -0.7125
vt 0.23828125 0.71875
vt 0.2421875 0.71875
vt 0.2421875 0.70703125
vt 0.23828125 0.70703125
vt 0.24609375 0.71875
vt 0.25 0.71875
vt 0.25 0.70703125
vt 0.24609375 0.70703125
vt 0.2421875 0.71875
vt 0.24609375 0.71875
vt 0.24609375 0.70703125
vt 0.2421875 0.70703125
vn 0 0 -1
vn 0 0 1
vn -1 0 0
usemtl m_78259a52-36d1-b55a-1736-85a769a7346c
f 1804/4716/1179 1807/4715/1179 1805/4714/1179 1802/4713/1179
f 1808/4720/1180 1803/4719/1180 1801/4718/1180 1806/4717/1180
f 1807/4724/1181 1808/4723/1181 1806/4722/1181 1805/4721/1181
o cube
v 0.3125 4.875 -0.525
v 0.3125 4.875 -0.8375
v 0.3125 4.8125 -0.525
v 0.3125 4.8125 -0.8375
v 0.1875 4.875 -0.8375
v 0.1875 4.875 -0.525
v 0.1875 4.8125 -0.8375
v 0.1875 4.8125 -0.525
vt 0.38671875 0.88671875
vt 0.39453125 0.88671875
vt 0.39453125 0.8828125
vt 0.38671875 0.8828125
vt 0.3671875 0.88671875
vt 0.38671875 0.88671875
vt 0.38671875 0.8828125
vt 0.3671875 0.8828125
vt 0.4140625 0.88671875
vt 0.421875 0.88671875
vt 0.421875 0.8828125
vt 0.4140625 0.8828125
vt 0.39453125 0.88671875
vt 0.38671875 0.88671875
vt 0.38671875 0.90625
vt 0.39453125 0.90625
vt 0.40234375 0.90625
vt 0.39453125 0.90625
vt 0.39453125 0.88671875
vt 0.40234375 0.88671875
vn 0 0 -1
vn 1 0 0
vn 0 0 1
vn 0 1 0
vn 0 -1 0
usemtl m_78259a52-36d1-b55a-1736-85a769a7346c
f 1812/4728/1182 1815/4727/1182 1813/4726/1182 1810/4725/1182
f 1811/4732/1183 1812/4731/1183 1810/4730/1183 1809/4729/1183
f 1816/4736/1184 1811/4735/1184 1809/4734/1184 1814/4733/1184
f 1814/4740/1185 1809/4739/1185 1810/4738/1185 1813/4737/1185
f 1815/4744/1186 1812/4743/1186 1811/4742/1186 1816/4741/1186
o cube
v 0.3125 4.8125 -0.525
v 0.3125 4.8125 -0.7125
v 0.3125 4.625 -0.525
v 0.3125 4.625 -0.7125
v 0.25 4.8125 -0.7125
v 0.25 4.8125 -0.525
v 0.25 4.625 -0.7125
v 0.25 4.625 -0.525
vt 0.12890625 0.4765625
vt 0.1328125 0.4765625
vt 0.1328125 0.46484375
vt 0.12890625 0.46484375
vt 0.1171875 0.4765625
vt 0.12890625 0.4765625
vt 0.12890625 0.46484375
vt 0.1171875 0.46484375
vt 0.1328125 0.4765625
vt 0.14453125 0.4765625
vt 0.14453125 0.46484375
vt 0.1328125 0.46484375
vn 0 0 -1
vn 1 0 0
vn -1 0 0
usemtl m_78259a52-36d1-b55a-1736-85a769a7346c
f 1820/4748/1187 1823/4747/1187 1821/4746/1187 1818/4745/1187
f 1819/4752/1188 1820/4751/1188 1818/4750/1188 1817/4749/1188
f 1823/4756/1189 1824/4755/1189 1822/4754/1189 1821/4753/1189
o cube
v -0.3125 4.4375 -0.525
v -0.3125 4.4375 -0.775
v -0.3125 4.375 -0.525
v -0.3125 4.375 -0.775
v -0.4375 4.4375 -0.775
v -0.4375 4.4375 -0.525
v -0.4375 4.375 -0.775
v -0.4375 4.375 -0.525
vt 0.55078125 0.953125
vt 0.55859375 0.953125
vt 0.55859375 0.94921875
vt 0.55078125 0.94921875
vt 0.53515625 0.953125
vt 0.55078125 0.953125
vt 0.55078125 0.94921875
vt 0.53515625 0.94921875
vt 0.53515625 0.953125
vt 0.52734375 0.953125
vt 0.52734375 0.96875
vt 0.53515625 0.96875
vt 0.54296875 0.96875
vt 0.53515625 0.96875
vt 0.53515625 0.953125
vt 0.54296875 0.953125
vn 0 0 1
vn -1 0 0
vn 0 1 0
vn 0 -1 0
usemtl m_78259a52-36d1-b55a-1736-85a769a7346c
f 1832/4760/1190 1827/4759/1190 1825/4758/1190 1830/4757/1190
f 1831/4764/1191 1832/4763/1191 1830/4762/1191 1829/4761/1191
f 1830/4768/1192 1825/4767/1192 1826/4766/1192 1829/4765/1192
f 1831/4772/1193 1828/4771/1193 1827/4770/1193 1832/4769/1193
o cube
v 0.3125 4.8125 -0.275
v 0.3125 4.8125 -0.65
v 0.3125 4.75 -0.275
v 0.3125 4.75 -0.65
v 0.1875 4.8125 -0.65
v 0.1875 4.8125 -0.275
v 0.1875 4.75 -0.65
v 0.1875 4.75 -0.275
vt 0.0234375 0.640625
vt 0.03125 0.640625
vt 0.03125 0.63671875
vt 0.0234375 0.63671875
vt 0.0546875 0.640625
vt 0.0625 0.640625
vt 0.0625 0.63671875
vt 0.0546875 0.63671875
vt 0.03125 0.640625
vt 0.0546875 0.640625
vt 0.0546875 0.63671875
vt 0.03125 0.63671875
vt 0.03125 0.640625
vt 0.0234375 0.640625
vt 0.0234375 0.6640625
vt 0.03125 0.6640625
vt 0.0390625 0.6640625
vt 0.03125 0.6640625
vt 0.03125 0.640625
vt 0.0390625 0.640625
vn 0 0 -1
vn 0 0 1
vn -1 0 0
vn 0 1 0
vn 0 -1 0
usemtl m_78259a52-36d1-b55a-1736-85a769a7346c
f 1836/4776/1194 1839/4775/1194 1837/4774/1194 1834/4773/1194
f 1840/4780/1195 1835/4779/1195 1833/4778/1195 1838/4777/1195
f 1839/4784/1196 1840/4783/1196 1838/4782/1196 1837/4781/1196
f 1838/4788/1197 1833/4787/1197 1834/4786/1197 1837/4785/1197
f 1839/4792/1198 1836/4791/1198 1835/4790/1198 1840/4789/1198
o cube
v 0.3125 4.5625 -0.3375
v 0.3125 4.5625 -0.4
v 0.3125 4.4375 -0.3375
v 0.3125 4.4375 -0.4
v 0.125 4.5625 -0.4
v 0.125 4.5625 -0.3375
v 0.125 4.4375 -0.4
v 0.125 4.4375 -0.3375
vt 0.36328125 0.78515625
vt 0.375 0.78515625
vt 0.375 0.77734375
vt 0.36328125 0.77734375
vt 0.37890625 0.78515625
vt 0.390625 0.78515625
vt 0.390625 0.77734375
vt 0.37890625 0.77734375
vt 0.375 0.78515625
vt 0.37890625 0.78515625
vt 0.37890625 0.77734375
vt 0.375 0.77734375
vt 0.375 0.78515625
vt 0.36328125 0.78515625
vt 0.36328125 0.7890625
vt 0.375 0.7890625
vt 0.38671875 0.7890625
vt 0.375 0.7890625
vt 0.375 0.78515625
vt 0.38671875 0.78515625
vn 0 0 -1
vn 0 0 1
vn -1 0 0
vn 0 1 0
vn 0 -1 0
usemtl m_78259a52-36d1-b55a-1736-85a769a7346c
f 1844/4796/1199 1847/4795/1199 1845/4794/1199 1842/4793/1199
f 1848/4800/1200 1843/4799/1200 1841/4798/1200 1846/4797/1200
f 1847/4804/1201 1848/4803/1201 1846/4802/1201 1845/4801/1201
f 1846/4808/1202 1841/4807/1202 1842/4806/1202 1845/4805/1202
f 1847/4812/1203 1844/4811/1203 1843/4810/1203 1848/4809/1203
o cube
v -0.1875 4.4375 -0.4625
v -0.1875 4.4375 -0.65
v -0.1875 4.375 -0.4625
v -0.1875 4.375 -0.65
v -0.3125 4.4375 -0.65
v -0.3125 4.4375 -0.4625
v -0.3125 4.375 -0.65
v -0.3125 4.375 -0.4625
vt 0.52734375 0.87890625
vt 0.53515625 0.87890625
vt 0.53515625 0.875
vt 0.52734375 0.875
vt 0.515625 0.87890625
vt 0.52734375 0.87890625
vt 0.52734375 0.875
vt 0.515625 0.875
vt 0.546875 0.87890625
vt 0.5546875 0.87890625
vt 0.5546875 0.875
vt 0.546875 0.875
vt 0.54296875 0.890625
vt 0.53515625 0.890625
vt 0.53515625 0.87890625
vt 0.54296875 0.87890625
vn 0 0 -1
vn 1 0 0
vn 0 0 1
vn 0 -1 0
usemtl m_78259a52-36d1-b55a-1736-85a769a7346c
f 1852/4816/1204 1855/4815/1204 1853/4814/1204 1850/4813/1204
f 1851/4820/1205 1852/4819/1205 1850/4818/1205 1849/4817/1205
f 1856/4824/1206 1851/4823/1206 1849/4822/1206 1854/4821/1206
f 1855/4828/1207 1852/4827/1207 1851/4826/1207 1856/4825/1207
o cube
v 0.3125 4.4375 -0.4625
v 0.3125 4.4375 -0.65
v 0.3125 4.375 -0.4625
v 0.3125 4.375 -0.65
v 0.1875 4.4375 -0.65
v 0.1875 4.4375 -0.4625
v 0.1875 4.375 -0.65
v 0.1875 4.375 -0.4625
vt 0.53515625 0.87890625
vt 0.52734375 0.87890625
vt 0.52734375 0.875
vt 0.53515625 0.875
vt 0.5546875 0.87890625
vt 0.546875 0.87890625
vt 0.546875 0.875
vt 0.5546875 0.875
vt 0.52734375 0.87890625
vt 0.515625 0.87890625
vt 0.515625 0.875
vt 0.52734375 0.875
vt 0.53515625 0.890625
vt 0.54296875 0.890625
vt 0.54296875 0.87890625
vt 0.53515625 0.87890625
vn 0 0 -1
vn 0 0 1
vn -1 0 0
vn 0 -1 0
usemtl m_78259a52-36d1-b55a-1736-85a769a7346c
f 1860/4832/1208 1863/4831/1208 1861/4830/1208 1858/4829/1208
f 1864/4836/1209 1859/4835/1209 1857/4834/1209 1862/4833/1209
f 1863/4840/1210 1864/4839/1210 1862/4838/1210 1861/4837/1210
f 1863/4844/1211 1860/4843/1211 1859/4842/1211 1864/4841/1211
o cube
v 0.125 4.625 0.16249999999999998
v 0.125 4.625 0.03749999999999998
v 0.125 4.5 0.16249999999999998
v 0.125 4.5 0.03749999999999998
v 0 4.625 0.03749999999999998
v 0 4.625 0.16249999999999998
v 0 4.5 0.03749999999999998
v 0 4.5 0.16249999999999998
vt 0.546875 0.72265625
vt 0.5546875 0.72265625
vt 0.5546875 0.71484375
vt 0.546875 0.71484375
vt 0.5390625 0.72265625
vt 0.546875 0.72265625
vt 0.546875 0.71484375
vt 0.5390625 0.71484375
vt 0.5625 0.72265625
vt 0.5703125 0.72265625
vt 0.5703125 0.71484375
vt 0.5625 0.71484375
vt 0.5625 0.73046875
vt 0.5546875 0.73046875
vt 0.5546875 0.72265625
vt 0.5625 0.72265625
vn 0 0 -1
vn 1 0 0
vn 0 0 1
vn 0 -1 0
usemtl m_78259a52-36d1-b55a-1736-85a769a7346c
f 1868/4848/1212 1871/4847/1212 1869/4846/1212 1866/4845/1212
f 1867/4852/1213 1868/4851/1213 1866/4850/1213 1865/4849/1213
f 1872/4856/1214 1867/4855/1214 1865/4854/1214 1870/4853/1214
f 1871/4860/1215 1868/4859/1215 1867/4858/1215 1872/4857/1215
o cube
v 0.0625 4.8125 -0.5875
v 0.0625 4.8125 -0.7125
v 0.0625 4.5625 -0.5875
v 0.0625 4.5625 -0.7125
v 0 4.8125 -0.7125
v 0 4.8125 -0.5875
v 0 4.5625 -0.7125
v 0 4.5625 -0.5875
vt 0.16015625 0.73046875
vt 0.15234375 0.73046875
vt 0.15234375 0.71484375
vt 0.16015625 0.71484375
vt 0.1640625 0.73046875
vt 0.16015625 0.73046875
vt 0.16015625 0.71484375
vt 0.1640625 0.71484375
vt 0.15234375 0.73828125
vt 0.15625 0.73828125
vt 0.15625 0.73046875
vt 0.15234375 0.73046875
vn 1 0 0
vn 0 0 1
vn 0 -1 0
usemtl m_78259a52-36d1-b55a-1736-85a769a7346c
f 1875/4864/1216 1876/4863/1216 1874/4862/1216 1873/4861/1216
f 1880/4868/1217 1875/4867/1217 1873/4866/1217 1878/4865/1217
f 1879/4872/1218 1876/4871/1218 1875/4870/1218 1880/4869/1218
o cube
v 0.125 4.625 -0.7125
v 0.125 4.625 -0.775
v 0.125 4.5625 -0.7125
v 0.125 4.5625 -0.775
v -0.0625 4.625 -0.775
v -0.0625 4.625 -0.7125
v -0.0625 4.5625 -0.775
v -0.0625 4.5625 -0.7125
vt 0.26953125 0.65625
vt 0.28125 0.65625
vt 0.28125 0.65234375
vt 0.26953125 0.65234375
vt 0.265625 0.65625
vt 0.26953125 0.65625
vt 0.26953125 0.65234375
vt 0.265625 0.65234375
vt 0.28515625 0.65625
vt 0.296875 0.65625
vt 0.296875 0.65234375
vt 0.28515625 0.65234375
vt 0.28125 0.65625
vt 0.28515625 0.65625
vt 0.28515625 0.65234375
vt 0.28125 0.65234375
vt 0.28125 0.65625
vt 0.26953125 0.65625
vt 0.26953125 0.66015625
vt 0.28125 0.66015625
vn 0 0 -1
vn 1 0 0
vn 0 0 1
vn -1 0 0
vn 0 1 0
usemtl m_78259a52-36d1-b55a-1736-85a769a7346c
f 1884/4876/1219 1887/4875/1219 1885/4874/1219 1882/4873/1219
f 1883/4880/1220 1884/4879/1220 1882/4878/1220 1881/4877/1220
f 1888/4884/1221 1883/4883/1221 1881/4882/1221 1886/4881/1221
f 1887/4888/1222 1888/4887/1222 1886/4886/1222 1885/4885/1222
f 1886/4892/1223 1881/4891/1223 1882/4890/1223 1885/4889/1223
o cube
v -0.0625 4.5 -0.775
v -0.0625 4.5 -0.8375
v -0.0625 4.375 -0.775
v -0.0625 4.375 -0.8375
v -0.375 4.5 -0.8375
v -0.375 4.5 -0.775
v -0.375 4.375 -0.8375
v -0.375 4.375 -0.775
vt 0.51953125 0.81640625
vt 0.5390625 0.81640625
vt 0.5390625 0.80859375
vt 0.51953125 0.80859375
vt 0.515625 0.81640625
vt 0.51953125 0.81640625
vt 0.51953125 0.80859375
vt 0.515625 0.80859375
vt 0.5390625 0.81640625
vt 0.51953125 0.81640625
vt 0.51953125 0.8203125
vt 0.5390625 0.8203125
vt 0.55859375 0.8203125
vt 0.5390625 0.8203125
vt 0.5390625 0.81640625
vt 0.55859375 0.81640625
vn 0 0 -1
vn 1 0 0
vn 0 1 0
vn 0 -1 0
usemtl m_78259a52-36d1-b55a-1736-85a769a7346c
f 1892/4896/1224 1895/4895/1224 1893/4894/1224 1890/4893/1224
f 1891/4900/1225 1892/4899/1225 1890/4898/1225 1889/4897/1225
f 1894/4904/1226 1889/4903/1226 1890/4902/1226 1893/4901/1226
f 1895/4908/1227 1892/4907/1227 1891/4906/1227 1896/4905/1227
o cube
v 0.125 4.8125 -0.7125
v 0.125 4.8125 -0.775
v 0.125 4.75 -0.7125
v 0.125 4.75 -0.775
v 0 4.8125 -0.775
v 0 4.8125 -0.7125
v 0 4.75 -0.775
v 0 4.75 -0.7125
vt 0.49609375 0.46875
vt 0.50390625 0.46875
vt 0.50390625 0.46484375
vt 0.49609375 0.46484375
vt 0.4921875 0.46875
vt 0.49609375 0.46875
vt 0.49609375 0.46484375
vt 0.4921875 0.46484375
vt 0.5078125 0.46875
vt 0.515625 0.46875
vt 0.515625 0.46484375
vt 0.5078125 0.46484375
vt 0.51171875 0.47265625
vt 0.50390625 0.47265625
vt 0.50390625 0.46875
vt 0.51171875 0.46875
vn 0 0 -1
vn 1 0 0
vn 0 0 1
vn 0 -1 0
usemtl m_78259a52-36d1-b55a-1736-85a769a7346c
f 1900/4912/1228 1903/4911/1228 1901/4910/1228 1898/4909/1228
f 1899/4916/1229 1900/4915/1229 1898/4914/1229 1897/4913/1229
f 1904/4920/1230 1899/4919/1230 1897/4918/1230 1902/4917/1230
f 1903/4924/1231 1900/4923/1231 1899/4922/1231 1904/4921/1231
o cube
v 0.1875 5.0625 -0.08750000000000002
v 0.1875 5.0625 -0.525
v 0.1875 5 -0.08750000000000002
v 0.1875 5 -0.525
v 0 5.0625 -0.525
v 0 5.0625 -0.08750000000000002
v 0 5 -0.525
v 0 5 -0.08750000000000002
vt 0.25 0.75
vt 0.27734375 0.75
vt 0.27734375 0.74609375
vt 0.25 0.74609375
vn 1 0 0
usemtl m_78259a52-36d1-b55a-1736-85a769a7346c
f 1907/4928/1232 1908/4927/1232 1906/4926/1232 1905/4925/1232
o cube
v 0.375 4.5 -0.7125
v 0.375 4.5 -0.8375
v 0.375 4.4375 -0.7125
v 0.375 4.4375 -0.8375
v 0.0625 4.5 -0.8375
v 0.0625 4.5 -0.7125
v 0.0625 4.4375 -0.8375
v 0.0625 4.4375 -0.7125
vt 0.45703125 0.91796875
vt 0.4765625 0.91796875
vt 0.4765625 0.9140625
vt 0.45703125 0.9140625
vt 0.44921875 0.91796875
vt 0.45703125 0.91796875
vt 0.45703125 0.9140625
vt 0.44921875 0.9140625
vt 0.484375 0.91796875
vt 0.50390625 0.91796875
vt 0.50390625 0.9140625
vt 0.484375 0.9140625
vt 0.4765625 0.91796875
vt 0.45703125 0.91796875
vt 0.45703125 0.92578125
vt 0.4765625 0.92578125
vn 0 0 -1
vn 1 0 0
vn 0 0 1
vn 0 1 0
usemtl m_78259a52-36d1-b55a-1736-85a769a7346c
f 1916/4932/1233 1919/4931/1233 1917/4930/1233 1914/4929/1233
f 1915/4936/1234 1916/4935/1234 1914/4934/1234 1913/4933/1234
f 1920/4940/1235 1915/4939/1235 1913/4938/1235 1918/4937/1235
f 1918/4944/1236 1913/4943/1236 1914/4942/1236 1917/4941/1236
o cube
v 0.375 4.75 -0.275
v 0.375 4.75 -0.3375
v 0.375 4.5625 -0.275
v 0.375 4.5625 -0.3375
v 0.3125 4.75 -0.3375
v 0.3125 4.75 -0.275
v 0.3125 4.5625 -0.3375
v 0.3125 4.5625 -0.275
vt 0.0859375 0.77734375
vt 0.08203125 0.77734375
vt 0.08203125 0.765625
vt 0.0859375 0.765625
vt 0.08984375 0.77734375
vt 0.0859375 0.77734375
vt 0.0859375 0.765625
vt 0.08984375 0.765625
vt 0.09375 0.77734375
vt 0.08984375 0.77734375
vt 0.08984375 0.765625
vt 0.09375 0.765625
vt 0.0859375 0.78125
vt 0.08984375 0.78125
vt 0.08984375 0.77734375
vt 0.0859375 0.77734375
vn 0 0 -1
vn 1 0 0
vn 0 0 1
vn 0 -1 0
usemtl m_78259a52-36d1-b55a-1736-85a769a7346c
f 1924/4948/1237 1927/4947/1237 1925/4946/1237 1922/4945/1237
f 1923/4952/1238 1924/4951/1238 1922/4950/1238 1921/4949/1238
f 1928/4956/1239 1923/4955/1239 1921/4954/1239 1926/4953/1239
f 1927/4960/1240 1924/4959/1240 1923/4958/1240 1928/4957/1240
o cube
v 0.1875 4.875 -0.775
v 0.1875 4.875 -0.8375
v 0.1875 4.8125 -0.775
v 0.1875 4.8125 -0.8375
v 0.125 4.875 -0.8375
v 0.125 4.875 -0.775
v 0.125 4.8125 -0.8375
v 0.125 4.8125 -0.775
vt 0.1328125 0.67578125
vt 0.12890625 0.67578125
vt 0.12890625 0.671875
vt 0.1328125 0.671875
vt 0.12890625 0.67578125
vt 0.125 0.67578125
vt 0.125 0.671875
vt 0.12890625 0.671875
vt 0.12890625 0.67578125
vt 0.1328125 0.67578125
vt 0.1328125 0.6796875
vt 0.12890625 0.6796875
vt 0.1328125 0.6796875
vt 0.13671875 0.6796875
vt 0.13671875 0.67578125
vt 0.1328125 0.67578125
vn 0 0 -1
vn -1 0 0
vn 0 1 0
vn 0 -1 0
usemtl m_78259a52-36d1-b55a-1736-85a769a7346c
f 1932/4964/1241 1935/4963/1241 1933/4962/1241 1930/4961/1241
f 1935/4968/1242 1936/4967/1242 1934/4966/1242 1933/4965/1242
f 1934/4972/1243 1929/4971/1243 1930/4970/1243 1933/4969/1243
f 1935/4976/1244 1932/4975/1244 1931/4974/1244 1936/4973/1244
o cube
v 0.375 4.5625 -0.3375
v 0.375 4.5625 -0.4
v 0.375 4.5 -0.3375
v 0.375 4.5 -0.4
v 0.25 4.5625 -0.4
v 0.25 4.5625 -0.3375
v 0.25 4.5 -0.4
v 0.25 4.5 -0.3375
vt 0.55859375 0.84765625
vt 0.56640625 0.84765625
vt 0.56640625 0.84375
vt 0.55859375 0.84375
vt 0.5546875 0.84765625
vt 0.55859375 0.84765625
vt 0.55859375 0.84375
vt 0.5546875 0.84375
vt 0.5703125 0.84765625
vt 0.578125 0.84765625
vt 0.578125 0.84375
vt 0.5703125 0.84375
vt 0.56640625 0.84765625
vt 0.55859375 0.84765625
vt 0.55859375 0.8515625
vt 0.56640625 0.8515625
vn 0 0 -1
vn 1 0 0
vn 0 0 1
vn 0 1 0
usemtl m_78259a52-36d1-b55a-1736-85a769a7346c
f 1940/4980/1245 1943/4979/1245 1941/4978/1245 1938/4977/1245
f 1939/4984/1246 1940/4983/1246 1938/4982/1246 1937/4981/1246
f 1944/4988/1247 1939/4987/1247 1937/4986/1247 1942/4985/1247
f 1942/4992/1248 1937/4991/1248 1938/4990/1248 1941/4989/1248
o cube
v 0.375 4.8125 -0.15000000000000002
v 0.375 4.8125 -0.7125
v 0.375 4.75 -0.15000000000000002
v 0.375 4.75 -0.7125
v 0.3125 4.8125 -0.7125
v 0.3125 4.8125 -0.15000000000000002
v 0.3125 4.75 -0.7125
v 0.3125 4.75 -0.15000000000000002
vt 0.12890625 0.76953125
vt 0.1328125 0.76953125
vt 0.1328125 0.765625
vt 0.12890625 0.765625
vt 0.09375 0.76953125
vt 0.12890625 0.76953125
vt 0.12890625 0.765625
vt 0.09375 0.765625
vt 0.1328125 0.76953125
vt 0.12890625 0.76953125
vt 0.12890625 0.8046875
vt 0.1328125 0.8046875
vt 0.13671875 0.8046875
vt 0.1328125 0.8046875
vt 0.1328125 0.76953125
vt 0.13671875 0.76953125
vn 0 0 -1
vn 1 0 0
vn 0 1 0
vn 0 -1 0
usemtl m_78259a52-36d1-b55a-1736-85a769a7346c
f 1948/4996/1249 1951/4995/1249 1949/4994/1249 1946/4993/1249
f 1947/5000/1250 1948/4999/1250 1946/4998/1250 1945/4997/1250
f 1950/5004/1251 1945/5003/1251 1946/5002/1251 1949/5001/1251
f 1951/5008/1252 1948/5007/1252 1947/5006/1252 1952/5005/1252
o cube
v -0.25 4.5625 -0.3375
v -0.25 4.5625 -0.4
v -0.25 4.5 -0.3375
v -0.25 4.5 -0.4
v -0.375 4.5625 -0.4
v -0.375 4.5625 -0.3375
v -0.375 4.5 -0.4
v -0.375 4.5 -0.3375
vt 0.56640625 0.84765625
vt 0.55859375 0.84765625
vt 0.55859375 0.84375
vt 0.56640625 0.84375
vt 0.578125 0.84765625
vt 0.5703125 0.84765625
vt 0.5703125 0.84375
vt 0.578125 0.84375
vt 0.55859375 0.84765625
vt 0.5546875 0.84765625
vt 0.5546875 0.84375
vt 0.55859375 0.84375
vt 0.55859375 0.84765625
vt 0.56640625 0.84765625
vt 0.56640625 0.8515625
vt 0.55859375 0.8515625
vn 0 0 -1
vn 0 0 1
vn -1 0 0
vn 0 1 0
usemtl m_78259a52-36d1-b55a-1736-85a769a7346c
f 1956/5012/1253 1959/5011/1253 1957/5010/1253 1954/5009/1253
f 1960/5016/1254 1955/5015/1254 1953/5014/1254 1958/5013/1254
f 1959/5020/1255 1960/5019/1255 1958/5018/1255 1957/5017/1255
f 1958/5024/1256 1953/5023/1256 1954/5022/1256 1957/5021/1256
o cube
v 0.3125 4.875 -0.025000000000000022
v 0.3125 4.875 -0.3375
v 0.3125 4.5625 -0.025000000000000022
v 0.3125 4.5625 -0.3375
v 0.25 4.875 -0.3375
v 0.25 4.875 -0.025000000000000022
v 0.25 4.5625 -0.3375
v 0.25 4.5625 -0.025000000000000022
vt 0.08203125 0.640625
vt 0.0859375 0.640625
vt 0.0859375 0.62109375
vt 0.08203125 0.62109375
vt 0.0625 0.640625
vt 0.08203125 0.640625
vt 0.08203125 0.62109375
vt 0.0625 0.62109375
vt 0.10546875 0.640625
vt 0.109375 0.640625
vt 0.109375 0.62109375
vt 0.10546875 0.62109375
vt 0.0859375 0.640625
vt 0.10546875 0.640625
vt 0.10546875 0.62109375
vt 0.0859375 0.62109375
vt 0.0859375 0.640625
vt 0.08203125 0.640625
vt 0.08203125 0.66015625
vt 0.0859375 0.66015625
vt 0.08984375 0.66015625
vt 0.0859375 0.66015625
vt 0.0859375 0.640625
vt 0.08984375 0.640625
vn 0 0 -1
vn 1 0 0
vn 0 0 1
vn -1 0 0
vn 0 1 0
vn 0 -1 0
usemtl m_78259a52-36d1-b55a-1736-85a769a7346c
f 1964/5028/1257 1967/5027/1257 1965/5026/1257 1962/5025/1257
f 1963/5032/1258 1964/5031/1258 1962/5030/1258 1961/5029/1258
f 1968/5036/1259 1963/5035/1259 1961/5034/1259 1966/5033/1259
f 1967/5040/1260 1968/5039/1260 1966/5038/1260 1965/5037/1260
f 1966/5044/1261 1961/5043/1261 1962/5042/1261 1965/5041/1261
f 1967/5048/1262 1964/5047/1262 1963/5046/1262 1968/5045/1262
o cube
v 0.25 4.9375 0.09999999999999998
v 0.25 4.9375 -0.025000000000000022
v 0.25 4.5625 0.09999999999999998
v 0.25 4.5625 -0.025000000000000022
v -0.125 4.9375 -0.025000000000000022
v -0.125 4.9375 0.09999999999999998
v -0.125 4.5625 -0.025000000000000022
v -0.125 4.5625 0.09999999999999998
vt 0.3359375 0.76953125
vt 0.359375 0.76953125
vt 0.359375 0.74609375
vt 0.3359375 0.74609375
vt 0.328125 0.76953125
vt 0.3359375 0.76953125
vt 0.3359375 0.74609375
vt 0.328125 0.74609375
vt 0.3671875 0.76953125
vt 0.390625 0.76953125
vt 0.390625 0.74609375
vt 0.3671875 0.74609375
vt 0.359375 0.76953125
vt 0.3359375 0.76953125
vt 0.3359375 0.77734375
vt 0.359375 0.77734375
vt 0.3828125 0.77734375
vt 0.359375 0.77734375
vt 0.359375 0.76953125
vt 0.3828125 0.76953125
vn 0 0 -1
vn 1 0 0
vn 0 0 1
vn 0 1 0
vn 0 -1 0
usemtl m_78259a52-36d1-b55a-1736-85a769a7346c
f 1972/5052/1263 1975/5051/1263 1973/5050/1263 1970/5049/1263
f 1971/5056/1264 1972/5055/1264 1970/5054/1264 1969/5053/1264
f 1976/5060/1265 1971/5059/1265 1969/5058/1265 1974/5057/1265
f 1974/5064/1266 1969/5063/1266 1970/5062/1266 1973/5061/1266
f 1975/5068/1267 1972/5067/1267 1971/5066/1267 1976/5065/1267
o cube
v 0.0625 4.5625 0.09999999999999998
v 0.0625 4.5625 0.03749999999999998
v 0.0625 4.4375 0.09999999999999998
v 0.0625 4.4375 0.03749999999999998
v -0.0625 4.5625 0.03749999999999998
v -0.0625 4.5625 0.09999999999999998
v -0.0625 4.4375 0.03749999999999998
v -0.0625 4.4375 0.09999999999999998
vt 0.21484375 0.68359375
vt 0.22265625 0.68359375
vt 0.22265625 0.67578125
vt 0.21484375 0.67578125
vt 0.2109375 0.68359375
vt 0.21484375 0.68359375
vt 0.21484375 0.67578125
vt 0.2109375 0.67578125
vt 0.2265625 0.68359375
vt 0.234375 0.68359375
vt 0.234375 0.67578125
vt 0.2265625 0.67578125
vt 0.22265625 0.68359375
vt 0.2265625 0.68359375
vt 0.2265625 0.67578125
vt 0.22265625 0.67578125
vt 0.23046875 0.6875
vt 0.22265625 0.6875
vt 0.22265625 0.68359375
vt 0.23046875 0.68359375
vn 0 0 -1
vn 1 0 0
vn 0 0 1
vn -1 0 0
vn 0 -1 0
usemtl m_78259a52-36d1-b55a-1736-85a769a7346c
f 1980/5072/1268 1983/5071/1268 1981/5070/1268 1978/5069/1268
f 1979/5076/1269 1980/5075/1269 1978/5074/1269 1977/5073/1269
f 1984/5080/1270 1979/5079/1270 1977/5078/1270 1982/5077/1270
f 1983/5084/1271 1984/5083/1271 1982/5082/1271 1981/5081/1271
f 1983/5088/1272 1980/5087/1272 1979/5086/1272 1984/5085/1272
o cube
v 0 4.625 0.16249999999999998
v 0 4.625 0.03749999999999998
v 0 4.5 0.16249999999999998
v 0 4.5 0.03749999999999998
v -0.125 4.625 0.03749999999999998
v -0.125 4.625 0.16249999999999998
v -0.125 4.5 0.03749999999999998
v -0.125 4.5 0.16249999999999998
vt 0.5546875 0.72265625
vt 0.546875 0.72265625
vt 0.546875 0.71484375
vt 0.5546875 0.71484375
vt 0.5703125 0.72265625
vt 0.5625 0.72265625
vt 0.5625 0.71484375
vt 0.5703125 0.71484375
vt 0.546875 0.72265625
vt 0.5390625 0.72265625
vt 0.5390625 0.71484375
vt 0.546875 0.71484375
vt 0.5546875 0.73046875
vt 0.5625 0.73046875
vt 0.5625 0.72265625
vt 0.5546875 0.72265625
vn 0 0 -1
vn 0 0 1
vn -1 0 0
vn 0 -1 0
usemtl m_78259a52-36d1-b55a-1736-85a769a7346c
f 1988/5092/1273 1991/5091/1273 1989/5090/1273 1986/5089/1273
f 1992/5096/1274 1987/5095/1274 1985/5094/1274 1990/5093/1274
f 1991/5100/1275 1992/5099/1275 1990/5098/1275 1989/5097/1275
f 1991/5104/1276 1988/5103/1276 1987/5102/1276 1992/5101/1276
o cube
v 0.1875 4.8125 0.16249999999999998
v 0.1875 4.8125 0.03749999999999998
v 0.1875 4.625 0.16249999999999998
v 0.1875 4.625 0.03749999999999998
v 0 4.8125 0.03749999999999998
v 0 4.8125 0.16249999999999998
v 0 4.625 0.03749999999999998
v 0 4.625 0.16249999999999998
vt 0.50390625 0.7421875
vt 0.49609375 0.7421875
vt 0.49609375 0.73046875
vt 0.50390625 0.73046875
vt 0.515625 0.7421875
vt 0.50390625 0.7421875
vt 0.50390625 0.73046875
vt 0.515625 0.73046875
vt 0.484375 0.7421875
vt 0.49609375 0.7421875
vt 0.49609375 0.75
vt 0.484375 0.75
vt 0.49609375 0.75
vt 0.5078125 0.75
vt 0.5078125 0.7421875
vt 0.49609375 0.7421875
vn 1 0 0
vn 0 0 1
vn 0 1 0
vn 0 -1 0
usemtl m_78259a52-36d1-b55a-1736-85a769a7346c
f 1995/5108/1277 1996/5107/1277 1994/5106/1277 1993/5105/1277
f 2000/5112/1278 1995/5111/1278 1993/5110/1278 1998/5109/1278
f 1998/5116/1279 1993/5115/1279 1994/5114/1279 1997/5113/1279
f 1999/5120/1280 1996/5119/1280 1995/5118/1280 2000/5117/1280
o cube
v 0.3125 4.625 -0.15000000000000002
v 0.3125 4.625 -0.3375
v 0.3125 4.5 -0.15000000000000002
v 0.3125 4.5 -0.3375
v 0.1875 4.625 -0.3375
v 0.1875 4.625 -0.15000000000000002
v 0.1875 4.5 -0.3375
v 0.1875 4.5 -0.15000000000000002
vt 0.5078125 0.51953125
vt 0.515625 0.51953125
vt 0.515625 0.51171875
vt 0.5078125 0.51171875
vt 0.49609375 0.51953125
vt 0.5078125 0.51953125
vt 0.5078125 0.51171875
vt 0.49609375 0.51171875
vt 0.49609375 0.51953125
vt 0.48828125 0.51953125
vt 0.48828125 0.53125
vt 0.49609375 0.53125
vt 0.50390625 0.53125
vt 0.49609375 0.53125
vt 0.49609375 0.51953125
vt 0.50390625 0.51953125
vn 0 0 1
vn -1 0 0
vn 0 1 0
vn 0 -1 0
usemtl m_78259a52-36d1-b55a-1736-85a769a7346c
f 2008/5124/1281 2003/5123/1281 2001/5122/1281 2006/5121/1281
f 2007/5128/1282 2008/5127/1282 2006/5126/1282 2005/5125/1282
f 2006/5132/1283 2001/5131/1283 2002/5130/1283 2005/5129/1283
f 2007/5136/1284 2004/5135/1284 2003/5134/1284 2008/5133/1284
o cube
v 0.375 4.5 -0.3375
v 0.375 4.5 -0.5875
v 0.375 4.4375 -0.3375
v 0.375 4.4375 -0.5875
v 0.1875 4.5 -0.5875
v 0.1875 4.5 -0.3375
v 0.1875 4.4375 -0.5875
v 0.1875 4.4375 -0.3375
vt 0.34765625 0.60546875
vt 0.33203125 0.60546875
vt 0.33203125 0.6015625
vt 0.34765625 0.6015625
vt 0.359375 0.60546875
vt 0.34765625 0.60546875
vt 0.34765625 0.6015625
vt 0.359375 0.6015625
vt 0.3203125 0.60546875
vt 0.33203125 0.60546875
vt 0.33203125 0.62109375
vt 0.3203125 0.62109375
vn 1 0 0
vn 0 0 1
vn 0 1 0
usemtl m_78259a52-36d1-b55a-1736-85a769a7346c
f 2011/5140/1285 2012/5139/1285 2010/5138/1285 2009/5137/1285
f 2016/5144/1286 2011/5143/1286 2009/5142/1286 2014/5141/1286
f 2014/5148/1287 2009/5147/1287 2010/5146/1287 2013/5145/1287
o cube
v 0.25 4.9375 -0.275
v 0.25 4.9375 -0.775
v 0.25 4.8125 -0.275
v 0.25 4.8125 -0.775
v 0.0625 4.9375 -0.775
v 0.0625 4.9375 -0.275
v 0.0625 4.8125 -0.775
v 0.0625 4.8125 -0.275
vt 0.03125 0.7890625
vt 0.04296875 0.7890625
vt 0.04296875 0.78125
vt 0.03125 0.78125
vt 0 0.7890625
vt 0.03125 0.7890625
vt 0.03125 0.78125
vt 0 0.78125
vt 0.07421875 0.7890625
vt 0.0859375 0.7890625
vt 0.0859375 0.78125
vt 0.07421875 0.78125
vt 0.04296875 0.7890625
vt 0.07421875 0.7890625
vt 0.07421875 0.78125
vt 0.04296875 0.78125
vt 0.04296875 0.7890625
vt 0.03125 0.7890625
vt 0.03125 0.8203125
vt 0.04296875 0.8203125
vt 0.0546875 0.8203125
vt 0.04296875 0.8203125
vt 0.04296875 0.7890625
vt 0.0546875 0.7890625
vn 0 0 -1
vn 1 0 0
vn 0 0 1
vn -1 0 0
vn 0 1 0
vn 0 -1 0
usemtl m_78259a52-36d1-b55a-1736-85a769a7346c
f 2020/5152/1288 2023/5151/1288 2021/5150/1288 2018/5149/1288
f 2019/5156/1289 2020/5155/1289 2018/5154/1289 2017/5153/1289
f 2024/5160/1290 2019/5159/1290 2017/5158/1290 2022/5157/1290
f 2023/5164/1291 2024/5163/1291 2022/5162/1291 2021/5161/1291
f 2022/5168/1292 2017/5167/1292 2018/5166/1292 2021/5165/1292
f 2023/5172/1293 2020/5171/1293 2019/5170/1293 2024/5169/1293
o cube
v 0.3125 4.75 -0.3375
v 0.3125 4.75 -0.5875
v 0.3125 4.625 -0.3375
v 0.3125 4.625 -0.5875
v 0.25 4.75 -0.5875
v 0.25 4.75 -0.3375
v 0.25 4.625 -0.5875
v 0.25 4.625 -0.3375
vt 0.0390625 0.51171875
vt 0.0546875 0.51171875
vt 0.0546875 0.50390625
vt 0.0390625 0.50390625
vt 0.05859375 0.51171875
vt 0.07421875 0.51171875
vt 0.07421875 0.50390625
vt 0.05859375 0.50390625
vn 1 0 0
vn -1 0 0
usemtl m_78259a52-36d1-b55a-1736-85a769a7346c
f 2027/5176/1294 2028/5175/1294 2026/5174/1294 2025/5173/1294
f 2031/5180/1295 2032/5179/1295 2030/5178/1295 2029/5177/1295
o cube
v 0.25 4.5625 -0.775
v 0.25 4.5625 -0.8375
v 0.25 4.5 -0.775
v 0.25 4.5 -0.8375
v 0.1875 4.5625 -0.8375
v 0.1875 4.5625 -0.775
v 0.1875 4.5 -0.8375
v 0.1875 4.5 -0.775
vt 0.19921875 0.66796875
vt 0.1953125 0.66796875
vt 0.1953125 0.6640625
vt 0.19921875 0.6640625
vt 0.20703125 0.66796875
vt 0.203125 0.66796875
vt 0.203125 0.6640625
vt 0.20703125 0.6640625
vt 0.1953125 0.66796875
vt 0.19921875 0.66796875
vt 0.19921875 0.671875
vt 0.1953125 0.671875
vn 0 0 -1
vn 0 0 1
vn 0 1 0
usemtl m_78259a52-36d1-b55a-1736-85a769a7346c
f 2036/5184/1296 2039/5183/1296 2037/5182/1296 2034/5181/1296
f 2040/5188/1297 2035/5187/1297 2033/5186/1297 2038/5185/1297
f 2038/5192/1298 2033/5191/1298 2034/5190/1298 2037/5189/1298
o cube
v 0.375 4.5 -0.775
v 0.375 4.5 -0.8375
v 0.375 4.4375 -0.775
v 0.375 4.4375 -0.8375
v 0.125 4.5 -0.8375
v 0.125 4.5 -0.775
v 0.125 4.4375 -0.8375
v 0.125 4.4375 -0.775
vt 0.375 0.85546875
vt 0.37890625 0.85546875
vt 0.37890625 0.8515625
vt 0.375 0.8515625
vn 1 0 0
usemtl m_78259a52-36d1-b55a-1736-85a769a7346c
f 2043/5196/1299 2044/5195/1299 2042/5194/1299 2041/5193/1299
o cube
v -0.25 4.5 -0.65
v -0.25 4.5 -0.7125
v -0.25 4.4375 -0.65
v -0.25 4.4375 -0.7125
v -0.375 4.5 -0.7125
v -0.375 4.5 -0.65
v -0.375 4.4375 -0.7125
v -0.375 4.4375 -0.65
vt 0.2109375 0.52734375
vt 0.21875 0.52734375
vt 0.21875 0.5234375
vt 0.2109375 0.5234375
vt 0.22265625 0.52734375
vt 0.23046875 0.52734375
vt 0.23046875 0.5234375
vt 0.22265625 0.5234375
vt 0.21875 0.52734375
vt 0.22265625 0.52734375
vt 0.22265625 0.5234375
vt 0.21875 0.5234375
vt 0.21875 0.52734375
vt 0.2109375 0.52734375
vt 0.2109375 0.53125
vt 0.21875 0.53125
vn 0 0 -1
vn 0 0 1
vn -1 0 0
vn 0 1 0
usemtl m_78259a52-36d1-b55a-1736-85a769a7346c
f 2052/5200/1300 2055/5199/1300 2053/5198/1300 2050/5197/1300
f 2056/5204/1301 2051/5203/1301 2049/5202/1301 2054/5201/1301
f 2055/5208/1302 2056/5207/1302 2054/5206/1302 2053/5205/1302
f 2054/5212/1303 2049/5211/1303 2050/5210/1303 2053/5209/1303
o cube
v 0 4.75 -0.65
v 0 4.75 -0.7125
v 0 4.5625 -0.65
v 0 4.5625 -0.7125
v -0.0625 4.75 -0.7125
v -0.0625 4.75 -0.65
v -0.0625 4.5625 -0.7125
v -0.0625 4.5625 -0.65
vt 0.23828125 0.73828125
vt 0.2421875 0.73828125
vt 0.2421875 0.7265625
vt 0.23828125 0.7265625
vn 0 0 -1
usemtl m_78259a52-36d1-b55a-1736-85a769a7346c
f 2060/5216/1304 2063/5215/1304 2061/5214/1304 2058/5213/1304
o cube
v 0.0625 4.625 -0.65
v 0.0625 4.625 -0.7125
v 0.0625 4.5625 -0.65
v 0.0625 4.5625 -0.7125
v 0 4.625 -0.7125
v 0 4.625 -0.65
v 0 4.5625 -0.7125
v 0 4.5625 -0.65
vt 0.2421875 0.73828125
vt 0.23828125 0.73828125
vt 0.23828125 0.734375
vt 0.2421875 0.734375
vn 0 0 -1
usemtl m_78259a52-36d1-b55a-1736-85a769a7346c
f 2068/5220/1305 2071/5219/1305 2069/5218/1305 2066/5217/1305
o cube
v 0.0625 4.625 -0.7125
v 0.0625 4.625 -0.775
v 0.0625 4.5625 -0.7125
v 0.0625 4.5625 -0.775
v -0.0625 4.625 -0.775
v -0.0625 4.625 -0.7125
v -0.0625 4.5625 -0.775
v -0.0625 4.5625 -0.7125
vt 0.12890625 0.64453125
vt 0.12109375 0.64453125
vt 0.12109375 0.640625
vt 0.12890625 0.640625
vn 0 -1 0
usemtl m_78259a52-36d1-b55a-1736-85a769a7346c
f 2079/5224/1306 2076/5223/1306 2075/5222/1306 2080/5221/1306
o cube
v -0.0625 4.375 -0.7125
v -0.0625 4.375 -0.775
v -0.0625 4.3125 -0.7125
v -0.0625 4.3125 -0.775
v -0.0625 4.375 -0.775
v -0.0625 4.375 -0.7125
v -0.0625 4.3125 -0.775
v -0.0625 4.3125 -0.7125
vt 0.0703125 0.7421875
vt 0.07421875 0.7421875
vt 0.07421875 0.73828125
vt 0.0703125 0.73828125
vn 1 0 0
usemtl m_78259a52-36d1-b55a-1736-85a769a7346c
f 2083/5228/1307 2084/5227/1307 2082/5226/1307 2081/5225/1307
o cube
v 0.375 4.5625 -0.4625
v 0.375 4.5625 -0.7125
v 0.375 4.4375 -0.4625
v 0.375 4.4375 -0.7125
v 0.25 4.5625 -0.7125
v 0.25 4.5625 -0.4625
v 0.25 4.4375 -0.7125
v 0.25 4.4375 -0.4625
vt 0.21875 0.52734375
vt 0.2109375 0.52734375
vt 0.2109375 0.51953125
vt 0.21875 0.51953125
vt 0.234375 0.52734375
vt 0.21875 0.52734375
vt 0.21875 0.51953125
vt 0.234375 0.51953125
vt 0.2421875 0.52734375
vt 0.234375 0.52734375
vt 0.234375 0.51953125
vt 0.2421875 0.51953125
vt 0.2109375 0.52734375
vt 0.21875 0.52734375
vt 0.21875 0.54296875
vt 0.2109375 0.54296875
vn 0 0 -1
vn 1 0 0
vn 0 0 1
vn 0 1 0
usemtl m_78259a52-36d1-b55a-1736-85a769a7346c
f 2092/5232/1308 2095/5231/1308 2093/5230/1308 2090/5229/1308
f 2091/5236/1309 2092/5235/1309 2090/5234/1309 2089/5233/1309
f 2096/5240/1310 2091/5239/1310 2089/5238/1310 2094/5237/1310
f 2094/5244/1311 2089/5243/1311 2090/5242/1311 2093/5241/1311
o cube
v 0 5 0.03749999999999998
v 0 5 -0.5875
v 0 4.875 0.03749999999999998
v 0 4.875 -0.5875
v -0.0625 5 -0.5875
v -0.0625 5 0.03749999999999998
v -0.0625 4.875 -0.5875
v -0.0625 4.875 0.03749999999999998
vt 0.16015625 0.85546875
vt 0.1640625 0.85546875
vt 0.1640625 0.84765625
vt 0.16015625 0.84765625
vt 0.203125 0.85546875
vt 0.20703125 0.85546875
vt 0.20703125 0.84765625
vt 0.203125 0.84765625
vt 0.1640625 0.85546875
vt 0.203125 0.85546875
vt 0.203125 0.84765625
vt 0.1640625 0.84765625
vt 0.1640625 0.85546875
vt 0.16015625 0.85546875
vt 0.16015625 0.89453125
vt 0.1640625 0.89453125
vt 0.16796875 0.89453125
vt 0.1640625 0.89453125
vt 0.1640625 0.85546875
vt 0.16796875 0.85546875
vn 0 0 -1
vn 0 0 1
vn -1 0 0
vn 0 1 0
vn 0 -1 0
usemtl m_78259a52-36d1-b55a-1736-85a769a7346c
f 2100/5248/1312 2103/5247/1312 2101/5246/1312 2098/5245/1312
f 2104/5252/1313 2099/5251/1313 2097/5250/1313 2102/5249/1313
f 2103/5256/1314 2104/5255/1314 2102/5254/1314 2101/5253/1314
f 2102/5260/1315 2097/5259/1315 2098/5258/1315 2101/5257/1315
f 2103/5264/1316 2100/5263/1316 2099/5262/1316 2104/5261/1316
o cube
v 0 4.4375 -0.7125
v 0 4.4375 -0.775
v 0 4.375 -0.7125
v 0 4.375 -0.775
v -0.375 4.4375 -0.775
v -0.375 4.4375 -0.7125
v -0.375 4.375 -0.775
v -0.375 4.375 -0.7125
vt 0.51171875 0.953125
vt 0.48828125 0.953125
vt 0.48828125 0.94921875
vt 0.51171875 0.94921875
vn 0 -1 0
usemtl m_78259a52-36d1-b55a-1736-85a769a7346c
f 2111/5268/1317 2108/5267/1317 2107/5266/1317 2112/5265/1317
o cube
v -0.25 4.625 -0.15000000000000002
v -0.25 4.625 -0.3375
v -0.25 4.5 -0.15000000000000002
v -0.25 4.5 -0.3375
v -0.3125 4.625 -0.3375
v -0.3125 4.625 -0.15000000000000002
v -0.3125 4.5 -0.3375
v -0.3125 4.5 -0.15000000000000002
vt 0.53125 0.625
vt 0.54296875 0.625
vt 0.54296875 0.6171875
vt 0.53125 0.6171875
vn -1 0 0
usemtl m_78259a52-36d1-b55a-1736-85a769a7346c
f 2119/5272/1318 2120/5271/1318 2118/5270/1318 2117/5269/1318
o cube
v 0.3125 4.625 -0.3375
v 0.3125 4.625 -0.775
v 0.3125 4.4375 -0.3375
v 0.3125 4.4375 -0.775
v 0.25 4.625 -0.775
v 0.25 4.625 -0.3375
v 0.25 4.4375 -0.775
v 0.25 4.4375 -0.3375
vt 0 0.71875
vt 0.02734375 0.71875
vt 0.02734375 0.70703125
vt 0 0.70703125
vt 0.03125 0.71875
vt 0.05859375 0.71875
vt 0.05859375 0.70703125
vt 0.03125 0.70703125
vt 0.03125 0.71875
vt 0.02734375 0.71875
vt 0.02734375 0.74609375
vt 0.03125 0.74609375
vn 1 0 0
vn -1 0 0
vn 0 1 0
usemtl m_78259a52-36d1-b55a-1736-85a769a7346c
f 2123/5276/1319 2124/5275/1319 2122/5274/1319 2121/5273/1319
f 2127/5280/1320 2128/5279/1320 2126/5278/1320 2125/5277/1320
f 2126/5284/1321 2121/5283/1321 2122/5282/1321 2125/5281/1321
o cube
v -0.1875 4.5625 -0.3375
v -0.1875 4.5625 -0.4625
v -0.1875 4.375 -0.3375
v -0.1875 4.375 -0.4625
v -0.3125 4.5625 -0.4625
v -0.3125 4.5625 -0.3375
v -0.3125 4.375 -0.4625
v -0.3125 4.375 -0.3375
vt 0.21484375 0.69921875
vt 0.22265625 0.69921875
vt 0.22265625 0.6875
vt 0.21484375 0.6875
vt 0.20703125 0.69921875
vt 0.21484375 0.69921875
vt 0.21484375 0.6875
vt 0.20703125 0.6875
vt 0.23046875 0.69921875
vt 0.23828125 0.69921875
vt 0.23828125 0.6875
vt 0.23046875 0.6875
vt 0.23046875 0.70703125
vt 0.22265625 0.70703125
vt 0.22265625 0.69921875
vt 0.23046875 0.69921875
vn 0 0 -1
vn 1 0 0
vn 0 0 1
vn 0 -1 0
usemtl m_78259a52-36d1-b55a-1736-85a769a7346c
f 2132/5288/1322 2135/5287/1322 2133/5286/1322 2130/5285/1322
f 2131/5292/1323 2132/5291/1323 2130/5290/1323 2129/5289/1323
f 2136/5296/1324 2131/5295/1324 2129/5294/1324 2134/5293/1324
f 2135/5300/1325 2132/5299/1325 2131/5298/1325 2136/5297/1325
o cube
v -0.25 4.5 -0.775
v -0.25 4.5 -0.8375
v -0.25 4.375 -0.775
v -0.25 4.375 -0.8375
v -0.375 4.5 -0.8375
v -0.375 4.5 -0.775
v -0.375 4.375 -0.8375
v -0.375 4.375 -0.775
vt 0.21875 0.52734375
vt 0.22265625 0.52734375
vt 0.22265625 0.51953125
vt 0.21875 0.51953125
vn -1 0 0
usemtl m_78259a52-36d1-b55a-1736-85a769a7346c
f 2143/5304/1326 2144/5303/1326 2142/5302/1326 2141/5301/1326
o cube
v 0.1875 5.0625 -0.08750000000000002
v 0.1875 5.0625 -0.5875
v 0.1875 4.9375 -0.08750000000000002
v 0.1875 4.9375 -0.5875
v 0 5.0625 -0.5875
v 0 5.0625 -0.08750000000000002
v 0 4.9375 -0.5875
v 0 4.9375 -0.08750000000000002
vt 0.1484375 0.85546875
vt 0.16015625 0.85546875
vt 0.16015625 0.84765625
vt 0.1484375 0.84765625
vt 0.19140625 0.85546875
vt 0.203125 0.85546875
vt 0.203125 0.84765625
vt 0.19140625 0.84765625
vt 0.16015625 0.85546875
vt 0.19140625 0.85546875
vt 0.19140625 0.84765625
vt 0.16015625 0.84765625
vt 0.16015625 0.85546875
vt 0.1484375 0.85546875
vt 0.1484375 0.88671875
vt 0.16015625 0.88671875
vn 0 0 -1
vn 0 0 1
vn -1 0 0
vn 0 1 0
usemtl m_78259a52-36d1-b55a-1736-85a769a7346c
f 2148/5308/1327 2151/5307/1327 2149/5306/1327 2146/5305/1327
f 2152/5312/1328 2147/5311/1328 2145/5310/1328 2150/5309/1328
f 2151/5316/1329 2152/5315/1329 2150/5314/1329 2149/5313/1329
f 2150/5320/1330 2145/5319/1330 2146/5318/1330 2149/5317/1330
o cube
v 0.375 4.4375 -0.7125
v 0.375 4.4375 -0.775
v 0.375 4.375 -0.7125
v 0.375 4.375 -0.775
v 0 4.4375 -0.775
v 0 4.4375 -0.7125
v 0 4.375 -0.775
v 0 4.375 -0.7125
vt 0.48828125 0.953125
vt 0.51171875 0.953125
vt 0.51171875 0.94921875
vt 0.48828125 0.94921875
vn 0 -1 0
usemtl m_78259a52-36d1-b55a-1736-85a769a7346c
f 2159/5324/1331 2156/5323/1331 2155/5322/1331 2160/5321/1331
o cube
v 0.3125 4.625 -0.3375
v 0.3125 4.625 -0.7125
v 0.3125 4.4375 -0.3375
v 0.3125 4.4375 -0.7125
v 0.1875 4.625 -0.7125
v 0.1875 4.625 -0.3375
v 0.1875 4.4375 -0.7125
v 0.1875 4.4375 -0.3375
vt 0.15625 0.671875
vt 0.1640625 0.671875
vt 0.1640625 0.6484375
vt 0.15625 0.6484375
vn 0 -1 0
usemtl m_78259a52-36d1-b55a-1736-85a769a7346c
f 2167/5328/1332 2164/5327/1332 2163/5326/1332 2168/5325/1332
o cube
v -0.25 4.6875 -0.02500000000000005
v -0.25 4.6875 -0.275
v -0.25 4.5 -0.02500000000000005
v -0.25 4.5 -0.275
v -0.3125 4.6875 -0.275
v -0.3125 4.6875 -0.02500000000000005
v -0.3125 4.5 -0.275
v -0.3125 4.5 -0.02500000000000005
vt 0.05078125 0.71875
vt 0.03515625 0.71875
vt 0.03515625 0.70703125
vt 0.05078125 0.70703125
vt 0.03125 0.71875
vt 0.015625 0.71875
vt 0.015625 0.70703125
vt 0.03125 0.70703125
vt 0.03125 0.71875
vt 0.03515625 0.71875
vt 0.03515625 0.734375
vt 0.03125 0.734375
vt 0.03515625 0.734375
vt 0.0390625 0.734375
vt 0.0390625 0.71875
vt 0.03515625 0.71875
vn 1 0 0
vn -1 0 0
vn 0 1 0
vn 0 -1 0
usemtl m_78259a52-36d1-b55a-1736-85a769a7346c
f 2171/5332/1333 2172/5331/1333 2170/5330/1333 2169/5329/1333
f 2175/5336/1334 2176/5335/1334 2174/5334/1334 2173/5333/1334
f 2174/5340/1335 2169/5339/1335 2170/5338/1335 2173/5337/1335
f 2175/5344/1336 2172/5343/1336 2171/5342/1336 2176/5341/1336
o cube
v 0.3125 4.5625 -0.3375
v 0.3125 4.5625 -0.4
v 0.3125 4.375 -0.3375
v 0.3125 4.375 -0.4
v 0.1875 4.5625 -0.4
v 0.1875 4.5625 -0.3375
v 0.1875 4.375 -0.4
v 0.1875 4.375 -0.3375
vt 0.22265625 0.69921875
vt 0.21484375 0.69921875
vt 0.21484375 0.6875
vt 0.22265625 0.6875
vt 0.234375 0.69921875
vt 0.2265625 0.69921875
vt 0.2265625 0.6875
vt 0.234375 0.6875
vt 0.21484375 0.69921875
vt 0.2109375 0.69921875
vt 0.2109375 0.6875
vt 0.21484375 0.6875
vt 0.22265625 0.703125
vt 0.23046875 0.703125
vt 0.23046875 0.69921875
vt 0.22265625 0.69921875
vn 0 0 -1
vn 0 0 1
vn -1 0 0
vn 0 -1 0
usemtl m_78259a52-36d1-b55a-1736-85a769a7346c
f 2180/5348/1337 2183/5347/1337 2181/5346/1337 2178/5345/1337
f 2184/5352/1338 2179/5351/1338 2177/5350/1338 2182/5349/1338
f 2183/5356/1339 2184/5355/1339 2182/5354/1339 2181/5353/1339
f 2183/5360/1340 2180/5359/1340 2179/5358/1340 2184/5357/1340
o cube
v 0 4.8125 0.16249999999999998
v 0 4.8125 0.03749999999999998
v 0 4.625 0.16249999999999998
v 0 4.625 0.03749999999999998
v -0.1875 4.8125 0.03749999999999998
v -0.1875 4.8125 0.16249999999999998
v -0.1875 4.625 0.03749999999999998
v -0.1875 4.625 0.16249999999999998
vt 0.50390625 0.7421875
vt 0.515625 0.7421875
vt 0.515625 0.73046875
vt 0.50390625 0.73046875
vt 0.49609375 0.7421875
vt 0.50390625 0.7421875
vt 0.50390625 0.73046875
vt 0.49609375 0.73046875
vt 0.49609375 0.7421875
vt 0.484375 0.7421875
vt 0.484375 0.75
vt 0.49609375 0.75
vt 0.5078125 0.75
vt 0.49609375 0.75
vt 0.49609375 0.7421875
vt 0.5078125 0.7421875
vn 0 0 1
vn -1 0 0
vn 0 1 0
vn 0 -1 0
usemtl m_78259a52-36d1-b55a-1736-85a769a7346c
f 2192/5364/1341 2187/5363/1341 2185/5362/1341 2190/5361/1341
f 2191/5368/1342 2192/5367/1342 2190/5366/1342 2189/5365/1342
f 2190/5372/1343 2185/5371/1343 2186/5370/1343 2189/5369/1343
f 2191/5376/1344 2188/5375/1344 2187/5374/1344 2192/5373/1344
o cube
v 0.0625 4.8125 0.09999999999999998
v 0.0625 4.8125 0.03749999999999998
v 0.0625 4.625 0.09999999999999998
v 0.0625 4.625 0.03749999999999998
v -0.125 4.8125 0.03749999999999998
v -0.125 4.8125 0.09999999999999998
v -0.125 4.625 0.03749999999999998
v -0.125 4.625 0.09999999999999998
vt 0.5 0.7421875
vt 0.51171875 0.7421875
vt 0.51171875 0.73046875
vt 0.5 0.73046875
vt 0.49609375 0.7421875
vt 0.5 0.7421875
vt 0.5 0.73046875
vt 0.49609375 0.73046875
vt 0.49609375 0.7421875
vt 0.484375 0.7421875
vt 0.484375 0.74609375
vt 0.49609375 0.74609375
vt 0.5078125 0.74609375
vt 0.49609375 0.74609375
vt 0.49609375 0.7421875
vt 0.5078125 0.7421875
vn 0 0 1
vn -1 0 0
vn 0 1 0
vn 0 -1 0
usemtl m_78259a52-36d1-b55a-1736-85a769a7346c
f 2200/5380/1345 2195/5379/1345 2193/5378/1345 2198/5377/1345
f 2199/5384/1346 2200/5383/1346 2198/5382/1346 2197/5381/1346
f 2198/5388/1347 2193/5387/1347 2194/5386/1347 2197/5385/1347
f 2199/5392/1348 2196/5391/1348 2195/5390/1348 2200/5389/1348
o cube
v 0.0625 4.8125 -0.5875
v 0.0625 4.8125 -0.7125
v 0.0625 4.625 -0.5875
v 0.0625 4.625 -0.7125
v 0 4.8125 -0.7125
v 0 4.8125 -0.5875
v 0 4.625 -0.7125
v 0 4.625 -0.5875
vt 0.0390625 0.7890625
vt 0.04296875 0.7890625
vt 0.04296875 0.77734375
vt 0.0390625 0.77734375
vt 0.03125 0.7890625
vt 0.0390625 0.7890625
vt 0.0390625 0.77734375
vt 0.03125 0.77734375
vt 0.05078125 0.7890625
vt 0.0546875 0.7890625
vt 0.0546875 0.77734375
vt 0.05078125 0.77734375
vt 0.04296875 0.7890625
vt 0.05078125 0.7890625
vt 0.05078125 0.77734375
vt 0.04296875 0.77734375
vt 0.04296875 0.7890625
vt 0.0390625 0.7890625
vt 0.0390625 0.796875
vt 0.04296875 0.796875
vt 0.046875 0.796875
vt 0.04296875 0.796875
vt 0.04296875 0.7890625
vt 0.046875 0.7890625
vn 0 0 -1
vn 1 0 0
vn 0 0 1
vn -1 0 0
vn 0 1 0
vn 0 -1 0
usemtl m_78259a52-36d1-b55a-1736-85a769a7346c
f 2204/5396/1349 2207/5395/1349 2205/5394/1349 2202/5393/1349
f 2203/5400/1350 2204/5399/1350 2202/5398/1350 2201/5397/1350
f 2208/5404/1351 2203/5403/1351 2201/5402/1351 2206/5401/1351
f 2207/5408/1352 2208/5407/1352 2206/5406/1352 2205/5405/1352
f 2206/5412/1353 2201/5411/1353 2202/5410/1353 2205/5409/1353
f 2207/5416/1354 2204/5415/1354 2203/5414/1354 2208/5413/1354
o cube
v 0.0625 4.75 -0.65
v 0.0625 4.75 -0.7125
v 0.0625 4.5625 -0.65
v 0.0625 4.5625 -0.7125
v -0.0625 4.75 -0.7125
v -0.0625 4.75 -0.65
v -0.0625 4.5625 -0.7125
v -0.0625 4.5625 -0.65
vt 0.15625 0.73046875
vt 0.1640625 0.73046875
vt 0.1640625 0.71875
vt 0.15625 0.71875
vt 0.15234375 0.73046875
vt 0.15625 0.73046875
vt 0.15625 0.71875
vt 0.15234375 0.71875
vt 0.15234375 0.73046875
vt 0.14453125 0.73046875
vt 0.14453125 0.734375
vt 0.15234375 0.734375
vt 0.16015625 0.734375
vt 0.15234375 0.734375
vt 0.15234375 0.73046875
vt 0.16015625 0.73046875
vn 0 0 1
vn -1 0 0
vn 0 1 0
vn 0 -1 0
usemtl m_78259a52-36d1-b55a-1736-85a769a7346c
f 2216/5420/1355 2211/5419/1355 2209/5418/1355 2214/5417/1355
f 2215/5424/1356 2216/5423/1356 2214/5422/1356 2213/5421/1356
f 2214/5428/1357 2209/5427/1357 2210/5426/1357 2213/5425/1357
f 2215/5432/1358 2212/5431/1358 2211/5430/1358 2216/5429/1358
o cube
v 0.3125 4.5625 -0.7125
v 0.3125 4.5625 -0.8375
v 0.3125 4.5 -0.7125
v 0.3125 4.5 -0.8375
v 0.125 4.5625 -0.8375
v 0.125 4.5625 -0.7125
v 0.125 4.5 -0.8375
v 0.125 4.5 -0.7125
vt 0.265625 0.65625
vt 0.27734375 0.65625
vt 0.27734375 0.65234375
vt 0.265625 0.65234375
vt 0.2578125 0.65625
vt 0.265625 0.65625
vt 0.265625 0.65234375
vt 0.2578125 0.65234375
vt 0.28515625 0.65625
vt 0.296875 0.65625
vt 0.296875 0.65234375
vt 0.28515625 0.65234375
vt 0.27734375 0.65625
vt 0.28515625 0.65625
vt 0.28515625 0.65234375
vt 0.27734375 0.65234375
vt 0.27734375 0.65625
vt 0.265625 0.65625
vt 0.265625 0.6640625
vt 0.27734375 0.6640625
vn 0 0 -1
vn 1 0 0
vn 0 0 1
vn -1 0 0
vn 0 1 0
usemtl m_78259a52-36d1-b55a-1736-85a769a7346c
f 2220/5436/1359 2223/5435/1359 2221/5434/1359 2218/5433/1359
f 2219/5440/1360 2220/5439/1360 2218/5438/1360 2217/5437/1360
f 2224/5444/1361 2219/5443/1361 2217/5442/1361 2222/5441/1361
f 2223/5448/1362 2224/5447/1362 2222/5446/1362 2221/5445/1362
f 2222/5452/1363 2217/5451/1363 2218/5450/1363 2221/5449/1363
o cube
v 0.0625 4.9375 0.09999999999999998
v 0.0625 4.9375 -0.025000000000000022
v 0.0625 4.5625 0.09999999999999998
v 0.0625 4.5625 -0.025000000000000022
v -0.125 4.9375 -0.025000000000000022
v -0.125 4.9375 0.09999999999999998
v -0.125 4.5625 -0.025000000000000022
v -0.125 4.5625 0.09999999999999998
vt 0.50390625 0.7421875
vt 0.515625 0.7421875
vt 0.515625 0.71875
vt 0.50390625 0.71875
vt 0.49609375 0.7421875
vt 0.50390625 0.7421875
vt 0.50390625 0.71875
vt 0.49609375 0.71875
vt 0.49609375 0.7421875
vt 0.484375 0.7421875
vt 0.484375 0.75
vt 0.49609375 0.75
vt 0.5078125 0.75
vt 0.49609375 0.75
vt 0.49609375 0.7421875
vt 0.5078125 0.7421875
vn 0 0 1
vn -1 0 0
vn 0 1 0
vn 0 -1 0
usemtl m_78259a52-36d1-b55a-1736-85a769a7346c
f 2232/5456/1364 2227/5455/1364 2225/5454/1364 2230/5453/1364
f 2231/5460/1365 2232/5459/1365 2230/5458/1365 2229/5457/1365
f 2230/5464/1366 2225/5463/1366 2226/5462/1366 2229/5461/1366
f 2231/5468/1367 2228/5467/1367 2227/5466/1367 2232/5465/1367
o cube
v -0.125 4.8125 0.09999999999999998
v -0.125 4.8125 0.03749999999999998
v -0.125 4.625 0.09999999999999998
v -0.125 4.625 0.03749999999999998
v -0.1875 4.8125 0.03749999999999998
v -0.1875 4.8125 0.09999999999999998
v -0.1875 4.625 0.03749999999999998
v -0.1875 4.625 0.09999999999999998
vt 0.08203125 0.77734375
vt 0.0859375 0.77734375
vt 0.0859375 0.765625
vt 0.08203125 0.765625
vt 0.08984375 0.77734375
vt 0.09375 0.77734375
vt 0.09375 0.765625
vt 0.08984375 0.765625
vt 0.0859375 0.77734375
vt 0.08984375 0.77734375
vt 0.08984375 0.765625
vt 0.0859375 0.765625
vt 0.08984375 0.78125
vt 0.0859375 0.78125
vt 0.0859375 0.77734375
vt 0.08984375 0.77734375
vn 0 0 -1
vn 0 0 1
vn -1 0 0
vn 0 -1 0
usemtl m_78259a52-36d1-b55a-1736-85a769a7346c
f 2236/5472/1368 2239/5471/1368 2237/5470/1368 2234/5469/1368
f 2240/5476/1369 2235/5475/1369 2233/5474/1369 2238/5473/1369
f 2239/5480/1370 2240/5479/1370 2238/5478/1370 2237/5477/1370
f 2239/5484/1371 2236/5483/1371 2235/5482/1371 2240/5481/1371
o cube
v -0.3125 4.8125 -0.21250000000000002
v -0.3125 4.8125 -0.3375
v -0.3125 4.5625 -0.21250000000000002
v -0.3125 4.5625 -0.3375
v -0.375 4.8125 -0.3375
v -0.375 4.8125 -0.21250000000000002
v -0.375 4.5625 -0.3375
v -0.375 4.5625 -0.21250000000000002
vt 0.0390625 0.7890625
vt 0.04296875 0.7890625
vt 0.04296875 0.7734375
vt 0.0390625 0.7734375
vt 0.03125 0.7890625
vt 0.0390625 0.7890625
vt 0.0390625 0.7734375
vt 0.03125 0.7734375
vt 0.05078125 0.7890625
vt 0.0546875 0.7890625
vt 0.0546875 0.7734375
vt 0.05078125 0.7734375
vt 0.04296875 0.7890625
vt 0.05078125 0.7890625
vt 0.05078125 0.7734375
vt 0.04296875 0.7734375
vt 0.04296875 0.7890625
vt 0.0390625 0.7890625
vt 0.0390625 0.796875
vt 0.04296875 0.796875
vt 0.046875 0.796875
vt 0.04296875 0.796875
vt 0.04296875 0.7890625
vt 0.046875 0.7890625
vn 0 0 -1
vn 1 0 0
vn 0 0 1
vn -1 0 0
vn 0 1 0
vn 0 -1 0
usemtl m_78259a52-36d1-b55a-1736-85a769a7346c
f 2244/5488/1372 2247/5487/1372 2245/5486/1372 2242/5485/1372
f 2243/5492/1373 2244/5491/1373 2242/5490/1373 2241/5489/1373
f 2248/5496/1374 2243/5495/1374 2241/5494/1374 2246/5493/1374
f 2247/5500/1375 2248/5499/1375 2246/5498/1375 2245/5497/1375
f 2246/5504/1376 2241/5503/1376 2242/5502/1376 2245/5501/1376
f 2247/5508/1377 2244/5507/1377 2243/5506/1377 2248/5505/1377
o cube
v -0.25 4.625 -0.15000000000000005
v -0.25 4.625 -0.275
v -0.25 4.5 -0.15000000000000005
v -0.25 4.5 -0.275
v -0.3125 4.625 -0.275
v -0.3125 4.625 -0.15000000000000005
v -0.3125 4.5 -0.275
v -0.3125 4.5 -0.15000000000000005
vt 0.53125 0.81640625
vt 0.53515625 0.81640625
vt 0.53515625 0.80859375
vt 0.53125 0.80859375
vt 0.5234375 0.81640625
vt 0.53125 0.81640625
vt 0.53125 0.80859375
vt 0.5234375 0.80859375
vt 0.53515625 0.81640625
vt 0.53125 0.81640625
vt 0.53125 0.82421875
vt 0.53515625 0.82421875
vt 0.5390625 0.82421875
vt 0.53515625 0.82421875
vt 0.53515625 0.81640625
vt 0.5390625 0.81640625
vn 0 0 -1
vn 1 0 0
vn 0 1 0
vn 0 -1 0
usemtl m_78259a52-36d1-b55a-1736-85a769a7346c
f 2252/5512/1378 2255/5511/1378 2253/5510/1378 2250/5509/1378
f 2251/5516/1379 2252/5515/1379 2250/5514/1379 2249/5513/1379
f 2254/5520/1380 2249/5519/1380 2250/5518/1380 2253/5517/1380
f 2255/5524/1381 2252/5523/1381 2251/5522/1381 2256/5521/1381
o cube
v -0.25 4.625 -0.025000000000000022
v -0.25 4.625 -0.15
v -0.25 4.5 -0.025000000000000022
v -0.25 4.5 -0.15
v -0.3125 4.625 -0.15
v -0.3125 4.625 -0.025000000000000022
v -0.3125 4.5 -0.15
v -0.3125 4.5 -0.025000000000000022
vt 0.50390625 0.7421875
vt 0.5078125 0.7421875
vt 0.5078125 0.734375
vt 0.50390625 0.734375
vt 0.49609375 0.7421875
vt 0.50390625 0.7421875
vt 0.50390625 0.734375
vt 0.49609375 0.734375
vt 0.49609375 0.7421875
vt 0.4921875 0.7421875
vt 0.4921875 0.75
vt 0.49609375 0.75
vt 0.5 0.75
vt 0.49609375 0.75
vt 0.49609375 0.7421875
vt 0.5 0.7421875
vn 0 0 1
vn -1 0 0
vn 0 1 0
vn 0 -1 0
usemtl m_78259a52-36d1-b55a-1736-85a769a7346c
f 2264/5528/1382 2259/5527/1382 2257/5526/1382 2262/5525/1382
f 2263/5532/1383 2264/5531/1383 2262/5530/1383 2261/5529/1383
f 2262/5536/1384 2257/5535/1384 2258/5534/1384 2261/5533/1384
f 2263/5540/1385 2260/5539/1385 2259/5538/1385 2264/5537/1385
o cube
v -0.1875 4.5625 -0.3375
v -0.1875 4.5625 -0.775
v -0.1875 4.4375 -0.3375
v -0.1875 4.4375 -0.775
v -0.3125 4.5625 -0.775
v -0.3125 4.5625 -0.3375
v -0.3125 4.4375 -0.775
v -0.3125 4.4375 -0.3375
vt 0.0625 0.71875
vt 0.03515625 0.71875
vt 0.03515625 0.7109375
vt 0.0625 0.7109375
vt 0.02734375 0.71875
vt 0 0.71875
vt 0 0.7109375
vt 0.02734375 0.7109375
vt 0.02734375 0.71875
vt 0.03515625 0.71875
vt 0.03515625 0.74609375
vt 0.02734375 0.74609375
vt 0.03515625 0.74609375
vt 0.04296875 0.74609375
vt 0.04296875 0.71875
vt 0.03515625 0.71875
vn 1 0 0
vn -1 0 0
vn 0 1 0
vn 0 -1 0
usemtl m_78259a52-36d1-b55a-1736-85a769a7346c
f 2267/5544/1386 2268/5543/1386 2266/5542/1386 2265/5541/1386
f 2271/5548/1387 2272/5547/1387 2270/5546/1387 2269/5545/1387
f 2270/5552/1388 2265/5551/1388 2266/5550/1388 2269/5549/1388
f 2271/5556/1389 2268/5555/1389 2267/5554/1389 2272/5553/1389
o cube
v 0.125 4.8125 -0.5875
v 0.125 4.8125 -0.775
v 0.125 4.75 -0.5875
v 0.125 4.75 -0.775
v 0 4.8125 -0.775
v 0 4.8125 -0.5875
v 0 4.75 -0.775
v 0 4.75 -0.5875
vt 0.03515625 0.7890625
vt 0.04296875 0.7890625
vt 0.04296875 0.78515625
vt 0.03515625 0.78515625
vt 0.0234375 0.7890625
vt 0.03515625 0.7890625
vt 0.03515625 0.78515625
vt 0.0234375 0.78515625
vt 0.0546875 0.7890625
vt 0.0625 0.7890625
vt 0.0625 0.78515625
vt 0.0546875 0.78515625
vt 0.04296875 0.7890625
vt 0.0546875 0.7890625
vt 0.0546875 0.78515625
vt 0.04296875 0.78515625
vt 0.04296875 0.7890625
vt 0.03515625 0.7890625
vt 0.03515625 0.80078125
vt 0.04296875 0.80078125
vt 0.05078125 0.80078125
vt 0.04296875 0.80078125
vt 0.04296875 0.7890625
vt 0.05078125 0.7890625
vn 0 0 -1
vn 1 0 0
vn 0 0 1
vn -1 0 0
vn 0 1 0
vn 0 -1 0
usemtl m_78259a52-36d1-b55a-1736-85a769a7346c
f 2276/5560/1390 2279/5559/1390 2277/5558/1390 2274/5557/1390
f 2275/5564/1391 2276/5563/1391 2274/5562/1391 2273/5561/1391
f 2280/5568/1392 2275/5567/1392 2273/5566/1392 2278/5565/1392
f 2279/5572/1393 2280/5571/1393 2278/5570/1393 2277/5569/1393
f 2278/5576/1394 2273/5575/1394 2274/5574/1394 2277/5573/1394
f 2279/5580/1395 2276/5579/1395 2275/5578/1395 2280/5577/1395
o cube
v 0.3125 4.625 -0.15000000000000002
v 0.3125 4.625 -0.3375
v 0.3125 4.5 -0.15000000000000002
v 0.3125 4.5 -0.3375
v 0.25 4.625 -0.3375
v 0.25 4.625 -0.15000000000000002
v 0.25 4.5 -0.3375
v 0.25 4.5 -0.15000000000000002
vt 0.54296875 0.625
vt 0.53125 0.625
vt 0.53125 0.6171875
vt 0.54296875 0.6171875
vn 1 0 0
usemtl m_78259a52-36d1-b55a-1736-85a769a7346c
f 2283/5584/1396 2284/5583/1396 2282/5582/1396 2281/5581/1396
o cube
v 0.3125 4.625 -0.525
v 0.3125 4.625 -0.65
v 0.3125 4.4375 -0.525
v 0.3125 4.4375 -0.65
v 0.1875 4.625 -0.65
v 0.1875 4.625 -0.525
v 0.1875 4.4375 -0.65
v 0.1875 4.4375 -0.525
vt 0.50390625 0.51953125
vt 0.51171875 0.51953125
vt 0.51171875 0.5078125
vt 0.50390625 0.5078125
vt 0.49609375 0.51953125
vt 0.50390625 0.51953125
vt 0.50390625 0.5078125
vt 0.49609375 0.5078125
vt 0.49609375 0.51953125
vt 0.48828125 0.51953125
vt 0.48828125 0.52734375
vt 0.49609375 0.52734375
vt 0.50390625 0.52734375
vt 0.49609375 0.52734375
vt 0.49609375 0.51953125
vt 0.50390625 0.51953125
vn 0 0 1
vn -1 0 0
vn 0 1 0
vn 0 -1 0
usemtl m_78259a52-36d1-b55a-1736-85a769a7346c
f 2296/5588/1397 2291/5587/1397 2289/5586/1397 2294/5585/1397
f 2295/5592/1398 2296/5591/1398 2294/5590/1398 2293/5589/1398
f 2294/5596/1399 2289/5595/1399 2290/5594/1399 2293/5593/1399
f 2295/5600/1400 2292/5599/1400 2291/5598/1400 2296/5597/1400
o cube
v 0.3125 4.5 -0.525
v 0.3125 4.5 -0.65
v 0.3125 4.375 -0.525
v 0.3125 4.375 -0.65
v 0.1875 4.5 -0.65
v 0.1875 4.5 -0.525
v 0.1875 4.375 -0.65
v 0.1875 4.375 -0.525
vt 0.21875 0.52734375
vt 0.2109375 0.52734375
vt 0.2109375 0.51953125
vt 0.21875 0.51953125
vt 0.2265625 0.52734375
vt 0.21875 0.52734375
vt 0.21875 0.51953125
vt 0.2265625 0.51953125
vt 0.234375 0.52734375
vt 0.2265625 0.52734375
vt 0.2265625 0.51953125
vt 0.234375 0.51953125
vt 0.2109375 0.52734375
vt 0.21875 0.52734375
vt 0.21875 0.53515625
vt 0.2109375 0.53515625
vn 0 0 -1
vn 1 0 0
vn 0 0 1
vn 0 1 0
usemtl m_78259a52-36d1-b55a-1736-85a769a7346c
f 2300/5604/1401 2303/5603/1401 2301/5602/1401 2298/5601/1401
f 2299/5608/1402 2300/5607/1402 2298/5606/1402 2297/5605/1402
f 2304/5612/1403 2299/5611/1403 2297/5610/1403 2302/5609/1403
f 2302/5616/1404 2297/5615/1404 2298/5614/1404 2301/5613/1404
o cube
v 0.375 4.5625 -0.525
v 0.375 4.5625 -0.7125
v 0.375 4.4375 -0.525
v 0.375 4.4375 -0.7125
v 0.3125 4.5625 -0.7125
v 0.3125 4.5625 -0.525
v 0.3125 4.4375 -0.7125
v 0.3125 4.4375 -0.525
vt 0.0859375 0.77734375
vt 0.08203125 0.77734375
vt 0.08203125 0.76953125
vt 0.0859375 0.76953125
vt 0.09765625 0.77734375
vt 0.0859375 0.77734375
vt 0.0859375 0.76953125
vt 0.09765625 0.76953125
vt 0.1015625 0.77734375
vt 0.09765625 0.77734375
vt 0.09765625 0.76953125
vt 0.1015625 0.76953125
vt 0.0859375 0.7890625
vt 0.08984375 0.7890625
vt 0.08984375 0.77734375
vt 0.0859375 0.77734375
vn 0 0 -1
vn 1 0 0
vn 0 0 1
vn 0 -1 0
usemtl m_78259a52-36d1-b55a-1736-85a769a7346c
f 2308/5620/1405 2311/5619/1405 2309/5618/1405 2306/5617/1405
f 2307/5624/1406 2308/5623/1406 2306/5622/1406 2305/5621/1406
f 2312/5628/1407 2307/5627/1407 2305/5626/1407 2310/5625/1407
f 2311/5632/1408 2308/5631/1408 2307/5630/1408 2312/5629/1408
o cube
v 0.3125 4.625 -0.525
v 0.3125 4.625 -0.7125
v 0.3125 4.5 -0.525
v 0.3125 4.5 -0.7125
v 0.1875 4.625 -0.7125
v 0.1875 4.625 -0.525
v 0.1875 4.5 -0.7125
v 0.1875 4.5 -0.525
vt 0.5078125 0.51953125
vt 0.515625 0.51953125
vt 0.515625 0.51171875
vt 0.5078125 0.51171875
vt 0.49609375 0.51953125
vt 0.5078125 0.51953125
vt 0.5078125 0.51171875
vt 0.49609375 0.51171875
vt 0.49609375 0.51953125
vt 0.48828125 0.51953125
vt 0.48828125 0.53125
vt 0.49609375 0.53125
vt 0.50390625 0.53125
vt 0.49609375 0.53125
vt 0.49609375 0.51953125
vt 0.50390625 0.51953125
vn 0 0 1
vn -1 0 0
vn 0 1 0
vn 0 -1 0
usemtl m_78259a52-36d1-b55a-1736-85a769a7346c
f 2320/5636/1409 2315/5635/1409 2313/5634/1409 2318/5633/1409
f 2319/5640/1410 2320/5639/1410 2318/5638/1410 2317/5637/1410
f 2318/5644/1411 2313/5643/1411 2314/5642/1411 2317/5641/1411
f 2319/5648/1412 2316/5647/1412 2315/5646/1412 2320/5645/1412
o cube
v 0.3125 4.625 -0.525
v 0.3125 4.625 -0.7125
v 0.3125 4.5 -0.525
v 0.3125 4.5 -0.7125
v 0.1875 4.625 -0.7125
v 0.1875 4.625 -0.525
v 0.1875 4.5 -0.7125
v 0.1875 4.5 -0.525
vt 0.5078125 0.51953125
vt 0.515625 0.51953125
vt 0.515625 0.51171875
vt 0.5078125 0.51171875
vt 0.49609375 0.51953125
vt 0.5078125 0.51953125
vt 0.5078125 0.51171875
vt 0.49609375 0.51171875
vt 0.49609375 0.51953125
vt 0.48828125 0.51953125
vt 0.48828125 0.53125
vt 0.49609375 0.53125
vt 0.50390625 0.53125
vt 0.49609375 0.53125
vt 0.49609375 0.51953125
vt 0.50390625 0.51953125
vn 0 0 1
vn -1 0 0
vn 0 1 0
vn 0 -1 0
usemtl m_78259a52-36d1-b55a-1736-85a769a7346c
f 2328/5652/1413 2323/5651/1413 2321/5650/1413 2326/5649/1413
f 2327/5656/1414 2328/5655/1414 2326/5654/1414 2325/5653/1414
f 2326/5660/1415 2321/5659/1415 2322/5658/1415 2325/5657/1415
f 2327/5664/1416 2324/5663/1416 2323/5662/1416 2328/5661/1416
o cube
v 0.3125 4.5 -0.4
v 0.3125 4.5 -0.525
v 0.3125 4.4375 -0.4
v 0.3125 4.4375 -0.525
v 0.1875 4.5 -0.525
v 0.1875 4.5 -0.4
v 0.1875 4.4375 -0.525
v 0.1875 4.4375 -0.4
vt 0.50390625 0.51953125
vt 0.51171875 0.51953125
vt 0.51171875 0.515625
vt 0.50390625 0.515625
vt 0.49609375 0.51953125
vt 0.50390625 0.51953125
vt 0.50390625 0.515625
vt 0.49609375 0.515625
vt 0.49609375 0.51953125
vt 0.48828125 0.51953125
vt 0.48828125 0.52734375
vt 0.49609375 0.52734375
vt 0.50390625 0.52734375
vt 0.49609375 0.52734375
vt 0.49609375 0.51953125
vt 0.50390625 0.51953125
vn 0 0 1
vn -1 0 0
vn 0 1 0
vn 0 -1 0
usemtl m_78259a52-36d1-b55a-1736-85a769a7346c
f 2336/5668/1417 2331/5667/1417 2329/5666/1417 2334/5665/1417
f 2335/5672/1418 2336/5671/1418 2334/5670/1418 2333/5669/1418
f 2334/5676/1419 2329/5675/1419 2330/5674/1419 2333/5673/1419
f 2335/5680/1420 2332/5679/1420 2331/5678/1420 2336/5677/1420
o cube
v -0.25 4.625 -0.275
v -0.25 4.625 -0.3375
v -0.25 4.5 -0.275
v -0.25 4.5 -0.3375
v -0.3125 4.625 -0.3375
v -0.3125 4.625 -0.275
v -0.3125 4.5 -0.3375
v -0.3125 4.5 -0.275
vt 0.0390625 0.7890625
vt 0.04296875 0.7890625
vt 0.04296875 0.78125
vt 0.0390625 0.78125
vt 0.03515625 0.7890625
vt 0.0390625 0.7890625
vt 0.0390625 0.78125
vt 0.03515625 0.78125
vt 0.046875 0.7890625
vt 0.05078125 0.7890625
vt 0.05078125 0.78125
vt 0.046875 0.78125
vt 0.04296875 0.7890625
vt 0.046875 0.7890625
vt 0.046875 0.78125
vt 0.04296875 0.78125
vt 0.04296875 0.7890625
vt 0.0390625 0.7890625
vt 0.0390625 0.79296875
vt 0.04296875 0.79296875
vt 0.046875 0.79296875
vt 0.04296875 0.79296875
vt 0.04296875 0.7890625
vt 0.046875 0.7890625
vn 0 0 -1
vn 1 0 0
vn 0 0 1
vn -1 0 0
vn 0 1 0
vn 0 -1 0
usemtl m_78259a52-36d1-b55a-1736-85a769a7346c
f 2340/5684/1421 2343/5683/1421 2341/5682/1421 2338/5681/1421
f 2339/5688/1422 2340/5687/1422 2338/5686/1422 2337/5685/1422
f 2344/5692/1423 2339/5691/1423 2337/5690/1423 2342/5689/1423
f 2343/5696/1424 2344/5695/1424 2342/5694/1424 2341/5693/1424
f 2342/5700/1425 2337/5699/1425 2338/5698/1425 2341/5697/1425
f 2343/5704/1426 2340/5703/1426 2339/5702/1426 2344/5701/1426
o cube
v -0.1875 4.5625 -0.65
v -0.1875 4.5625 -0.775
v -0.1875 4.4375 -0.65
v -0.1875 4.4375 -0.775
v -0.3125 4.5625 -0.775
v -0.3125 4.5625 -0.65
v -0.3125 4.4375 -0.775
v -0.3125 4.4375 -0.65
vt 0.2109375 0.52734375
vt 0.21875 0.52734375
vt 0.21875 0.51953125
vt 0.2109375 0.51953125
vt 0.2265625 0.52734375
vt 0.234375 0.52734375
vt 0.234375 0.51953125
vt 0.2265625 0.51953125
vt 0.21875 0.52734375
vt 0.2265625 0.52734375
vt 0.2265625 0.51953125
vt 0.21875 0.51953125
vt 0.21875 0.52734375
vt 0.2109375 0.52734375
vt 0.2109375 0.53515625
vt 0.21875 0.53515625
vn 0 0 -1
vn 0 0 1
vn -1 0 0
vn 0 1 0
usemtl m_78259a52-36d1-b55a-1736-85a769a7346c
f 2348/5708/1427 2351/5707/1427 2349/5706/1427 2346/5705/1427
f 2352/5712/1428 2347/5711/1428 2345/5710/1428 2350/5709/1428
f 2351/5716/1429 2352/5715/1429 2350/5714/1429 2349/5713/1429
f 2350/5720/1430 2345/5719/1430 2346/5718/1430 2349/5717/1430
o cube
v 0.125 4.4375 -0.7125
v 0.125 4.4375 -0.775
v 0.125 4.375 -0.7125
v 0.125 4.375 -0.775
v -0.1875 4.4375 -0.775
v -0.1875 4.4375 -0.7125
v -0.1875 4.375 -0.775
v -0.1875 4.375 -0.7125
vt 0.45703125 0.91796875
vt 0.4765625 0.91796875
vt 0.4765625 0.9140625
vt 0.45703125 0.9140625
vt 0.453125 0.91796875
vt 0.45703125 0.91796875
vt 0.45703125 0.9140625
vt 0.453125 0.9140625
vt 0.48046875 0.91796875
vt 0.5 0.91796875
vt 0.5 0.9140625
vt 0.48046875 0.9140625
vt 0.4765625 0.91796875
vt 0.45703125 0.91796875
vt 0.45703125 0.921875
vt 0.4765625 0.921875
vn 0 0 -1
vn 1 0 0
vn 0 0 1
vn 0 1 0
usemtl m_78259a52-36d1-b55a-1736-85a769a7346c
f 2356/5724/1431 2359/5723/1431 2357/5722/1431 2354/5721/1431
f 2355/5728/1432 2356/5727/1432 2354/5726/1432 2353/5725/1432
f 2360/5732/1433 2355/5731/1433 2353/5730/1433 2358/5729/1433
f 2358/5736/1434 2353/5735/1434 2354/5734/1434 2357/5733/1434
o cube
v 0.3125 4.625 -0.7125
v 0.3125 4.625 -0.775
v 0.3125 4.5625 -0.7125
v 0.3125 4.5625 -0.775
v -0.0625 4.625 -0.775
v -0.0625 4.625 -0.7125
v -0.0625 4.5625 -0.775
v -0.0625 4.5625 -0.7125
vt 0.21484375 0.66796875
vt 0.19140625 0.66796875
vt 0.19140625 0.6640625
vt 0.21484375 0.6640625
vt 0.2421875 0.66796875
vt 0.21875 0.66796875
vt 0.21875 0.6640625
vt 0.2421875 0.6640625
vt 0.19140625 0.66796875
vt 0.21484375 0.66796875
vt 0.21484375 0.671875
vt 0.19140625 0.671875
vn 0 0 -1
vn 0 0 1
vn 0 1 0
usemtl m_78259a52-36d1-b55a-1736-85a769a7346c
f 2364/5740/1435 2367/5739/1435 2365/5738/1435 2362/5737/1435
f 2368/5744/1436 2363/5743/1436 2361/5742/1436 2366/5741/1436
f 2366/5748/1437 2361/5747/1437 2362/5746/1437 2365/5745/1437
o cube
v 0.375 4.5 -0.775
v 0.375 4.5 -0.8375
v 0.375 4.4375 -0.775
v 0.375 4.4375 -0.8375
v 0.0625 4.5 -0.8375
v 0.0625 4.5 -0.775
v 0.0625 4.4375 -0.8375
v 0.0625 4.4375 -0.775
vt 0.51953125 0.81640625
vt 0.5390625 0.81640625
vt 0.5390625 0.8125
vt 0.51953125 0.8125
vt 0.515625 0.81640625
vt 0.51953125 0.81640625
vt 0.51953125 0.8125
vt 0.515625 0.8125
vt 0.5390625 0.81640625
vt 0.51953125 0.81640625
vt 0.51953125 0.8203125
vt 0.5390625 0.8203125
vt 0.55859375 0.8203125
vt 0.5390625 0.8203125
vt 0.5390625 0.81640625
vt 0.55859375 0.81640625
vn 0 0 -1
vn 1 0 0
vn 0 1 0
vn 0 -1 0
usemtl m_78259a52-36d1-b55a-1736-85a769a7346c
f 2372/5752/1438 2375/5751/1438 2373/5750/1438 2370/5749/1438
f 2371/5756/1439 2372/5755/1439 2370/5754/1439 2369/5753/1439
f 2374/5760/1440 2369/5759/1440 2370/5758/1440 2373/5757/1440
f 2375/5764/1441 2372/5763/1441 2371/5762/1441 2376/5761/1441
o cube
v 0.3125 4.4375 -0.7125
v 0.3125 4.4375 -0.775
v 0.3125 4.375 -0.7125
v 0.3125 4.375 -0.775
v 0.25 4.4375 -0.775
v 0.25 4.4375 -0.7125
v 0.25 4.375 -0.775
v 0.25 4.375 -0.7125
vt 0.19921875 0.66796875
vt 0.1953125 0.66796875
vt 0.1953125 0.6640625
vt 0.19921875 0.6640625
vt 0.20703125 0.66796875
vt 0.203125 0.66796875
vt 0.203125 0.6640625
vt 0.20703125 0.6640625
vt 0.1953125 0.66796875
vt 0.19921875 0.66796875
vt 0.19921875 0.671875
vt 0.1953125 0.671875
vn 0 0 -1
vn 0 0 1
vn 0 1 0
usemtl m_78259a52-36d1-b55a-1736-85a769a7346c
f 2380/5768/1442 2383/5767/1442 2381/5766/1442 2378/5765/1442
f 2384/5772/1443 2379/5771/1443 2377/5770/1443 2382/5769/1443
f 2382/5776/1444 2377/5775/1444 2378/5774/1444 2381/5773/1444
o cube
v 0.3125 4.5 -0.525
v 0.3125 4.5 -0.7125
v 0.3125 4.4375 -0.525
v 0.3125 4.4375 -0.7125
v 0.1875 4.5 -0.7125
v 0.1875 4.5 -0.525
v 0.1875 4.4375 -0.7125
v 0.1875 4.4375 -0.525
vt 0.53515625 0.87890625
vt 0.52734375 0.87890625
vt 0.52734375 0.875
vt 0.53515625 0.875
vt 0.5546875 0.87890625
vt 0.546875 0.87890625
vt 0.546875 0.875
vt 0.5546875 0.875
vt 0.52734375 0.87890625
vt 0.515625 0.87890625
vt 0.515625 0.875
vt 0.52734375 0.875
vt 0.53515625 0.890625
vt 0.54296875 0.890625
vt 0.54296875 0.87890625
vt 0.53515625 0.87890625
vn 0 0 -1
vn 0 0 1
vn -1 0 0
vn 0 -1 0
usemtl m_78259a52-36d1-b55a-1736-85a769a7346c
f 2388/5780/1445 2391/5779/1445 2389/5778/1445 2386/5777/1445
f 2392/5784/1446 2387/5783/1446 2385/5782/1446 2390/5781/1446
f 2391/5788/1447 2392/5787/1447 2390/5786/1447 2389/5785/1447
f 2391/5792/1448 2388/5791/1448 2387/5790/1448 2392/5789/1448
o cube
v 0.375 4.5 -0.7125
v 0.375 4.5 -0.775
v 0.375 4.375 -0.7125
v 0.375 4.375 -0.775
v 0.0625 4.5 -0.775
v 0.0625 4.5 -0.7125
v 0.0625 4.375 -0.775
v 0.0625 4.375 -0.7125
vt 0.45703125 0.91796875
vt 0.4765625 0.91796875
vt 0.4765625 0.91015625
vt 0.45703125 0.91015625
vt 0.453125 0.91796875
vt 0.45703125 0.91796875
vt 0.45703125 0.91015625
vt 0.453125 0.91015625
vt 0.48046875 0.91796875
vt 0.5 0.91796875
vt 0.5 0.91015625
vt 0.48046875 0.91015625
vt 0.4765625 0.91796875
vt 0.45703125 0.91796875
vt 0.45703125 0.921875
vt 0.4765625 0.921875
vn 0 0 -1
vn 1 0 0
vn 0 0 1
vn 0 1 0
usemtl m_78259a52-36d1-b55a-1736-85a769a7346c
f 2396/5796/1449 2399/5795/1449 2397/5794/1449 2394/5793/1449
f 2395/5800/1450 2396/5799/1450 2394/5798/1450 2393/5797/1450
f 2400/5804/1451 2395/5803/1451 2393/5802/1451 2398/5801/1451
f 2398/5808/1452 2393/5807/1452 2394/5806/1452 2397/5805/1452
o cube
v -0.3125 4.4375 -0.7125
v -0.3125 4.4375 -0.775
v -0.3125 4.375 -0.7125
v -0.3125 4.375 -0.775
v -0.4375 4.4375 -0.775
v -0.4375 4.4375 -0.7125
v -0.4375 4.375 -0.775
v -0.4375 4.375 -0.7125
vt 0.2109375 0.52734375
vt 0.21875 0.52734375
vt 0.21875 0.5234375
vt 0.2109375 0.5234375
vt 0.22265625 0.52734375
vt 0.23046875 0.52734375
vt 0.23046875 0.5234375
vt 0.22265625 0.5234375
vt 0.21875 0.52734375
vt 0.22265625 0.52734375
vt 0.22265625 0.5234375
vt 0.21875 0.5234375
vt 0.21875 0.52734375
vt 0.2109375 0.52734375
vt 0.2109375 0.53125
vt 0.21875 0.53125
vn 0 0 -1
vn 0 0 1
vn -1 0 0
vn 0 1 0
usemtl m_78259a52-36d1-b55a-1736-85a769a7346c
f 2404/5812/1453 2407/5811/1453 2405/5810/1453 2402/5809/1453
f 2408/5816/1454 2403/5815/1454 2401/5814/1454 2406/5813/1454
f 2407/5820/1455 2408/5819/1455 2406/5818/1455 2405/5817/1455
f 2406/5824/1456 2401/5823/1456 2402/5822/1456 2405/5821/1456
o cube
v -0.0625 4.375 -0.7125
v -0.0625 4.375 -0.775
v -0.0625 4.3125 -0.7125
v -0.0625 4.3125 -0.775
v -0.125 4.375 -0.775
v -0.125 4.375 -0.7125
v -0.125 4.3125 -0.775
v -0.125 4.3125 -0.7125
vt 0.43359375 0.72265625
vt 0.4375 0.72265625
vt 0.4375 0.71875
vt 0.43359375 0.71875
vt 0.44140625 0.72265625
vt 0.4453125 0.72265625
vt 0.4453125 0.71875
vt 0.44140625 0.71875
vn 0 0 -1
vn 0 0 1
usemtl m_78259a52-36d1-b55a-1736-85a769a7346c
f 2412/5828/1457 2415/5827/1457 2413/5826/1457 2410/5825/1457
f 2416/5832/1458 2411/5831/1458 2409/5830/1458 2414/5829/1458
o cube
v -0.0625 4.3125 -0.7125
v -0.0625 4.3125 -0.775
v -0.0625 4.25 -0.7125
v -0.0625 4.25 -0.775
v -0.125 4.3125 -0.775
v -0.125 4.3125 -0.7125
v -0.125 4.25 -0.775
v -0.125 4.25 -0.7125
vt 0.44140625 0.765625
vt 0.4453125 0.765625
vt 0.4453125 0.76171875
vt 0.44140625 0.76171875
vt 0.4375 0.765625
vt 0.44140625 0.765625
vt 0.44140625 0.76171875
vt 0.4375 0.76171875
vt 0.44921875 0.765625
vt 0.453125 0.765625
vt 0.453125 0.76171875
vt 0.44921875 0.76171875
vt 0.4453125 0.765625
vt 0.44921875 0.765625
vt 0.44921875 0.76171875
vt 0.4453125 0.76171875
vt 0.44921875 0.76953125
vt 0.4453125 0.76953125
vt 0.4453125 0.765625
vt 0.44921875 0.765625
vn 0 0 -1
vn 1 0 0
vn 0 0 1
vn -1 0 0
vn 0 -1 0
usemtl m_78259a52-36d1-b55a-1736-85a769a7346c
f 2420/5836/1459 2423/5835/1459 2421/5834/1459 2418/5833/1459
f 2419/5840/1460 2420/5839/1460 2418/5838/1460 2417/5837/1460
f 2424/5844/1461 2419/5843/1461 2417/5842/1461 2422/5841/1461
f 2423/5848/1462 2424/5847/1462 2422/5846/1462 2421/5845/1462
f 2423/5852/1463 2420/5851/1463 2419/5850/1463 2424/5849/1463
o cube
v -0.25 4.375 -0.7125
v -0.25 4.375 -0.775
v -0.25 4.3125 -0.7125
v -0.25 4.3125 -0.775
v -0.3125 4.375 -0.775
v -0.3125 4.375 -0.7125
v -0.3125 4.3125 -0.775
v -0.3125 4.3125 -0.7125
vt 0.38671875 0.4609375
vt 0.390625 0.4609375
vt 0.390625 0.45703125
vt 0.38671875 0.45703125
vt 0.3828125 0.4609375
vt 0.38671875 0.4609375
vt 0.38671875 0.45703125
vt 0.3828125 0.45703125
vt 0.39453125 0.4609375
vt 0.3984375 0.4609375
vt 0.3984375 0.45703125
vt 0.39453125 0.45703125
vt 0.390625 0.4609375
vt 0.39453125 0.4609375
vt 0.39453125 0.45703125
vt 0.390625 0.45703125
vn 0 0 -1
vn 1 0 0
vn 0 0 1
vn -1 0 0
usemtl m_78259a52-36d1-b55a-1736-85a769a7346c
f 2428/5856/1464 2431/5855/1464 2429/5854/1464 2426/5853/1464
f 2427/5860/1465 2428/5859/1465 2426/5858/1465 2425/5857/1465
f 2432/5864/1466 2427/5863/1466 2425/5862/1466 2430/5861/1466
f 2431/5868/1467 2432/5867/1467 2430/5866/1467 2429/5865/1467
o cube
v -0.3125 4.3125 -0.7125
v -0.3125 4.3125 -0.775
v -0.3125 4.25 -0.7125
v -0.3125 4.25 -0.775
v -0.375 4.3125 -0.775
v -0.375 4.3125 -0.7125
v -0.375 4.25 -0.775
v -0.375 4.25 -0.7125
vt 0.52734375 0.44140625
vt 0.53125 0.44140625
vt 0.53125 0.4375
vt 0.52734375 0.4375
vt 0.53515625 0.44140625
vt 0.5390625 0.44140625
vt 0.5390625 0.4375
vt 0.53515625 0.4375
vt 0.53125 0.44140625
vt 0.53515625 0.44140625
vt 0.53515625 0.4375
vt 0.53125 0.4375
vt 0.53125 0.44140625
vt 0.52734375 0.44140625
vt 0.52734375 0.4453125
vt 0.53125 0.4453125
vn 0 0 -1
vn 0 0 1
vn -1 0 0
vn 0 1 0
usemtl m_78259a52-36d1-b55a-1736-85a769a7346c
f 2436/5872/1468 2439/5871/1468 2437/5870/1468 2434/5869/1468
f 2440/5876/1469 2435/5875/1469 2433/5874/1469 2438/5873/1469
f 2439/5880/1470 2440/5879/1470 2438/5878/1470 2437/5877/1470
f 2438/5884/1471 2433/5883/1471 2434/5882/1471 2437/5881/1471
o cube
v -0.125 4.375 -0.7125
v -0.125 4.375 -0.775
v -0.125 4.3125 -0.7125
v -0.125 4.3125 -0.775
v -0.1875 4.375 -0.775
v -0.1875 4.375 -0.7125
v -0.1875 4.3125 -0.775
v -0.1875 4.3125 -0.7125
vt 0.3515625 0.55859375
vt 0.34765625 0.55859375
vt 0.34765625 0.5546875
vt 0.3515625 0.5546875
vt 0.359375 0.55859375
vt 0.35546875 0.55859375
vt 0.35546875 0.5546875
vt 0.359375 0.5546875
vt 0.34765625 0.55859375
vt 0.34375 0.55859375
vt 0.34375 0.5546875
vt 0.34765625 0.5546875
vt 0.3515625 0.5625
vt 0.35546875 0.5625
vt 0.35546875 0.55859375
vt 0.3515625 0.55859375
vn 0 0 -1
vn 0 0 1
vn -1 0 0
vn 0 -1 0
usemtl m_78259a52-36d1-b55a-1736-85a769a7346c
f 2444/5888/1472 2447/5887/1472 2445/5886/1472 2442/5885/1472
f 2448/5892/1473 2443/5891/1473 2441/5890/1473 2446/5889/1473
f 2447/5896/1474 2448/5895/1474 2446/5894/1474 2445/5893/1474
f 2447/5900/1475 2444/5899/1475 2443/5898/1475 2448/5897/1475
o cube
v -0.25 4.3125 -0.7125
v -0.25 4.3125 -0.775
v -0.25 4.25 -0.7125
v -0.25 4.25 -0.775
v -0.3125 4.3125 -0.775
v -0.3125 4.3125 -0.7125
v -0.3125 4.25 -0.775
v -0.3125 4.25 -0.7125
vt 0.55859375 0.453125
vt 0.5625 0.453125
vt 0.5625 0.44921875
vt 0.55859375 0.44921875
vt 0.56640625 0.453125
vt 0.5703125 0.453125
vt 0.5703125 0.44921875
vt 0.56640625 0.44921875
vn 0 0 -1
vn 0 0 1
usemtl m_78259a52-36d1-b55a-1736-85a769a7346c
f 2452/5904/1476 2455/5903/1476 2453/5902/1476 2450/5901/1476
f 2456/5908/1477 2451/5907/1477 2449/5906/1477 2454/5905/1477
o cube
v 0 4.1875 -0.7125
v 0 4.1875 -0.775
v 0 4.125 -0.7125
v 0 4.125 -0.775
v -0.375 4.1875 -0.775
v -0.375 4.1875 -0.7125
v -0.375 4.125 -0.775
v -0.375 4.125 -0.7125
vt 0.47265625 0.7109375
vt 0.44921875 0.7109375
vt 0.44921875 0.70703125
vt 0.47265625 0.70703125
vt 0.5 0.7109375
vt 0.4765625 0.7109375
vt 0.4765625 0.70703125
vt 0.5 0.70703125
vt 0.44921875 0.7109375
vt 0.4453125 0.7109375
vt 0.4453125 0.70703125
vt 0.44921875 0.70703125
vt 0.44921875 0.7109375
vt 0.47265625 0.7109375
vt 0.47265625 0.71484375
vt 0.44921875 0.71484375
vt 0.47265625 0.71484375
vt 0.49609375 0.71484375
vt 0.49609375 0.7109375
vt 0.47265625 0.7109375
vn 0 0 -1
vn 0 0 1
vn -1 0 0
vn 0 1 0
vn 0 -1 0
usemtl m_78259a52-36d1-b55a-1736-85a769a7346c
f 2460/5912/1478 2463/5911/1478 2461/5910/1478 2458/5909/1478
f 2464/5916/1479 2459/5915/1479 2457/5914/1479 2462/5913/1479
f 2463/5920/1480 2464/5919/1480 2462/5918/1480 2461/5917/1480
f 2462/5924/1481 2457/5923/1481 2458/5922/1481 2461/5921/1481
f 2463/5928/1482 2460/5927/1482 2459/5926/1482 2464/5925/1482
o cube
v -0.125 4.25 -0.4
v -0.125 4.25 -0.775
v -0.125 4.1875 -0.4
v -0.125 4.1875 -0.775
v -0.375 4.25 -0.775
v -0.375 4.25 -0.4
v -0.375 4.1875 -0.775
v -0.375 4.1875 -0.4
vt 0.2890625 0.9375
vt 0.3046875 0.9375
vt 0.3046875 0.93359375
vt 0.2890625 0.93359375
vt 0.265625 0.9375
vt 0.2890625 0.9375
vt 0.2890625 0.93359375
vt 0.265625 0.93359375
vt 0.328125 0.9375
vt 0.34375 0.9375
vt 0.34375 0.93359375
vt 0.328125 0.93359375
vt 0.3046875 0.9375
vt 0.328125 0.9375
vt 0.328125 0.93359375
vt 0.3046875 0.93359375
vt 0.3046875 0.9375
vt 0.2890625 0.9375
vt 0.2890625 0.9609375
vt 0.3046875 0.9609375
vt 0.3203125 0.9609375
vt 0.3046875 0.9609375
vt 0.3046875 0.9375
vt 0.3203125 0.9375
vn 0 0 -1
vn 1 0 0
vn 0 0 1
vn -1 0 0
vn 0 1 0
vn 0 -1 0
usemtl m_78259a52-36d1-b55a-1736-85a769a7346c
f 2468/5932/1483 2471/5931/1483 2469/5930/1483 2466/5929/1483
f 2467/5936/1484 2468/5935/1484 2466/5934/1484 2465/5933/1484
f 2472/5940/1485 2467/5939/1485 2465/5938/1485 2470/5937/1485
f 2471/5944/1486 2472/5943/1486 2470/5942/1486 2469/5941/1486
f 2470/5948/1487 2465/5947/1487 2466/5946/1487 2469/5945/1487
f 2471/5952/1488 2468/5951/1488 2467/5950/1488 2472/5949/1488
o cube
v -0.125 4.1875 -0.4625
v -0.125 4.1875 -0.7125
v -0.125 4.0625 -0.4625
v -0.125 4.0625 -0.7125
v -0.3125 4.1875 -0.7125
v -0.3125 4.1875 -0.4625
v -0.3125 4.0625 -0.7125
v -0.3125 4.0625 -0.4625
vt 0.38671875 0.6171875
vt 0.375 0.6171875
vt 0.375 0.609375
vt 0.38671875 0.609375
vt 0.40234375 0.6171875
vt 0.38671875 0.6171875
vt 0.38671875 0.609375
vt 0.40234375 0.609375
vt 0.4140625 0.6171875
vt 0.40234375 0.6171875
vt 0.40234375 0.609375
vt 0.4140625 0.609375
vt 0.375 0.6171875
vt 0.359375 0.6171875
vt 0.359375 0.609375
vt 0.375 0.609375
vt 0.38671875 0.6328125
vt 0.3984375 0.6328125
vt 0.3984375 0.6171875
vt 0.38671875 0.6171875
vn 0 0 -1
vn 1 0 0
vn 0 0 1
vn -1 0 0
vn 0 -1 0
usemtl m_78259a52-36d1-b55a-1736-85a769a7346c
f 2476/5956/1489 2479/5955/1489 2477/5954/1489 2474/5953/1489
f 2475/5960/1490 2476/5959/1490 2474/5958/1490 2473/5957/1490
f 2480/5964/1491 2475/5963/1491 2473/5962/1491 2478/5961/1491
f 2479/5968/1492 2480/5967/1492 2478/5966/1492 2477/5965/1492
f 2479/5972/1493 2476/5971/1493 2475/5970/1493 2480/5969/1493
o cube
v -0.1875 4.3125 -0.7125
v -0.1875 4.3125 -0.775
v -0.1875 4.25 -0.7125
v -0.1875 4.25 -0.775
v -0.25 4.3125 -0.775
v -0.25 4.3125 -0.7125
v -0.25 4.25 -0.775
v -0.25 4.25 -0.7125
vt 0.5625 0.52734375
vt 0.55859375 0.52734375
vt 0.55859375 0.5234375
vt 0.5625 0.5234375
vt 0.56640625 0.52734375
vt 0.5625 0.52734375
vt 0.5625 0.5234375
vt 0.56640625 0.5234375
vt 0.5703125 0.52734375
vt 0.56640625 0.52734375
vt 0.56640625 0.5234375
vt 0.5703125 0.5234375
vt 0.55859375 0.52734375
vt 0.5625 0.52734375
vt 0.5625 0.53125
vt 0.55859375 0.53125
vn 0 0 -1
vn 1 0 0
vn 0 0 1
vn 0 1 0
usemtl m_78259a52-36d1-b55a-1736-85a769a7346c
f 2484/5976/1494 2487/5975/1494 2485/5974/1494 2482/5973/1494
f 2483/5980/1495 2484/5979/1495 2482/5978/1495 2481/5977/1495
f 2488/5984/1496 2483/5983/1496 2481/5982/1496 2486/5981/1496
f 2486/5988/1497 2481/5987/1497 2482/5986/1497 2485/5985/1497
o cube
v -0.3125 4.4375 -0.3375
v -0.3125 4.4375 -0.525
v -0.3125 4.25 -0.3375
v -0.3125 4.25 -0.525
v -0.375 4.4375 -0.525
v -0.375 4.4375 -0.3375
v -0.375 4.25 -0.525
v -0.375 4.25 -0.3375
vt 0.37890625 0.4765625
vt 0.3828125 0.4765625
vt 0.3828125 0.46484375
vt 0.37890625 0.46484375
vt 0.3671875 0.4765625
vt 0.37890625 0.4765625
vt 0.37890625 0.46484375
vt 0.3671875 0.46484375
vt 0.39453125 0.4765625
vt 0.3984375 0.4765625
vt 0.3984375 0.46484375
vt 0.39453125 0.46484375
vt 0.3828125 0.4765625
vt 0.39453125 0.4765625
vt 0.39453125 0.46484375
vt 0.3828125 0.46484375
vt 0.38671875 0.48828125
vt 0.3828125 0.48828125
vt 0.3828125 0.4765625
vt 0.38671875 0.4765625
vn 0 0 -1
vn 1 0 0
vn 0 0 1
vn -1 0 0
vn 0 -1 0
usemtl m_78259a52-36d1-b55a-1736-85a769a7346c
f 2492/5992/1498 2495/5991/1498 2493/5990/1498 2490/5989/1498
f 2491/5996/1499 2492/5995/1499 2490/5994/1499 2489/5993/1499
f 2496/6000/1500 2491/5999/1500 2489/5998/1500 2494/5997/1500
f 2495/6004/1501 2496/6003/1501 2494/6002/1501 2493/6001/1501
f 2495/6008/1502 2492/6007/1502 2491/6006/1502 2496/6005/1502
o cube
v 0.1875 4.375 -0.7125
v 0.1875 4.375 -0.775
v 0.1875 4.3125 -0.7125
v 0.1875 4.3125 -0.775
v 0.125 4.375 -0.775
v 0.125 4.375 -0.7125
v 0.125 4.3125 -0.775
v 0.125 4.3125 -0.7125
vt 0.34765625 0.55859375
vt 0.3515625 0.55859375
vt 0.3515625 0.5546875
vt 0.34765625 0.5546875
vt 0.34375 0.55859375
vt 0.34765625 0.55859375
vt 0.34765625 0.5546875
vt 0.34375 0.5546875
vt 0.35546875 0.55859375
vt 0.359375 0.55859375
vt 0.359375 0.5546875
vt 0.35546875 0.5546875
vt 0.35546875 0.5625
vt 0.3515625 0.5625
vt 0.3515625 0.55859375
vt 0.35546875 0.55859375
vn 0 0 -1
vn 1 0 0
vn 0 0 1
vn 0 -1 0
usemtl m_78259a52-36d1-b55a-1736-85a769a7346c
f 2500/6012/1503 2503/6011/1503 2501/6010/1503 2498/6009/1503
f 2499/6016/1504 2500/6015/1504 2498/6014/1504 2497/6013/1504
f 2504/6020/1505 2499/6019/1505 2497/6018/1505 2502/6017/1505
f 2503/6024/1506 2500/6023/1506 2499/6022/1506 2504/6021/1506
o cube
v 0.25 4.3125 -0.7125
v 0.25 4.3125 -0.775
v 0.25 4.25 -0.7125
v 0.25 4.25 -0.775
v 0.1875 4.3125 -0.775
v 0.1875 4.3125 -0.7125
v 0.1875 4.25 -0.775
v 0.1875 4.25 -0.7125
vt 0.55859375 0.52734375
vt 0.5625 0.52734375
vt 0.5625 0.5234375
vt 0.55859375 0.5234375
vt 0.56640625 0.52734375
vt 0.5703125 0.52734375
vt 0.5703125 0.5234375
vt 0.56640625 0.5234375
vt 0.5625 0.52734375
vt 0.56640625 0.52734375
vt 0.56640625 0.5234375
vt 0.5625 0.5234375
vt 0.5625 0.52734375
vt 0.55859375 0.52734375
vt 0.55859375 0.53125
vt 0.5625 0.53125
vn 0 0 -1
vn 0 0 1
vn -1 0 0
vn 0 1 0
usemtl m_78259a52-36d1-b55a-1736-85a769a7346c
f 2508/6028/1507 2511/6027/1507 2509/6026/1507 2506/6025/1507
f 2512/6032/1508 2507/6031/1508 2505/6030/1508 2510/6029/1508
f 2511/6036/1509 2512/6035/1509 2510/6034/1509 2509/6033/1509
f 2510/6040/1510 2505/6039/1510 2506/6038/1510 2509/6037/1510
o cube
v 0.125 4.3125 -0.7125
v 0.125 4.3125 -0.775
v 0.125 4.25 -0.7125
v 0.125 4.25 -0.775
v 0.0625 4.3125 -0.775
v 0.0625 4.3125 -0.7125
v 0.0625 4.25 -0.775
v 0.0625 4.25 -0.7125
vt 0.4453125 0.765625
vt 0.44140625 0.765625
vt 0.44140625 0.76171875
vt 0.4453125 0.76171875
vt 0.44921875 0.765625
vt 0.4453125 0.765625
vt 0.4453125 0.76171875
vt 0.44921875 0.76171875
vt 0.453125 0.765625
vt 0.44921875 0.765625
vt 0.44921875 0.76171875
vt 0.453125 0.76171875
vt 0.44140625 0.765625
vt 0.4375 0.765625
vt 0.4375 0.76171875
vt 0.44140625 0.76171875
vt 0.4453125 0.76953125
vt 0.44921875 0.76953125
vt 0.44921875 0.765625
vt 0.4453125 0.765625
vn 0 0 -1
vn 1 0 0
vn 0 0 1
vn -1 0 0
vn 0 -1 0
usemtl m_78259a52-36d1-b55a-1736-85a769a7346c
f 2516/6044/1511 2519/6043/1511 2517/6042/1511 2514/6041/1511
f 2515/6048/1512 2516/6047/1512 2514/6046/1512 2513/6045/1512
f 2520/6052/1513 2515/6051/1513 2513/6050/1513 2518/6049/1513
f 2519/6056/1514 2520/6055/1514 2518/6054/1514 2517/6053/1514
f 2519/6060/1515 2516/6059/1515 2515/6058/1515 2520/6057/1515
o cube
v 0.375 4.3125 -0.7125
v 0.375 4.3125 -0.775
v 0.375 4.25 -0.7125
v 0.375 4.25 -0.775
v 0.3125 4.3125 -0.775
v 0.3125 4.3125 -0.7125
v 0.3125 4.25 -0.775
v 0.3125 4.25 -0.7125
vt 0.53125 0.44140625
vt 0.52734375 0.44140625
vt 0.52734375 0.4375
vt 0.53125 0.4375
vt 0.53515625 0.44140625
vt 0.53125 0.44140625
vt 0.53125 0.4375
vt 0.53515625 0.4375
vt 0.5390625 0.44140625
vt 0.53515625 0.44140625
vt 0.53515625 0.4375
vt 0.5390625 0.4375
vt 0.52734375 0.44140625
vt 0.53125 0.44140625
vt 0.53125 0.4453125
vt 0.52734375 0.4453125
vn 0 0 -1
vn 1 0 0
vn 0 0 1
vn 0 1 0
usemtl m_78259a52-36d1-b55a-1736-85a769a7346c
f 2524/6064/1516 2527/6063/1516 2525/6062/1516 2522/6061/1516
f 2523/6068/1517 2524/6067/1517 2522/6066/1517 2521/6065/1517
f 2528/6072/1518 2523/6071/1518 2521/6070/1518 2526/6069/1518
f 2526/6076/1519 2521/6075/1519 2522/6074/1519 2525/6073/1519
o cube
v 0.3125 4.1875 -0.4625
v 0.3125 4.1875 -0.7125
v 0.3125 4.0625 -0.4625
v 0.3125 4.0625 -0.7125
v 0.125 4.1875 -0.7125
v 0.125 4.1875 -0.4625
v 0.125 4.0625 -0.7125
v 0.125 4.0625 -0.4625
vt 0.375 0.6171875
vt 0.38671875 0.6171875
vt 0.38671875 0.609375
vt 0.375 0.609375
vt 0.359375 0.6171875
vt 0.375 0.6171875
vt 0.375 0.609375
vt 0.359375 0.609375
vt 0.40234375 0.6171875
vt 0.4140625 0.6171875
vt 0.4140625 0.609375
vt 0.40234375 0.609375
vt 0.38671875 0.6171875
vt 0.40234375 0.6171875
vt 0.40234375 0.609375
vt 0.38671875 0.609375
vt 0.3984375 0.6328125
vt 0.38671875 0.6328125
vt 0.38671875 0.6171875
vt 0.3984375 0.6171875
vn 0 0 -1
vn 1 0 0
vn 0 0 1
vn -1 0 0
vn 0 -1 0
usemtl m_78259a52-36d1-b55a-1736-85a769a7346c
f 2532/6080/1520 2535/6079/1520 2533/6078/1520 2530/6077/1520
f 2531/6084/1521 2532/6083/1521 2530/6082/1521 2529/6081/1521
f 2536/6088/1522 2531/6087/1522 2529/6086/1522 2534/6085/1522
f 2535/6092/1523 2536/6091/1523 2534/6090/1523 2533/6089/1523
f 2535/6096/1524 2532/6095/1524 2531/6094/1524 2536/6093/1524
o cube
v 0.375 4.25 -0.4
v 0.375 4.25 -0.775
v 0.375 4.1875 -0.4
v 0.375 4.1875 -0.775
v 0.125 4.25 -0.775
v 0.125 4.25 -0.4
v 0.125 4.1875 -0.775
v 0.125 4.1875 -0.4
vt 0.3046875 0.9375
vt 0.2890625 0.9375
vt 0.2890625 0.93359375
vt 0.3046875 0.93359375
vt 0.328125 0.9375
vt 0.3046875 0.9375
vt 0.3046875 0.93359375
vt 0.328125 0.93359375
vt 0.34375 0.9375
vt 0.328125 0.9375
vt 0.328125 0.93359375
vt 0.34375 0.93359375
vt 0.2890625 0.9375
vt 0.265625 0.9375
vt 0.265625 0.93359375
vt 0.2890625 0.93359375
vt 0.2890625 0.9375
vt 0.3046875 0.9375
vt 0.3046875 0.9609375
vt 0.2890625 0.9609375
vt 0.3046875 0.9609375
vt 0.3203125 0.9609375
vt 0.3203125 0.9375
vt 0.3046875 0.9375
vn 0 0 -1
vn 1 0 0
vn 0 0 1
vn -1 0 0
vn 0 1 0
vn 0 -1 0
usemtl m_78259a52-36d1-b55a-1736-85a769a7346c
f 2540/6100/1525 2543/6099/1525 2541/6098/1525 2538/6097/1525
f 2539/6104/1526 2540/6103/1526 2538/6102/1526 2537/6101/1526
f 2544/6108/1527 2539/6107/1527 2537/6106/1527 2542/6105/1527
f 2543/6112/1528 2544/6111/1528 2542/6110/1528 2541/6109/1528
f 2542/6116/1529 2537/6115/1529 2538/6114/1529 2541/6113/1529
f 2543/6120/1530 2540/6119/1530 2539/6118/1530 2544/6117/1530
o cube
v 0.3125 4.375 -0.7125
v 0.3125 4.375 -0.775
v 0.3125 4.3125 -0.7125
v 0.3125 4.3125 -0.775
v 0.25 4.375 -0.775
v 0.25 4.375 -0.7125
v 0.25 4.3125 -0.775
v 0.25 4.3125 -0.7125
vt 0.390625 0.4609375
vt 0.38671875 0.4609375
vt 0.38671875 0.45703125
vt 0.390625 0.45703125
vt 0.39453125 0.4609375
vt 0.390625 0.4609375
vt 0.390625 0.45703125
vt 0.39453125 0.45703125
vt 0.3984375 0.4609375
vt 0.39453125 0.4609375
vt 0.39453125 0.45703125
vt 0.3984375 0.45703125
vt 0.38671875 0.4609375
vt 0.3828125 0.4609375
vt 0.3828125 0.45703125
vt 0.38671875 0.45703125
vn 0 0 -1
vn 1 0 0
vn 0 0 1
vn -1 0 0
usemtl m_78259a52-36d1-b55a-1736-85a769a7346c
f 2548/6124/1531 2551/6123/1531 2549/6122/1531 2546/6121/1531
f 2547/6128/1532 2548/6127/1532 2546/6126/1532 2545/6125/1532
f 2552/6132/1533 2547/6131/1533 2545/6130/1533 2550/6129/1533
f 2551/6136/1534 2552/6135/1534 2550/6134/1534 2549/6133/1534
o cube
v 0.375 4.4375 -0.3375
v 0.375 4.4375 -0.525
v 0.375 4.25 -0.3375
v 0.375 4.25 -0.525
v 0.3125 4.4375 -0.525
v 0.3125 4.4375 -0.3375
v 0.3125 4.25 -0.525
v 0.3125 4.25 -0.3375
vt 0.3828125 0.4765625
vt 0.37890625 0.4765625
vt 0.37890625 0.46484375
vt 0.3828125 0.46484375
vt 0.39453125 0.4765625
vt 0.3828125 0.4765625
vt 0.3828125 0.46484375
vt 0.39453125 0.46484375
vt 0.3984375 0.4765625
vt 0.39453125 0.4765625
vt 0.39453125 0.46484375
vt 0.3984375 0.46484375
vt 0.37890625 0.4765625
vt 0.3671875 0.4765625
vt 0.3671875 0.46484375
vt 0.37890625 0.46484375
vt 0.3828125 0.48828125
vt 0.38671875 0.48828125
vt 0.38671875 0.4765625
vt 0.3828125 0.4765625
vn 0 0 -1
vn 1 0 0
vn 0 0 1
vn -1 0 0
vn 0 -1 0
usemtl m_78259a52-36d1-b55a-1736-85a769a7346c
f 2556/6140/1535 2559/6139/1535 2557/6138/1535 2554/6137/1535
f 2555/6144/1536 2556/6143/1536 2554/6142/1536 2553/6141/1536
f 2560/6148/1537 2555/6147/1537 2553/6146/1537 2558/6145/1537
f 2559/6152/1538 2560/6151/1538 2558/6150/1538 2557/6149/1538
f 2559/6156/1539 2556/6155/1539 2555/6154/1539 2560/6153/1539
o cube
v 0.0625 4.375 -0.7125
v 0.0625 4.375 -0.775
v 0.0625 4.3125 -0.7125
v 0.0625 4.3125 -0.775
v 0.0625 4.375 -0.775
v 0.0625 4.375 -0.7125
v 0.0625 4.3125 -0.775
v 0.0625 4.3125 -0.7125
vt 0.07421875 0.7421875
vt 0.0703125 0.7421875
vt 0.0703125 0.73828125
vt 0.07421875 0.73828125
vn -1 0 0
usemtl m_78259a52-36d1-b55a-1736-85a769a7346c
f 2567/6160/1540 2568/6159/1540 2566/6158/1540 2565/6157/1540
o cube
v -0.375 4.375 -0.7125
v -0.375 4.375 -0.775
v -0.375 4.3125 -0.7125
v -0.375 4.3125 -0.775
v -0.4375 4.375 -0.775
v -0.4375 4.375 -0.7125
v -0.4375 4.3125 -0.775
v -0.4375 4.3125 -0.7125
vt 0.0546875 0.59375
vt 0.05078125 0.59375
vt 0.05078125 0.58984375
vt 0.0546875 0.58984375
vt 0.05859375 0.59375
vt 0.0546875 0.59375
vt 0.0546875 0.58984375
vt 0.05859375 0.58984375
vt 0.0625 0.59375
vt 0.05859375 0.59375
vt 0.05859375 0.58984375
vt 0.0625 0.58984375
vt 0.05078125 0.59375
vt 0.046875 0.59375
vt 0.046875 0.58984375
vt 0.05078125 0.58984375
vt 0.0546875 0.59765625
vt 0.05859375 0.59765625
vt 0.05859375 0.59375
vt 0.0546875 0.59375
vn 0 0 -1
vn 1 0 0
vn 0 0 1
vn -1 0 0
vn 0 -1 0
usemtl m_78259a52-36d1-b55a-1736-85a769a7346c
f 2572/6164/1541 2575/6163/1541 2573/6162/1541 2570/6161/1541
f 2571/6168/1542 2572/6167/1542 2570/6166/1542 2569/6165/1542
f 2576/6172/1543 2571/6171/1543 2569/6170/1543 2574/6169/1543
f 2575/6176/1544 2576/6175/1544 2574/6174/1544 2573/6173/1544
f 2575/6180/1545 2572/6179/1545 2571/6178/1545 2576/6177/1545
o cube
v 0.125 4.375 -0.7125
v 0.125 4.375 -0.775
v 0.125 4.3125 -0.7125
v 0.125 4.3125 -0.775
v 0.0625 4.375 -0.775
v 0.0625 4.375 -0.7125
v 0.0625 4.3125 -0.775
v 0.0625 4.3125 -0.7125
vt 0.4375 0.72265625
vt 0.43359375 0.72265625
vt 0.43359375 0.71875
vt 0.4375 0.71875
vt 0.4453125 0.72265625
vt 0.44140625 0.72265625
vt 0.44140625 0.71875
vt 0.4453125 0.71875
vn 0 0 -1
vn 0 0 1
usemtl m_78259a52-36d1-b55a-1736-85a769a7346c
f 2580/6184/1546 2583/6183/1546 2581/6182/1546 2578/6181/1546
f 2584/6188/1547 2579/6187/1547 2577/6186/1547 2582/6185/1547
o cube
v 0.3125 4.3125 -0.7125
v 0.3125 4.3125 -0.775
v 0.3125 4.25 -0.7125
v 0.3125 4.25 -0.775
v 0.25 4.3125 -0.775
v 0.25 4.3125 -0.7125
v 0.25 4.25 -0.775
v 0.25 4.25 -0.7125
vt 0.5625 0.453125
vt 0.55859375 0.453125
vt 0.55859375 0.44921875
vt 0.5625 0.44921875
vt 0.5703125 0.453125
vt 0.56640625 0.453125
vt 0.56640625 0.44921875
vt 0.5703125 0.44921875
vn 0 0 -1
vn 0 0 1
usemtl m_78259a52-36d1-b55a-1736-85a769a7346c
f 2588/6192/1548 2591/6191/1548 2589/6190/1548 2586/6189/1548
f 2592/6196/1549 2587/6195/1549 2585/6194/1549 2590/6193/1549
o cube
v 0.375 4.1875 -0.7125
v 0.375 4.1875 -0.775
v 0.375 4.125 -0.7125
v 0.375 4.125 -0.775
v 0.3125 4.1875 -0.775
v 0.3125 4.1875 -0.7125
v 0.3125 4.125 -0.775
v 0.3125 4.125 -0.7125
vt 0.05078125 0.59375
vt 0.0546875 0.59375
vt 0.0546875 0.58984375
vt 0.05078125 0.58984375
vt 0.046875 0.59375
vt 0.05078125 0.59375
vt 0.05078125 0.58984375
vt 0.046875 0.58984375
vt 0.05859375 0.59375
vt 0.0625 0.59375
vt 0.0625 0.58984375
vt 0.05859375 0.58984375
vt 0.0546875 0.59375
vt 0.05859375 0.59375
vt 0.05859375 0.58984375
vt 0.0546875 0.58984375
vt 0.05859375 0.59765625
vt 0.0546875 0.59765625
vt 0.0546875 0.59375
vt 0.05859375 0.59375
vn 0 0 -1
vn 1 0 0
vn 0 0 1
vn -1 0 0
vn 0 -1 0
usemtl m_78259a52-36d1-b55a-1736-85a769a7346c
f 2596/6200/1550 2599/6199/1550 2597/6198/1550 2594/6197/1550
f 2595/6204/1551 2596/6203/1551 2594/6202/1551 2593/6201/1551
f 2600/6208/1552 2595/6207/1552 2593/6206/1552 2598/6205/1552
f 2599/6212/1553 2600/6211/1553 2598/6210/1553 2597/6209/1553
f 2599/6216/1554 2596/6215/1554 2595/6214/1554 2600/6213/1554
o cube
v 0.375 4.1875 -0.7125
v 0.375 4.1875 -0.775
v 0.375 4.0625 -0.7125
v 0.375 4.0625 -0.775
v 0 4.1875 -0.775
v 0 4.1875 -0.7125
v 0 4.0625 -0.775
v 0 4.0625 -0.7125
vt 0.44921875 0.7109375
vt 0.47265625 0.7109375
vt 0.47265625 0.703125
vt 0.44921875 0.703125
vt 0.4453125 0.7109375
vt 0.44921875 0.7109375
vt 0.44921875 0.703125
vt 0.4453125 0.703125
vt 0.4765625 0.7109375
vt 0.5 0.7109375
vt 0.5 0.703125
vt 0.4765625 0.703125
vt 0.47265625 0.7109375
vt 0.44921875 0.7109375
vt 0.44921875 0.71484375
vt 0.47265625 0.71484375
vt 0.49609375 0.71484375
vt 0.47265625 0.71484375
vt 0.47265625 0.7109375
vt 0.49609375 0.7109375
vn 0 0 -1
vn 1 0 0
vn 0 0 1
vn 0 1 0
vn 0 -1 0
usemtl m_78259a52-36d1-b55a-1736-85a769a7346c
f 2604/6220/1555 2607/6219/1555 2605/6218/1555 2602/6217/1555
f 2603/6224/1556 2604/6223/1556 2602/6222/1556 2601/6221/1556
f 2608/6228/1557 2603/6227/1557 2601/6226/1557 2606/6225/1557
f 2606/6232/1558 2601/6231/1558 2602/6230/1558 2605/6229/1558
f 2607/6236/1559 2604/6235/1559 2603/6234/1559 2608/6233/1559
o cube
v 0.3125 4.1875 -0.7125
v 0.3125 4.1875 -0.775
v 0.3125 4.125 -0.7125
v 0.3125 4.125 -0.775
v 0.25 4.1875 -0.775
v 0.25 4.1875 -0.7125
v 0.25 4.125 -0.775
v 0.25 4.125 -0.7125
vt 0.05078125 0.59375
vt 0.0546875 0.59375
vt 0.0546875 0.58984375
vt 0.05078125 0.58984375
vt 0.046875 0.59375
vt 0.05078125 0.59375
vt 0.05078125 0.58984375
vt 0.046875 0.58984375
vt 0.05859375 0.59375
vt 0.0625 0.59375
vt 0.0625 0.58984375
vt 0.05859375 0.58984375
vt 0.0546875 0.59375
vt 0.05859375 0.59375
vt 0.05859375 0.58984375
vt 0.0546875 0.58984375
vt 0.05859375 0.59765625
vt 0.0546875 0.59765625
vt 0.0546875 0.59375
vt 0.05859375 0.59375
vn 0 0 -1
vn 1 0 0
vn 0 0 1
vn -1 0 0
vn 0 -1 0
usemtl m_78259a52-36d1-b55a-1736-85a769a7346c
f 2612/6240/1560 2615/6239/1560 2613/6238/1560 2610/6237/1560
f 2611/6244/1561 2612/6243/1561 2610/6242/1561 2609/6241/1561
f 2616/6248/1562 2611/6247/1562 2609/6246/1562 2614/6245/1562
f 2615/6252/1563 2616/6251/1563 2614/6250/1563 2613/6249/1563
f 2615/6256/1564 2612/6255/1564 2611/6254/1564 2616/6253/1564
o cube
v 0.0625 1.86883 1.561491875
v 0.0625 1.86883 1.436491875
v 0.0625 1.43133 1.561491875
v 0.0625 1.43133 1.436491875
v -0.1875 1.86883 1.436491875
v -0.1875 1.86883 1.561491875
v -0.1875 1.43133 1.436491875
v -0.1875 1.43133 1.561491875
vt 0.3671875 0.6015625
vt 0.3828125 0.6015625
vt 0.3828125 0.57421875
vt 0.3671875 0.57421875
vt 0.390625 0.6015625
vt 0.40625 0.6015625
vt 0.40625 0.57421875
vt 0.390625 0.57421875
vt 0.3828125 0.6015625
vt 0.390625 0.6015625
vt 0.390625 0.57421875
vt 0.3828125 0.57421875
vt 0.3828125 0.6015625
vt 0.3671875 0.6015625
vt 0.3671875 0.609375
vt 0.3828125 0.609375
vt 0.3984375 0.609375
vt 0.3828125 0.609375
vt 0.3828125 0.6015625
vt 0.3984375 0.6015625
vn 0 0 -1
vn 0 0 1
vn -1 0 0
vn 0 1 0
vn 0 -1 0
usemtl m_78259a52-36d1-b55a-1736-85a769a7346c
f 2620/6260/1565 2623/6259/1565 2621/6258/1565 2618/6257/1565
f 2624/6264/1566 2619/6263/1566 2617/6262/1566 2622/6261/1566
f 2623/6268/1567 2624/6267/1567 2622/6266/1567 2621/6265/1567
f 2622/6272/1568 2617/6271/1568 2618/6270/1568 2621/6269/1568
f 2623/6276/1569 2620/6275/1569 2619/6274/1569 2624/6273/1569
o cube
v 0.125 2.49383 1.248991875
v 0.125 2.49383 1.061491875
v 0.125 2.11883 1.248991875
v 0.125 2.11883 1.061491875
v -0.0625 2.49383 1.061491875
v -0.0625 2.49383 1.248991875
v -0.0625 2.11883 1.061491875
v -0.0625 2.11883 1.248991875
vt 0.15234375 0.578125
vt 0.1640625 0.578125
vt 0.1640625 0.5546875
vt 0.15234375 0.5546875
vt 0.140625 0.578125
vt 0.15234375 0.578125
vt 0.15234375 0.5546875
vt 0.140625 0.5546875
vt 0.17578125 0.578125
vt 0.1875 0.578125
vt 0.1875 0.5546875
vt 0.17578125 0.5546875
vt 0.1640625 0.578125
vt 0.15234375 0.578125
vt 0.15234375 0.58984375
vt 0.1640625 0.58984375
vn 0 0 -1
vn 1 0 0
vn 0 0 1
vn 0 1 0
usemtl m_78259a52-36d1-b55a-1736-85a769a7346c
f 2628/6280/1570 2631/6279/1570 2629/6278/1570 2626/6277/1570
f 2627/6284/1571 2628/6283/1571 2626/6282/1571 2625/6281/1571
f 2632/6288/1572 2627/6287/1572 2625/6286/1572 2630/6285/1572
f 2630/6292/1573 2625/6291/1573 2626/6290/1573 2629/6289/1573
o cube
v 0.125 2.30633 1.186491875
v 0.125 2.30633 0.998991875
v 0.125 1.93133 1.186491875
v 0.125 1.93133 0.998991875
v -0.0625 2.30633 0.998991875
v -0.0625 2.30633 1.186491875
v -0.0625 1.93133 0.998991875
v -0.0625 1.93133 1.186491875
vt 0.42578125 0.9609375
vt 0.4375 0.9609375
vt 0.4375 0.9375
vt 0.42578125 0.9375
vt 0.4140625 0.9609375
vt 0.42578125 0.9609375
vt 0.42578125 0.9375
vt 0.4140625 0.9375
vt 0.4375 0.9609375
vt 0.42578125 0.9609375
vt 0.42578125 0.97265625
vt 0.4375 0.97265625
vt 0.44921875 0.97265625
vt 0.4375 0.97265625
vt 0.4375 0.9609375
vt 0.44921875 0.9609375
vn 0 0 -1
vn 1 0 0
vn 0 1 0
vn 0 -1 0
usemtl m_78259a52-36d1-b55a-1736-85a769a7346c
f 2636/6296/1574 2639/6295/1574 2637/6294/1574 2634/6293/1574
f 2635/6300/1575 2636/6299/1575 2634/6298/1575 2633/6297/1575
f 2638/6304/1576 2633/6303/1576 2634/6302/1576 2637/6301/1576
f 2639/6308/1577 2636/6307/1577 2635/6306/1577 2640/6305/1577
o cube
v 0.0625 2.49383 1.248991875
v 0.0625 2.49383 1.061491875
v 0.0625 2.11883 1.248991875
v 0.0625 2.11883 1.061491875
v -0.125 2.49383 1.061491875
v -0.125 2.49383 1.248991875
v -0.125 2.11883 1.061491875
v -0.125 2.11883 1.248991875
vt 0.1640625 0.578125
vt 0.15234375 0.578125
vt 0.15234375 0.5546875
vt 0.1640625 0.5546875
vt 0.1875 0.578125
vt 0.17578125 0.578125
vt 0.17578125 0.5546875
vt 0.1875 0.5546875
vt 0.15234375 0.578125
vt 0.140625 0.578125
vt 0.140625 0.5546875
vt 0.15234375 0.5546875
vt 0.15234375 0.578125
vt 0.1640625 0.578125
vt 0.1640625 0.58984375
vt 0.15234375 0.58984375
vn 0 0 -1
vn 0 0 1
vn -1 0 0
vn 0 1 0
usemtl m_78259a52-36d1-b55a-1736-85a769a7346c
f 2644/6312/1578 2647/6311/1578 2645/6310/1578 2642/6309/1578
f 2648/6316/1579 2643/6315/1579 2641/6314/1579 2646/6313/1579
f 2647/6320/1580 2648/6319/1580 2646/6318/1580 2645/6317/1580
f 2646/6324/1581 2641/6323/1581 2642/6322/1581 2645/6321/1581
o cube
v 0.125 2.11883 1.248991875
v 0.125 2.11883 1.061491875
v 0.125 1.74383 1.248991875
v 0.125 1.74383 1.061491875
v -0.0625 2.11883 1.061491875
v -0.0625 2.11883 1.248991875
v -0.0625 1.74383 1.061491875
v -0.0625 1.74383 1.248991875
vt 0.42578125 0.8203125
vt 0.4375 0.8203125
vt 0.4375 0.796875
vt 0.42578125 0.796875
vt 0.4140625 0.8203125
vt 0.42578125 0.8203125
vt 0.42578125 0.796875
vt 0.4140625 0.796875
vt 0.44921875 0.8203125
vt 0.4609375 0.8203125
vt 0.4609375 0.796875
vt 0.44921875 0.796875
vt 0.44921875 0.83203125
vt 0.4375 0.83203125
vt 0.4375 0.8203125
vt 0.44921875 0.8203125
vn 0 0 -1
vn 1 0 0
vn 0 0 1
vn 0 -1 0
usemtl m_78259a52-36d1-b55a-1736-85a769a7346c
f 2652/6328/1582 2655/6327/1582 2653/6326/1582 2650/6325/1582
f 2651/6332/1583 2652/6331/1583 2650/6330/1583 2649/6329/1583
f 2656/6336/1584 2651/6335/1584 2649/6334/1584 2654/6333/1584
f 2655/6340/1585 2652/6339/1585 2651/6338/1585 2656/6337/1585
o cube
v 0.0625 2.30633 1.186491875
v 0.0625 2.30633 0.998991875
v 0.0625 1.93133 1.186491875
v 0.0625 1.93133 0.998991875
v -0.125 2.30633 0.998991875
v -0.125 2.30633 1.186491875
v -0.125 1.93133 0.998991875
v -0.125 1.93133 1.186491875
vt 0.4375 0.9609375
vt 0.42578125 0.9609375
vt 0.42578125 0.9375
vt 0.4375 0.9375
vt 0.42578125 0.9609375
vt 0.4140625 0.9609375
vt 0.4140625 0.9375
vt 0.42578125 0.9375
vt 0.42578125 0.9609375
vt 0.4375 0.9609375
vt 0.4375 0.97265625
vt 0.42578125 0.97265625
vt 0.4375 0.97265625
vt 0.44921875 0.97265625
vt 0.44921875 0.9609375
vt 0.4375 0.9609375
vn 0 0 -1
vn -1 0 0
vn 0 1 0
vn 0 -1 0
usemtl m_78259a52-36d1-b55a-1736-85a769a7346c
f 2660/6344/1586 2663/6343/1586 2661/6342/1586 2658/6341/1586
f 2663/6348/1587 2664/6347/1587 2662/6346/1587 2661/6345/1587
f 2662/6352/1588 2657/6351/1588 2658/6350/1588 2661/6349/1588
f 2663/6356/1589 2660/6355/1589 2659/6354/1589 2664/6353/1589
o cube
v 0.125 1.99383 1.436491875
v 0.125 1.99383 1.186491875
v 0.125 1.61883 1.436491875
v 0.125 1.61883 1.186491875
v -0.0625 1.99383 1.186491875
v -0.0625 1.99383 1.436491875
v -0.0625 1.61883 1.186491875
v -0.0625 1.61883 1.436491875
vt 0.3203125 0.63671875
vt 0.33203125 0.63671875
vt 0.33203125 0.61328125
vt 0.3203125 0.61328125
vt 0.3046875 0.63671875
vt 0.3203125 0.63671875
vt 0.3203125 0.61328125
vt 0.3046875 0.61328125
vt 0.34765625 0.63671875
vt 0.359375 0.63671875
vt 0.359375 0.61328125
vt 0.34765625 0.61328125
vt 0.33203125 0.63671875
vt 0.3203125 0.63671875
vt 0.3203125 0.65234375
vt 0.33203125 0.65234375
vt 0.34375 0.65234375
vt 0.33203125 0.65234375
vt 0.33203125 0.63671875
vt 0.34375 0.63671875
vn 0 0 -1
vn 1 0 0
vn 0 0 1
vn 0 1 0
vn 0 -1 0
usemtl m_78259a52-36d1-b55a-1736-85a769a7346c
f 2668/6360/1590 2671/6359/1590 2669/6358/1590 2666/6357/1590
f 2667/6364/1591 2668/6363/1591 2666/6362/1591 2665/6361/1591
f 2672/6368/1592 2667/6367/1592 2665/6366/1592 2670/6365/1592
f 2670/6372/1593 2665/6371/1593 2666/6370/1593 2669/6369/1593
f 2671/6376/1594 2668/6375/1594 2667/6374/1594 2672/6373/1594
o cube
v 0.0625 2.11883 1.248991875
v 0.0625 2.11883 1.061491875
v 0.0625 1.74383 1.248991875
v 0.0625 1.74383 1.061491875
v -0.125 2.11883 1.061491875
v -0.125 2.11883 1.248991875
v -0.125 1.74383 1.061491875
v -0.125 1.74383 1.248991875
vt 0.4375 0.8203125
vt 0.42578125 0.8203125
vt 0.42578125 0.796875
vt 0.4375 0.796875
vt 0.4609375 0.8203125
vt 0.44921875 0.8203125
vt 0.44921875 0.796875
vt 0.4609375 0.796875
vt 0.42578125 0.8203125
vt 0.4140625 0.8203125
vt 0.4140625 0.796875
vt 0.42578125 0.796875
vt 0.4375 0.83203125
vt 0.44921875 0.83203125
vt 0.44921875 0.8203125
vt 0.4375 0.8203125
vn 0 0 -1
vn 0 0 1
vn -1 0 0
vn 0 -1 0
usemtl m_78259a52-36d1-b55a-1736-85a769a7346c
f 2676/6380/1595 2679/6379/1595 2677/6378/1595 2674/6377/1595
f 2680/6384/1596 2675/6383/1596 2673/6382/1596 2678/6381/1596
f 2679/6388/1597 2680/6387/1597 2678/6386/1597 2677/6385/1597
f 2679/6392/1598 2676/6391/1598 2675/6390/1598 2680/6389/1598
o cube
v 0.0625 1.99383 1.436491875
v 0.0625 1.99383 1.186491875
v 0.0625 1.61883 1.436491875
v 0.0625 1.61883 1.186491875
v -0.125 1.99383 1.186491875
v -0.125 1.99383 1.436491875
v -0.125 1.61883 1.186491875
v -0.125 1.61883 1.436491875
vt 0.33203125 0.63671875
vt 0.3203125 0.63671875
vt 0.3203125 0.61328125
vt 0.33203125 0.61328125
vt 0.359375 0.63671875
vt 0.34765625 0.63671875
vt 0.34765625 0.61328125
vt 0.359375 0.61328125
vt 0.3203125 0.63671875
vt 0.3046875 0.63671875
vt 0.3046875 0.61328125
vt 0.3203125 0.61328125
vt 0.3203125 0.63671875
vt 0.33203125 0.63671875
vt 0.33203125 0.65234375
vt 0.3203125 0.65234375
vt 0.33203125 0.65234375
vt 0.34375 0.65234375
vt 0.34375 0.63671875
vt 0.33203125 0.63671875
vn 0 0 -1
vn 0 0 1
vn -1 0 0
vn 0 1 0
vn 0 -1 0
usemtl m_78259a52-36d1-b55a-1736-85a769a7346c
f 2684/6396/1599 2687/6395/1599 2685/6394/1599 2682/6393/1599
f 2688/6400/1600 2683/6399/1600 2681/6398/1600 2686/6397/1600
f 2687/6404/1601 2688/6403/1601 2686/6402/1601 2685/6401/1601
f 2686/6408/1602 2681/6407/1602 2682/6406/1602 2685/6405/1602
f 2687/6412/1603 2684/6411/1603 2683/6410/1603 2688/6409/1603
o cube
v 0.1875 1.86883 1.561491875
v 0.1875 1.86883 1.436491875
v 0.1875 1.43133 1.561491875
v 0.1875 1.43133 1.436491875
v -0.0625 1.86883 1.436491875
v -0.0625 1.86883 1.561491875
v -0.0625 1.43133 1.436491875
v -0.0625 1.43133 1.561491875
vt 0.3828125 0.6015625
vt 0.3671875 0.6015625
vt 0.3671875 0.57421875
vt 0.3828125 0.57421875
vt 0.390625 0.6015625
vt 0.3828125 0.6015625
vt 0.3828125 0.57421875
vt 0.390625 0.57421875
vt 0.40625 0.6015625
vt 0.390625 0.6015625
vt 0.390625 0.57421875
vt 0.40625 0.57421875
vt 0.3671875 0.6015625
vt 0.3828125 0.6015625
vt 0.3828125 0.609375
vt 0.3671875 0.609375
vt 0.3828125 0.609375
vt 0.3984375 0.609375
vt 0.3984375 0.6015625
vt 0.3828125 0.6015625
vn 0 0 -1
vn 1 0 0
vn 0 0 1
vn 0 1 0
vn 0 -1 0
usemtl m_78259a52-36d1-b55a-1736-85a769a7346c
f 2692/6416/1604 2695/6415/1604 2693/6414/1604 2690/6413/1604
f 2691/6420/1605 2692/6419/1605 2690/6418/1605 2689/6417/1605
f 2696/6424/1606 2691/6423/1606 2689/6422/1606 2694/6421/1606
f 2694/6428/1607 2689/6427/1607 2690/6426/1607 2693/6425/1607
f 2695/6432/1608 2692/6431/1608 2691/6430/1608 2696/6429/1608
o cube
v 0.125 1.68133 1.686491875
v 0.125 1.68133 1.561491875
v 0.125 1.24383 1.686491875
v 0.125 1.24383 1.561491875
v -0.0625 1.68133 1.561491875
v -0.0625 1.68133 1.686491875
v -0.0625 1.24383 1.561491875
v -0.0625 1.24383 1.686491875
vt 0.4609375 0.6015625
vt 0.47265625 0.6015625
vt 0.47265625 0.57421875
vt 0.4609375 0.57421875
vt 0.453125 0.6015625
vt 0.4609375 0.6015625
vt 0.4609375 0.57421875
vt 0.453125 0.57421875
vt 0.48046875 0.6015625
vt 0.4921875 0.6015625
vt 0.4921875 0.57421875
vt 0.48046875 0.57421875
vt 0.47265625 0.6015625
vt 0.4609375 0.6015625
vt 0.4609375 0.609375
vt 0.47265625 0.609375
vt 0.484375 0.609375
vt 0.47265625 0.609375
vt 0.47265625 0.6015625
vt 0.484375 0.6015625
vn 0 0 -1
vn 1 0 0
vn 0 0 1
vn 0 1 0
vn 0 -1 0
usemtl m_78259a52-36d1-b55a-1736-85a769a7346c
f 2700/6436/1609 2703/6435/1609 2701/6434/1609 2698/6433/1609
f 2699/6440/1610 2700/6439/1610 2698/6438/1610 2697/6437/1610
f 2704/6444/1611 2699/6443/1611 2697/6442/1611 2702/6441/1611
f 2702/6448/1612 2697/6447/1612 2698/6446/1612 2701/6445/1612
f 2703/6452/1613 2700/6451/1613 2699/6450/1613 2704/6449/1613
o cube
v 0.0625 1.55633 1.748991875
v 0.0625 1.55633 1.623991875
v 0.0625 1.11883 1.748991875
v 0.0625 1.11883 1.623991875
v -0.0625 1.55633 1.623991875
v -0.0625 1.55633 1.748991875
v -0.0625 1.11883 1.623991875
v -0.0625 1.11883 1.748991875
vt 0.4921875 0.80078125
vt 0.5 0.80078125
vt 0.5 0.7734375
vt 0.4921875 0.7734375
vt 0.484375 0.80078125
vt 0.4921875 0.80078125
vt 0.4921875 0.7734375
vt 0.484375 0.7734375
vt 0.5078125 0.80078125
vt 0.515625 0.80078125
vt 0.515625 0.7734375
vt 0.5078125 0.7734375
vt 0.5 0.80078125
vt 0.5078125 0.80078125
vt 0.5078125 0.7734375
vt 0.5 0.7734375
vt 0.5 0.80078125
vt 0.4921875 0.80078125
vt 0.4921875 0.80859375
vt 0.5 0.80859375
vt 0.5078125 0.80859375
vt 0.5 0.80859375
vt 0.5 0.80078125
vt 0.5078125 0.80078125
vn 0 0 -1
vn 1 0 0
vn 0 0 1
vn -1 0 0
vn 0 1 0
vn 0 -1 0
usemtl m_78259a52-36d1-b55a-1736-85a769a7346c
f 2708/6456/1614 2711/6455/1614 2709/6454/1614 2706/6453/1614
f 2707/6460/1615 2708/6459/1615 2706/6458/1615 2705/6457/1615
f 2712/6464/1616 2707/6463/1616 2705/6462/1616 2710/6461/1616
f 2711/6468/1617 2712/6467/1617 2710/6466/1617 2709/6465/1617
f 2710/6472/1618 2705/6471/1618 2706/6470/1618 2709/6469/1618
f 2711/6476/1619 2708/6475/1619 2707/6474/1619 2712/6473/1619
o cube
v 0.0625 1.68133 1.686491875
v 0.0625 1.68133 1.561491875
v 0.0625 1.24383 1.686491875
v 0.0625 1.24383 1.561491875
v -0.125 1.68133 1.561491875
v -0.125 1.68133 1.686491875
v -0.125 1.24383 1.561491875
v -0.125 1.24383 1.686491875
vt 0.47265625 0.6015625
vt 0.4609375 0.6015625
vt 0.4609375 0.57421875
vt 0.47265625 0.57421875
vt 0.4921875 0.6015625
vt 0.48046875 0.6015625
vt 0.48046875 0.57421875
vt 0.4921875 0.57421875
vt 0.4609375 0.6015625
vt 0.453125 0.6015625
vt 0.453125 0.57421875
vt 0.4609375 0.57421875
vt 0.4609375 0.6015625
vt 0.47265625 0.6015625
vt 0.47265625 0.609375
vt 0.4609375 0.609375
vt 0.47265625 0.609375
vt 0.484375 0.609375
vt 0.484375 0.6015625
vt 0.47265625 0.6015625
vn 0 0 -1
vn 0 0 1
vn -1 0 0
vn 0 1 0
vn 0 -1 0
usemtl m_78259a52-36d1-b55a-1736-85a769a7346c
f 2716/6480/1620 2719/6479/1620 2717/6478/1620 2714/6477/1620
f 2720/6484/1621 2715/6483/1621 2713/6482/1621 2718/6481/1621
f 2719/6488/1622 2720/6487/1622 2718/6486/1622 2717/6485/1622
f 2718/6492/1623 2713/6491/1623 2714/6490/1623 2717/6489/1623
f 2719/6496/1624 2716/6495/1624 2715/6494/1624 2720/6493/1624
o cube
v 0.328697826831151 1.5102699449299606 1.635854375
v 0.328697826831151 1.5102699449299606 1.198354375
v 0.18519153969424235 1.1638151202382283 1.635854375
v 0.18519153969424235 1.1638151202382283 1.198354375
v 0.27095535604919563 1.5341876594527788 1.198354375
v 0.27095535604919563 1.5341876594527788 1.635854375
v 0.12744906891228694 1.1877328347610463 1.198354375
v 0.12744906891228694 1.1877328347610463 1.635854375
vt 0.03125 0.6796875
vt 0.02734375 0.6796875
vt 0.02734375 0.65625
vt 0.03125 0.65625
vt 0.05859375 0.6796875
vt 0.03125 0.6796875
vt 0.03125 0.65625
vt 0.05859375 0.65625
vt 0.02734375 0.6796875
vt 0 0.6796875
vt 0 0.65625
vt 0.02734375 0.65625
vt 0.02734375 0.6796875
vt 0.03125 0.6796875
vt 0.03125 0.70703125
vt 0.02734375 0.70703125
vt 0.03125 0.70703125
vt 0.03515625 0.70703125
vt 0.03515625 0.6796875
vt 0.03125 0.6796875
vn 0 0 -1
vn 0.9238795325112867 -0.3826834323650897 0
vn -0.9238795325112867 0.3826834323650897 0
vn 0.3826834323650897 0.9238795325112867 0
vn -0.3826834323650897 -0.9238795325112867 0
usemtl m_78259a52-36d1-b55a-1736-85a769a7346c
f 2724/6500/1625 2727/6499/1625 2725/6498/1625 2722/6497/1625
f 2723/6504/1626 2724/6503/1626 2722/6502/1626 2721/6501/1626
f 2727/6508/1627 2728/6507/1627 2726/6506/1627 2725/6505/1627
f 2726/6512/1628 2721/6511/1628 2722/6510/1628 2725/6509/1628
f 2727/6516/1629 2724/6515/1629 2723/6514/1629 2728/6513/1629
o cube
v 0.7669722222838465 1.686200917866026 1.637479375
v 0.7669722222838465 1.686200917866026 1.574979375
v 0.5995482206241198 1.2820036223923381 1.637479375
v 0.5995482206241198 1.2820036223923381 1.574979375
v 0.30503245602820317 1.8775426340485708 1.574979375
v 0.30503245602820317 1.8775426340485708 1.637479375
v 0.1376084543684764 1.473345338574883 1.574979375
v 0.1376084543684764 1.473345338574883 1.637479375
vt 0.37109375 0.99609375
vt 0.33984375 0.99609375
vt 0.33984375 0.96875
vt 0.37109375 0.96875
vt 0.375 0.99609375
vt 0.37109375 0.99609375
vt 0.37109375 0.96875
vt 0.375 0.96875
vt 0.40625 0.99609375
vt 0.375 0.99609375
vt 0.375 0.96875
vt 0.40625 0.96875
vt 0.33984375 0.99609375
vt 0.3359375 0.99609375
vt 0.3359375 0.96875
vt 0.33984375 0.96875
vt 0.33984375 0.99609375
vt 0.37109375 0.99609375
vt 0.37109375 1
vt 0.33984375 1
vt 0.37109375 1
vt 0.40234375 1
vt 0.40234375 0.99609375
vt 0.37109375 0.99609375
vn 0 0 -1
vn 0.9238795325112867 -0.3826834323650897 0
vn 0 0 1
vn -0.9238795325112867 0.3826834323650897 0
vn 0.3826834323650897 0.9238795325112867 0
vn -0.3826834323650897 -0.9238795325112867 0
usemtl m_78259a52-36d1-b55a-1736-85a769a7346c
f 2732/6520/1630 2735/6519/1630 2733/6518/1630 2730/6517/1630
f 2731/6524/1631 2732/6523/1631 2730/6522/1631 2729/6521/1631
f 2736/6528/1632 2731/6527/1632 2729/6526/1632 2734/6525/1632
f 2735/6532/1633 2736/6531/1633 2734/6530/1633 2733/6529/1633
f 2734/6536/1634 2729/6535/1634 2730/6534/1634 2733/6533/1634
f 2735/6540/1635 2732/6539/1635 2731/6538/1635 2736/6537/1635
o cube
v 0.9395244798946663 1.7338839309049667 1.6028025
v 0.9395244798946663 1.7338839309049667 1.2903025
v 0.8199359072805757 1.4451715769951896 1.6028025
v 0.8199359072805757 1.4451715769951896 1.2903025
v 0.8817820091127108 1.757801645427785 1.2903025
v 0.8817820091127108 1.757801645427785 1.6028025
v 0.7621934364986203 1.4690892915180078 1.2903025
v 0.7621934364986203 1.4690892915180078 1.6028025
vt 0.0859375 0.6015625
vt 0.08203125 0.6015625
vt 0.08203125 0.58203125
vt 0.0859375 0.58203125
vt 0.10546875 0.6015625
vt 0.0859375 0.6015625
vt 0.0859375 0.58203125
vt 0.10546875 0.58203125
vt 0.109375 0.6015625
vt 0.10546875 0.6015625
vt 0.10546875 0.58203125
vt 0.109375 0.58203125
vt 0.08203125 0.6015625
vt 0.0625 0.6015625
vt 0.0625 0.58203125
vt 0.08203125 0.58203125
vt 0.08203125 0.6015625
vt 0.0859375 0.6015625
vt 0.0859375 0.62109375
vt 0.08203125 0.62109375
vt 0.0859375 0.62109375
vt 0.08984375 0.62109375
vt 0.08984375 0.6015625
vt 0.0859375 0.6015625
vn 0 0 -1
vn 0.9238795325112867 -0.3826834323650897 0
vn 0 0 1
vn -0.9238795325112867 0.3826834323650897 0
vn 0.3826834323650897 0.9238795325112867 0
vn -0.3826834323650897 -0.9238795325112867 0
usemtl m_78259a52-36d1-b55a-1736-85a769a7346c
f 2740/6544/1636 2743/6543/1636 2741/6542/1636 2738/6541/1636
f 2739/6548/1637 2740/6547/1637 2738/6546/1637 2737/6545/1637
f 2744/6552/1638 2739/6551/1638 2737/6550/1638 2742/6549/1638
f 2743/6556/1639 2744/6555/1639 2742/6554/1639 2741/6553/1639
f 2742/6560/1640 2737/6559/1640 2738/6558/1640 2741/6557/1640
f 2743/6564/1641 2740/6563/1641 2739/6562/1641 2744/6561/1641
o cube
v 0.3047801123083329 1.4525274741480052 1.635854375
v 0.3047801123083329 1.4525274741480052 1.573354375
v 0.16127382517142425 1.1060726494562727 1.635854375
v 0.16127382517142425 1.1060726494562727 1.573354375
v 0.13155269996246666 1.5242806177164596 1.573354375
v 0.13155269996246666 1.5242806177164596 1.635854375
v -0.011953587174442004 1.1778257930247271 1.573354375
v -0.011953587174442004 1.1778257930247271 1.635854375
vt 0.51953125 0.80859375
vt 0.53125 0.80859375
vt 0.53125 0.78515625
vt 0.51953125 0.78515625
vt 0.515625 0.80859375
vt 0.51953125 0.80859375
vt 0.51953125 0.78515625
vt 0.515625 0.78515625
vt 0.53515625 0.80859375
vt 0.546875 0.80859375
vt 0.546875 0.78515625
vt 0.53515625 0.78515625
vt 0.53125 0.80859375
vt 0.53515625 0.80859375
vt 0.53515625 0.78515625
vt 0.53125 0.78515625
vt 0.53125 0.80859375
vt 0.51953125 0.80859375
vt 0.51953125 0.8125
vt 0.53125 0.8125
vt 0.54296875 0.8125
vt 0.53125 0.8125
vt 0.53125 0.80859375
vt 0.54296875 0.80859375
vn 0 0 -1
vn 0.9238795325112867 -0.3826834323650897 0
vn 0 0 1
vn -0.9238795325112867 0.3826834323650897 0
vn 0.3826834323650897 0.9238795325112867 0
vn -0.3826834323650897 -0.9238795325112867 0
usemtl m_78259a52-36d1-b55a-1736-85a769a7346c
f 2748/6568/1642 2751/6567/1642 2749/6566/1642 2746/6565/1642
f 2747/6572/1643 2748/6571/1643 2746/6570/1643 2745/6569/1643
f 2752/6576/1644 2747/6575/1644 2745/6574/1644 2750/6573/1644
f 2751/6580/1645 2752/6579/1645 2750/6578/1645 2749/6577/1645
f 2750/6584/1646 2745/6583/1646 2746/6582/1646 2749/6581/1646
f 2751/6588/1647 2748/6587/1647 2747/6586/1647 2752/6585/1647
o cube
v 0.5874074193955019 1.4546159088149528 1.627591875
v 0.5874074193955019 1.4546159088149528 1.565091875
v 0.4917365613042295 1.223646025687131 1.627591875
v 0.4917365613042295 1.223646025687131 1.565091875
v 0.18321012392181404 1.6220399104746797 1.565091875
v 0.18321012392181404 1.6220399104746797 1.627591875
v 0.08753926583054161 1.391070027346858 1.565091875
v 0.08753926583054161 1.391070027346858 1.627591875
vt 0.453125 0.640625
vt 0.42578125 0.640625
vt 0.42578125 0.625
vt 0.453125 0.625
vt 0.45703125 0.640625
vt 0.453125 0.640625
vt 0.453125 0.625
vt 0.45703125 0.625
vt 0.484375 0.640625
vt 0.45703125 0.640625
vt 0.45703125 0.625
vt 0.484375 0.625
vt 0.42578125 0.640625
vt 0.421875 0.640625
vt 0.421875 0.625
vt 0.42578125 0.625
vt 0.42578125 0.640625
vt 0.453125 0.640625
vt 0.453125 0.64453125
vt 0.42578125 0.64453125
vt 0.453125 0.64453125
vt 0.48046875 0.64453125
vt 0.48046875 0.640625
vt 0.453125 0.640625
vn 0 0 -1
vn 0.9238795325112867 -0.3826834323650897 0
vn 0 0 1
vn -0.9238795325112867 0.3826834323650897 0
vn 0.3826834323650897 0.9238795325112867 0
vn -0.3826834323650897 -0.9238795325112867 0
usemtl m_78259a52-36d1-b55a-1736-85a769a7346c
f 2756/6592/1648 2759/6591/1648 2757/6590/1648 2754/6589/1648
f 2755/6596/1649 2756/6595/1649 2754/6594/1649 2753/6593/1649
f 2760/6600/1650 2755/6599/1650 2753/6598/1650 2758/6597/1650
f 2759/6604/1651 2760/6603/1651 2758/6602/1651 2757/6601/1651
f 2758/6608/1652 2753/6607/1652 2754/6606/1652 2757/6605/1652
f 2759/6612/1653 2756/6611/1653 2755/6610/1653 2760/6609/1653
o cube
v 0.6591605629639563 1.627843321160819 1.190091875
v 0.6591605629639563 1.627843321160819 1.127591875
v 0.4678188467814114 1.1659035549051757 1.190091875
v 0.4678188467814114 1.1659035549051757 1.127591875
v 0.3704482090541792 1.7474318937749096 1.127591875
v 0.3704482090541792 1.7474318937749096 1.190091875
v 0.17910649287163433 1.2854921275192663 1.127591875
v 0.17910649287163433 1.2854921275192663 1.190091875
vt 0.30078125 0.5703125
vt 0.3203125 0.5703125
vt 0.3203125 0.5390625
vt 0.30078125 0.5390625
vt 0.296875 0.5703125
vt 0.30078125 0.5703125
vt 0.30078125 0.5390625
vt 0.296875 0.5390625
vt 0.32421875 0.5703125
vt 0.34375 0.5703125
vt 0.34375 0.5390625
vt 0.32421875 0.5390625
vt 0.3203125 0.5703125
vt 0.32421875 0.5703125
vt 0.32421875 0.5390625
vt 0.3203125 0.5390625
vt 0.3203125 0.5703125
vt 0.30078125 0.5703125
vt 0.30078125 0.57421875
vt 0.3203125 0.57421875
vt 0.33984375 0.57421875
vt 0.3203125 0.57421875
vt 0.3203125 0.5703125
vt 0.33984375 0.5703125
vn 0 0 -1
vn 0.9238795325112867 -0.3826834323650897 0
vn 0 0 1
vn -0.9238795325112867 0.3826834323650897 0
vn 0.3826834323650897 0.9238795325112867 0
vn -0.3826834323650897 -0.9238795325112867 0
usemtl m_78259a52-36d1-b55a-1736-85a769a7346c
f 2764/6616/1654 2767/6615/1654 2765/6614/1654 2762/6613/1654
f 2763/6620/1655 2764/6619/1655 2762/6618/1655 2761/6617/1655
f 2768/6624/1656 2763/6623/1656 2761/6622/1656 2766/6621/1656
f 2767/6628/1657 2768/6627/1657 2766/6626/1657 2765/6625/1657
f 2766/6632/1658 2761/6631/1658 2762/6630/1658 2765/6629/1658
f 2767/6636/1659 2764/6635/1659 2763/6634/1659 2768/6633/1659
o cube
v 0.9056997236355289 1.8155441162097405 1.6028025
v 0.9056997236355289 1.8155441162097405 1.5403025
v 0.7621934364986203 1.469089291518008 1.6028025
v 0.7621934364986203 1.469089291518008 1.5403025
v 0.4437599573798855 2.0068858323922854 1.5403025
v 0.4437599573798855 2.0068858323922854 1.6028025
v 0.3002536702429769 1.6604310077005529 1.5403025
v 0.3002536702429769 1.6604310077005529 1.6028025
vt 0.37890625 0.97265625
vt 0.34765625 0.97265625
vt 0.34765625 0.94921875
vt 0.37890625 0.94921875
vt 0.3828125 0.97265625
vt 0.37890625 0.97265625
vt 0.37890625 0.94921875
vt 0.3828125 0.94921875
vt 0.4140625 0.97265625
vt 0.3828125 0.97265625
vt 0.3828125 0.94921875
vt 0.4140625 0.94921875
vt 0.34765625 0.97265625
vt 0.34375 0.97265625
vt 0.34375 0.94921875
vt 0.34765625 0.94921875
vt 0.34765625 0.97265625
vt 0.37890625 0.97265625
vt 0.37890625 0.9765625
vt 0.34765625 0.9765625
vt 0.37890625 0.9765625
vt 0.41015625 0.9765625
vt 0.41015625 0.97265625
vt 0.37890625 0.97265625
vn 0 0 -1
vn 0.9238795325112867 -0.3826834323650897 0
vn 0 0 1
vn -0.9238795325112867 0.3826834323650897 0
vn 0.3826834323650897 0.9238795325112867 0
vn -0.3826834323650897 -0.9238795325112867 0
usemtl m_78259a52-36d1-b55a-1736-85a769a7346c
f 2772/6640/1660 2775/6639/1660 2773/6638/1660 2770/6637/1660
f 2771/6644/1661 2772/6643/1661 2770/6642/1661 2769/6641/1661
f 2776/6648/1662 2771/6647/1662 2769/6646/1662 2774/6645/1662
f 2775/6652/1663 2776/6651/1663 2774/6650/1663 2773/6649/1663
f 2774/6656/1664 2769/6655/1664 2770/6654/1664 2773/6653/1664
f 2775/6660/1665 2772/6659/1665 2771/6658/1665 2776/6657/1665
o cube
v 0.6113251339183201 1.4498583795969082 1.565091875
v 0.6113251339183201 1.4498583795969082 1.127591875
v 0.4917365613042295 1.161146025687131 1.565091875
v 0.4917365613042295 1.161146025687131 1.127591875
v 0.5535826631363647 1.4737760941197262 1.127591875
v 0.5535826631363647 1.4737760941197262 1.565091875
v 0.4339940905222741 1.1850637402099493 1.127591875
v 0.4339940905222741 1.1850637402099493 1.565091875
vt 0.3359375 0.87890625
vt 0.33203125 0.87890625
vt 0.33203125 0.859375
vt 0.3359375 0.859375
vt 0.36328125 0.87890625
vt 0.3359375 0.87890625
vt 0.3359375 0.859375
vt 0.36328125 0.859375
vt 0.3671875 0.87890625
vt 0.36328125 0.87890625
vt 0.36328125 0.859375
vt 0.3671875 0.859375
vt 0.33203125 0.87890625
vt 0.3046875 0.87890625
vt 0.3046875 0.859375
vt 0.33203125 0.859375
vt 0.33203125 0.87890625
vt 0.3359375 0.87890625
vt 0.3359375 0.90625
vt 0.33203125 0.90625
vt 0.3359375 0.90625
vt 0.33984375 0.90625
vt 0.33984375 0.87890625
vt 0.3359375 0.87890625
vn 0 0 -1
vn 0.9238795325112867 -0.3826834323650897 0
vn 0 0 1
vn -0.9238795325112867 0.3826834323650897 0
vn 0.3826834323650897 0.9238795325112867 0
vn -0.3826834323650897 -0.9238795325112867 0
usemtl m_78259a52-36d1-b55a-1736-85a769a7346c
f 2780/6664/1666 2783/6663/1666 2781/6662/1666 2778/6661/1666
f 2779/6668/1667 2780/6667/1667 2778/6666/1667 2777/6665/1667
f 2784/6672/1668 2779/6671/1668 2777/6670/1668 2782/6669/1668
f 2783/6676/1669 2784/6675/1669 2782/6674/1669 2781/6673/1669
f 2782/6680/1670 2777/6679/1670 2778/6678/1670 2781/6677/1670
f 2783/6684/1671 2780/6683/1671 2779/6682/1671 2784/6681/1671
o cube
v -0.27095535604919563 1.5341876594527788 1.635854375
v -0.27095535604919563 1.5341876594527788 1.198354375
v -0.12744906891228694 1.1877328347610463 1.635854375
v -0.12744906891228694 1.1877328347610463 1.198354375
v -0.328697826831151 1.5102699449299606 1.198354375
v -0.328697826831151 1.5102699449299606 1.635854375
v -0.18519153969424235 1.1638151202382283 1.198354375
v -0.18519153969424235 1.1638151202382283 1.635854375
vt 0.02734375 0.6796875
vt 0.03125 0.6796875
vt 0.03125 0.65625
vt 0.02734375 0.65625
vt 0 0.6796875
vt 0.02734375 0.6796875
vt 0.02734375 0.65625
vt 0 0.65625
vt 0.03125 0.6796875
vt 0.05859375 0.6796875
vt 0.05859375 0.65625
vt 0.03125 0.65625
vt 0.03125 0.6796875
vt 0.02734375 0.6796875
vt 0.02734375 0.70703125
vt 0.03125 0.70703125
vt 0.03515625 0.70703125
vt 0.03125 0.70703125
vt 0.03125 0.6796875
vt 0.03515625 0.6796875
vn 0 0 -1
vn 0.9238795325112867 0.3826834323650897 0
vn -0.9238795325112867 -0.3826834323650897 0
vn -0.3826834323650897 0.9238795325112867 0
vn 0.3826834323650897 -0.9238795325112867 0
usemtl m_78259a52-36d1-b55a-1736-85a769a7346c
f 2788/6688/1672 2791/6687/1672 2789/6686/1672 2786/6685/1672
f 2787/6692/1673 2788/6691/1673 2786/6690/1673 2785/6689/1673
f 2791/6696/1674 2792/6695/1674 2790/6694/1674 2789/6693/1674
f 2790/6700/1675 2785/6699/1675 2786/6698/1675 2789/6697/1675
f 2791/6704/1676 2788/6703/1676 2787/6702/1676 2792/6701/1676
o cube
v -0.30503245602820317 1.8775426340485708 1.637479375
v -0.30503245602820317 1.8775426340485708 1.574979375
v -0.1376084543684764 1.473345338574883 1.637479375
v -0.1376084543684764 1.473345338574883 1.574979375
v -0.7669722222838465 1.686200917866026 1.574979375
v -0.7669722222838465 1.686200917866026 1.637479375
v -0.5995482206241198 1.2820036223923381 1.574979375
v -0.5995482206241198 1.2820036223923381 1.637479375
vt 0.33984375 0.99609375
vt 0.37109375 0.99609375
vt 0.37109375 0.96875
vt 0.33984375 0.96875
vt 0.3359375 0.99609375
vt 0.33984375 0.99609375
vt 0.33984375 0.96875
vt 0.3359375 0.96875
vt 0.375 0.99609375
vt 0.40625 0.99609375
vt 0.40625 0.96875
vt 0.375 0.96875
vt 0.37109375 0.99609375
vt 0.375 0.99609375
vt 0.375 0.96875
vt 0.37109375 0.96875
vt 0.37109375 0.99609375
vt 0.33984375 0.99609375
vt 0.33984375 1
vt 0.37109375 1
vt 0.40234375 1
vt 0.37109375 1
vt 0.37109375 0.99609375
vt 0.40234375 0.99609375
vn 0 0 -1
vn 0.9238795325112867 0.3826834323650897 0
vn 0 0 1
vn -0.9238795325112867 -0.3826834323650897 0
vn -0.3826834323650897 0.9238795325112867 0
vn 0.3826834323650897 -0.9238795325112867 0
usemtl m_78259a52-36d1-b55a-1736-85a769a7346c
f 2796/6708/1677 2799/6707/1677 2797/6706/1677 2794/6705/1677
f 2795/6712/1678 2796/6711/1678 2794/6710/1678 2793/6709/1678
f 2800/6716/1679 2795/6715/1679 2793/6714/1679 2798/6713/1679
f 2799/6720/1680 2800/6719/1680 2798/6718/1680 2797/6717/1680
f 2798/6724/1681 2793/6723/1681 2794/6722/1681 2797/6721/1681
f 2799/6728/1682 2796/6727/1682 2795/6726/1682 2800/6725/1682
o cube
v -0.8817820091127108 1.757801645427785 1.6028025
v -0.8817820091127108 1.757801645427785 1.2903025
v -0.7621934364986203 1.4690892915180078 1.6028025
v -0.7621934364986203 1.4690892915180078 1.2903025
v -0.9395244798946663 1.7338839309049667 1.2903025
v -0.9395244798946663 1.7338839309049667 1.6028025
v -0.8199359072805757 1.4451715769951896 1.2903025
v -0.8199359072805757 1.4451715769951896 1.6028025
vt 0.08203125 0.6015625
vt 0.0859375 0.6015625
vt 0.0859375 0.58203125
vt 0.08203125 0.58203125
vt 0.0625 0.6015625
vt 0.08203125 0.6015625
vt 0.08203125 0.58203125
vt 0.0625 0.58203125
vt 0.10546875 0.6015625
vt 0.109375 0.6015625
vt 0.109375 0.58203125
vt 0.10546875 0.58203125
vt 0.0859375 0.6015625
vt 0.10546875 0.6015625
vt 0.10546875 0.58203125
vt 0.0859375 0.58203125
vt 0.0859375 0.6015625
vt 0.08203125 0.6015625
vt 0.08203125 0.62109375
vt 0.0859375 0.62109375
vt 0.08984375 0.62109375
vt 0.0859375 0.62109375
vt 0.0859375 0.6015625
vt 0.08984375 0.6015625
vn 0 0 -1
vn 0.9238795325112867 0.3826834323650897 0
vn 0 0 1
vn -0.9238795325112867 -0.3826834323650897 0
vn -0.3826834323650897 0.9238795325112867 0
vn 0.3826834323650897 -0.9238795325112867 0
usemtl m_78259a52-36d1-b55a-1736-85a769a7346c
f 2804/6732/1683 2807/6731/1683 2805/6730/1683 2802/6729/1683
f 2803/6736/1684 2804/6735/1684 2802/6734/1684 2801/6733/1684
f 2808/6740/1685 2803/6739/1685 2801/6738/1685 2806/6737/1685
f 2807/6744/1686 2808/6743/1686 2806/6742/1686 2805/6741/1686
f 2806/6748/1687 2801/6747/1687 2802/6746/1687 2805/6745/1687
f 2807/6752/1688 2804/6751/1688 2803/6750/1688 2808/6749/1688
o cube
v -0.13155269996246666 1.5242806177164596 1.635854375
v -0.13155269996246666 1.5242806177164596 1.573354375
v 0.011953587174442004 1.1778257930247271 1.635854375
v 0.011953587174442004 1.1778257930247271 1.573354375
v -0.3047801123083329 1.4525274741480052 1.573354375
v -0.3047801123083329 1.4525274741480052 1.635854375
v -0.16127382517142425 1.1060726494562727 1.573354375
v -0.16127382517142425 1.1060726494562727 1.635854375
vt 0.53125 0.80859375
vt 0.51953125 0.80859375
vt 0.51953125 0.78515625
vt 0.53125 0.78515625
vt 0.53515625 0.80859375
vt 0.53125 0.80859375
vt 0.53125 0.78515625
vt 0.53515625 0.78515625
vt 0.546875 0.80859375
vt 0.53515625 0.80859375
vt 0.53515625 0.78515625
vt 0.546875 0.78515625
vt 0.51953125 0.80859375
vt 0.515625 0.80859375
vt 0.515625 0.78515625
vt 0.51953125 0.78515625
vt 0.51953125 0.80859375
vt 0.53125 0.80859375
vt 0.53125 0.8125
vt 0.51953125 0.8125
vt 0.53125 0.8125
vt 0.54296875 0.8125
vt 0.54296875 0.80859375
vt 0.53125 0.80859375
vn 0 0 -1
vn 0.9238795325112867 0.3826834323650897 0
vn 0 0 1
vn -0.9238795325112867 -0.3826834323650897 0
vn -0.3826834323650897 0.9238795325112867 0
vn 0.3826834323650897 -0.9238795325112867 0
usemtl m_78259a52-36d1-b55a-1736-85a769a7346c
f 2812/6756/1689 2815/6755/1689 2813/6754/1689 2810/6753/1689
f 2811/6760/1690 2812/6759/1690 2810/6758/1690 2809/6757/1690
f 2816/6764/1691 2811/6763/1691 2809/6762/1691 2814/6761/1691
f 2815/6768/1692 2816/6767/1692 2814/6766/1692 2813/6765/1692
f 2814/6772/1693 2809/6771/1693 2810/6770/1693 2813/6769/1693
f 2815/6776/1694 2812/6775/1694 2811/6774/1694 2816/6773/1694
o cube
v -0.18321012392181404 1.6220399104746797 1.627591875
v -0.18321012392181404 1.6220399104746797 1.565091875
v -0.08753926583054161 1.391070027346858 1.627591875
v -0.08753926583054161 1.391070027346858 1.565091875
v -0.5874074193955019 1.4546159088149528 1.565091875
v -0.5874074193955019 1.4546159088149528 1.627591875
v -0.4917365613042295 1.223646025687131 1.565091875
v -0.4917365613042295 1.223646025687131 1.627591875
vt 0.42578125 0.640625
vt 0.453125 0.640625
vt 0.453125 0.625
vt 0.42578125 0.625
vt 0.421875 0.640625
vt 0.42578125 0.640625
vt 0.42578125 0.625
vt 0.421875 0.625
vt 0.45703125 0.640625
vt 0.484375 0.640625
vt 0.484375 0.625
vt 0.45703125 0.625
vt 0.453125 0.640625
vt 0.45703125 0.640625
vt 0.45703125 0.625
vt 0.453125 0.625
vt 0.453125 0.640625
vt 0.42578125 0.640625
vt 0.42578125 0.64453125
vt 0.453125 0.64453125
vt 0.48046875 0.64453125
vt 0.453125 0.64453125
vt 0.453125 0.640625
vt 0.48046875 0.640625
vn 0 0 -1
vn 0.9238795325112867 0.3826834323650897 0
vn 0 0 1
vn -0.9238795325112867 -0.3826834323650897 0
vn -0.3826834323650897 0.9238795325112867 0
vn 0.3826834323650897 -0.9238795325112867 0
usemtl m_78259a52-36d1-b55a-1736-85a769a7346c
f 2820/6780/1695 2823/6779/1695 2821/6778/1695 2818/6777/1695
f 2819/6784/1696 2820/6783/1696 2818/6782/1696 2817/6781/1696
f 2824/6788/1697 2819/6787/1697 2817/6786/1697 2822/6785/1697
f 2823/6792/1698 2824/6791/1698 2822/6790/1698 2821/6789/1698
f 2822/6796/1699 2817/6795/1699 2818/6794/1699 2821/6793/1699
f 2823/6800/1700 2820/6799/1700 2819/6798/1700 2824/6797/1700
o cube
v -0.3704482090541792 1.7474318937749096 1.190091875
v -0.3704482090541792 1.7474318937749096 1.127591875
v -0.17910649287163433 1.2854921275192663 1.190091875
v -0.17910649287163433 1.2854921275192663 1.127591875
v -0.6591605629639563 1.627843321160819 1.127591875
v -0.6591605629639563 1.627843321160819 1.190091875
v -0.4678188467814114 1.1659035549051757 1.127591875
v -0.4678188467814114 1.1659035549051757 1.190091875
vt 0.328125 0.56640625
vt 0.30859375 0.56640625
vt 0.30859375 0.53515625
vt 0.328125 0.53515625
vt 0.33203125 0.56640625
vt 0.328125 0.56640625
vt 0.328125 0.53515625
vt 0.33203125 0.53515625
vt 0.3515625 0.56640625
vt 0.33203125 0.56640625
vt 0.33203125 0.53515625
vt 0.3515625 0.53515625
vt 0.30859375 0.56640625
vt 0.3046875 0.56640625
vt 0.3046875 0.53515625
vt 0.30859375 0.53515625
vt 0.30859375 0.56640625
vt 0.328125 0.56640625
vt 0.328125 0.5703125
vt 0.30859375 0.5703125
vt 0.328125 0.5703125
vt 0.34765625 0.5703125
vt 0.34765625 0.56640625
vt 0.328125 0.56640625
vn 0 0 -1
vn 0.9238795325112867 0.3826834323650897 0
vn 0 0 1
vn -0.9238795325112867 -0.3826834323650897 0
vn -0.3826834323650897 0.9238795325112867 0
vn 0.3826834323650897 -0.9238795325112867 0
usemtl m_78259a52-36d1-b55a-1736-85a769a7346c
f 2828/6804/1701 2831/6803/1701 2829/6802/1701 2826/6801/1701
f 2827/6808/1702 2828/6807/1702 2826/6806/1702 2825/6805/1702
f 2832/6812/1703 2827/6811/1703 2825/6810/1703 2830/6809/1703
f 2831/6816/1704 2832/6815/1704 2830/6814/1704 2829/6813/1704
f 2830/6820/1705 2825/6819/1705 2826/6818/1705 2829/6817/1705
f 2831/6824/1706 2828/6823/1706 2827/6822/1706 2832/6821/1706
o cube
v -0.4437599573798856 2.0068858323922854 1.6028025
v -0.4437599573798856 2.0068858323922854 1.5403025
v -0.300253670242977 1.6604310077005529 1.6028025
v -0.300253670242977 1.6604310077005529 1.5403025
v -0.905699723635529 1.8155441162097405 1.5403025
v -0.905699723635529 1.8155441162097405 1.6028025
v -0.7621934364986204 1.469089291518008 1.5403025
v -0.7621934364986204 1.469089291518008 1.6028025
vt 0.34765625 0.97265625
vt 0.37890625 0.97265625
vt 0.37890625 0.94921875
vt 0.34765625 0.94921875
vt 0.34375 0.97265625
vt 0.34765625 0.97265625
vt 0.34765625 0.94921875
vt 0.34375 0.94921875
vt 0.3828125 0.97265625
vt 0.4140625 0.97265625
vt 0.4140625 0.94921875
vt 0.3828125 0.94921875
vt 0.37890625 0.97265625
vt 0.3828125 0.97265625
vt 0.3828125 0.94921875
vt 0.37890625 0.94921875
vt 0.37890625 0.97265625
vt 0.34765625 0.97265625
vt 0.34765625 0.9765625
vt 0.37890625 0.9765625
vt 0.41015625 0.9765625
vt 0.37890625 0.9765625
vt 0.37890625 0.97265625
vt 0.41015625 0.97265625
vn 0 0 -1
vn 0.9238795325112867 0.3826834323650897 0
vn 0 0 1
vn -0.9238795325112867 -0.3826834323650897 0
vn -0.3826834323650897 0.9238795325112867 0
vn 0.3826834323650897 -0.9238795325112867 0
usemtl m_78259a52-36d1-b55a-1736-85a769a7346c
f 2836/6828/1707 2839/6827/1707 2837/6826/1707 2834/6825/1707
f 2835/6832/1708 2836/6831/1708 2834/6830/1708 2833/6829/1708
f 2840/6836/1709 2835/6835/1709 2833/6834/1709 2838/6833/1709
f 2839/6840/1710 2840/6839/1710 2838/6838/1710 2837/6837/1710
f 2838/6844/1711 2833/6843/1711 2834/6842/1711 2837/6841/1711
f 2839/6848/1712 2836/6847/1712 2835/6846/1712 2840/6845/1712
o cube
v -0.5535826631363647 1.4737760941197262 1.565091875
v -0.5535826631363647 1.4737760941197262 1.127591875
v -0.4339940905222741 1.1850637402099493 1.565091875
v -0.4339940905222741 1.1850637402099493 1.127591875
v -0.6113251339183201 1.4498583795969082 1.127591875
v -0.6113251339183201 1.4498583795969082 1.565091875
v -0.4917365613042295 1.161146025687131 1.127591875
v -0.4917365613042295 1.161146025687131 1.565091875
vt 0.33203125 0.87890625
vt 0.3359375 0.87890625
vt 0.3359375 0.859375
vt 0.33203125 0.859375
vt 0.3046875 0.87890625
vt 0.33203125 0.87890625
vt 0.33203125 0.859375
vt 0.3046875 0.859375
vt 0.36328125 0.87890625
vt 0.3671875 0.87890625
vt 0.3671875 0.859375
vt 0.36328125 0.859375
vt 0.3359375 0.87890625
vt 0.36328125 0.87890625
vt 0.36328125 0.859375
vt 0.3359375 0.859375
vt 0.3359375 0.87890625
vt 0.33203125 0.87890625
vt 0.33203125 0.90625
vt 0.3359375 0.90625
vt 0.33984375 0.90625
vt 0.3359375 0.90625
vt 0.3359375 0.87890625
vt 0.33984375 0.87890625
vn 0 0 -1
vn 0.9238795325112867 0.3826834323650897 0
vn 0 0 1
vn -0.9238795325112867 -0.3826834323650897 0
vn -0.3826834323650897 0.9238795325112867 0
vn 0.3826834323650897 -0.9238795325112867 0
usemtl m_78259a52-36d1-b55a-1736-85a769a7346c
f 2844/6852/1713 2847/6851/1713 2845/6850/1713 2842/6849/1713
f 2843/6856/1714 2844/6855/1714 2842/6854/1714 2841/6853/1714
f 2848/6860/1715 2843/6859/1715 2841/6858/1715 2846/6857/1715
f 2847/6864/1716 2848/6863/1716 2846/6862/1716 2845/6861/1716
f 2846/6868/1717 2841/6867/1717 2842/6866/1717 2845/6865/1717
f 2847/6872/1718 2844/6871/1718 2843/6870/1718 2848/6869/1718
o cube
v 0.5 0.5 -0.6500000000000004
v 0.5 0.5 -1.6500000000000004
v 0.5 0 -0.6500000000000004
v 0.5 0 -1.6500000000000004
v -0.5 0.5 -1.6500000000000004
v -0.5 0.5 -0.6500000000000004
v -0.5 0 -1.6500000000000004
v -0.5 0 -0.6500000000000004
vt 0.6875 0.9375
vt 0.75 0.9375
vt 0.75 1
vt 0.6875 1
vt 0.75 1
vt 0.8125 1
vt 0.8125 0.9375
vt 0.75 0.9375
vn 0 1 0
vn 0 -1 0
usemtl m_78259a52-36d1-b55a-1736-85a769a7346c
f 2854/6876/1719 2849/6875/1719 2850/6874/1719 2853/6873/1719
f 2855/6880/1720 2852/6879/1720 2851/6878/1720 2856/6877/1720
o cube
v 0.5 0.5 0.3500000000000001
v 0.5 0.5 -0.6499999999999999
v 0.5 0 0.3500000000000001
v 0.5 0 -0.6499999999999999
v -0.5 0.5 -0.6499999999999999
v -0.5 0.5 0.3500000000000001
v -0.5 0 -0.6499999999999999
v -0.5 0 0.3500000000000001
vt 0.8125 0.9375
vt 0.75 0.9375
vt 0.75 0.90625
vt 0.8125 0.90625
vt 0.6875 0.9375
vt 0.625 0.9375
vt 0.625 0.90625
vt 0.6875 0.90625
vt 0.6875 0.9375
vt 0.75 0.9375
vt 0.75 1
vt 0.6875 1
vt 0.75 1
vt 0.8125 1
vt 0.8125 0.9375
vt 0.75 0.9375
vn 1 0 0
vn -1 0 0
vn 0 1 0
vn 0 -1 0
usemtl m_78259a52-36d1-b55a-1736-85a769a7346c
f 2859/6884/1721 2860/6883/1721 2858/6882/1721 2857/6881/1721
f 2863/6888/1722 2864/6887/1722 2862/6886/1722 2861/6885/1722
f 2862/6892/1723 2857/6891/1723 2858/6890/1723 2861/6889/1723
f 2863/6896/1724 2860/6895/1724 2859/6894/1724 2864/6893/1724
o cube
v 0.5 0.5 -1.6500000000000004
v 0.5 0.5 -2.6500000000000004
v 0.5 0 -1.6500000000000004
v 0.5 0 -2.6500000000000004
v -0.5 0.5 -2.6500000000000004
v -0.5 0.5 -1.6500000000000004
v -0.5 0 -2.6500000000000004
v -0.5 0 -1.6500000000000004
vt 0.6875 0.9375
vt 0.75 0.9375
vt 0.75 1
vt 0.6875 1
vt 0.75 1
vt 0.8125 1
vt 0.8125 0.9375
vt 0.75 0.9375
vn 0 1 0
vn 0 -1 0
usemtl m_78259a52-36d1-b55a-1736-85a769a7346c
f 2870/6900/1725 2865/6899/1725 2866/6898/1725 2869/6897/1725
f 2871/6904/1726 2868/6903/1726 2867/6902/1726 2872/6901/1726
o cube
v 0.5 0.5 1.35
v 0.5 0.5 0.3500000000000001
v 0.5 0 1.35
v 0.5 0 0.3500000000000001
v -0.5 0.5 0.3500000000000001
v -0.5 0.5 1.35
v -0.5 0 0.3500000000000001
v -0.5 0 1.35
vt 0.6875 0.9375
vt 0.75 0.9375
vt 0.75 1
vt 0.6875 1
vt 0.75 1
vt 0.8125 1
vt 0.8125 0.9375
vt 0.75 0.9375
vn 0 1 0
vn 0 -1 0
usemtl m_78259a52-36d1-b55a-1736-85a769a7346c
f 2878/6908/1727 2873/6907/1727 2874/6906/1727 2877/6905/1727
f 2879/6912/1728 2876/6911/1728 2875/6910/1728 2880/6909/1728
o cube
v 0.5 0.5 2.35
v 0.5 0.5 1.35
v 0.5 0 2.35
v 0.5 0 1.35
v -0.5 0.5 1.35
v -0.5 0.5 2.35
v -0.5 0 1.35
v -0.5 0 2.35
vt 0.8125 0.9375
vt 0.75 0.9375
vt 0.75 0.90625
vt 0.8125 0.90625
vt 0.6875 0.9375
vt 0.625 0.9375
vt 0.625 0.90625
vt 0.6875 0.90625
vt 0.6875 0.9375
vt 0.75 0.9375
vt 0.75 1
vt 0.6875 1
vt 0.75 1
vt 0.8125 1
vt 0.8125 0.9375
vt 0.75 0.9375
vn 1 0 0
vn -1 0 0
vn 0 1 0
vn 0 -1 0
usemtl m_78259a52-36d1-b55a-1736-85a769a7346c
f 2883/6916/1729 2884/6915/1729 2882/6914/1729 2881/6913/1729
f 2887/6920/1730 2888/6919/1730 2886/6918/1730 2885/6917/1730
f 2886/6924/1731 2881/6923/1731 2882/6922/1731 2885/6921/1731
f 2887/6928/1732 2884/6927/1732 2883/6926/1732 2888/6925/1732
o cube
v 0.5 0.5 3.35
v 0.5 0.5 2.35
v 0.5 0 3.35
v 0.5 0 2.35
v -0.5 0.5 2.35
v -0.5 0.5 3.35
v -0.5 0 2.35
v -0.5 0 3.35
vt 0.875 0.9375
vt 0.8125 0.9375
vt 0.8125 0.90625
vt 0.875 0.90625
vt 0.75 1
vt 0.8125 1
vt 0.8125 0.9375
vt 0.75 0.9375
vn 0 0 1
vn 0 -1 0
usemtl m_78259a52-36d1-b55a-1736-85a769a7346c
f 2896/6932/1733 2891/6931/1733 2889/6930/1733 2894/6929/1733
f 2895/6936/1734 2892/6935/1734 2891/6934/1734 2896/6933/1734
o cube
v 0.5 1 3.35
v 0.5 1 2.35
v 0.5 0.5 3.35
v 0.5 0.5 2.35
v -0.5 1 2.35
v -0.5 1 3.35
v -0.5 0.5 2.35
v -0.5 0.5 3.35
vt 0.75 0.9375
vt 0.6875 0.9375
vt 0.6875 0.90625
vt 0.75 0.90625
vt 0.875 0.9375
vt 0.8125 0.9375
vt 0.8125 0.90625
vt 0.875 0.90625
vt 0.6875 0.9375
vt 0.75 0.9375
vt 0.75 1
vt 0.6875 1
vn 0 0 -1
vn 0 0 1
vn 0 1 0
usemtl m_78259a52-36d1-b55a-1736-85a769a7346c
f 2900/6940/1735 2903/6939/1735 2901/6938/1735 2898/6937/1735
f 2904/6944/1736 2899/6943/1736 2897/6942/1736 2902/6941/1736
f 2902/6948/1737 2897/6947/1737 2898/6946/1737 2901/6945/1737
o cube
v 1 0.5 -0.6500000000000004
v 1 0.5 -1.6500000000000004
v 1 0 -0.6500000000000004
v 1 0 -1.6500000000000004
v 0.5 0.5 -1.6500000000000004
v 0.5 0.5 -0.6500000000000004
v 0.5 0 -1.6500000000000004
v 0.5 0 -0.6500000000000004
vt 0.625 0.9375
vt 0.6875 0.9375
vt 0.6875 0.90625
vt 0.625 0.90625
vt 0.78125 0.9375
vt 0.8125 0.9375
vt 0.8125 0.90625
vt 0.78125 0.90625
vt 0.75 1
vt 0.71875 1
vt 0.71875 0.9375
vt 0.75 0.9375
vn 1 0 0
vn 0 0 1
vn 0 -1 0
usemtl m_78259a52-36d1-b55a-1736-85a769a7346c
f 2907/6952/1738 2908/6951/1738 2906/6950/1738 2905/6949/1738
f 2912/6956/1739 2907/6955/1739 2905/6954/1739 2910/6953/1739
f 2911/6960/1740 2908/6959/1740 2907/6958/1740 2912/6957/1740
o cube
v 1 1 -0.6500000000000004
v 1 1 -1.6500000000000004
v 1 0.5 -0.6500000000000004
v 1 0.5 -1.6500000000000004
v 0.5 1 -1.6500000000000004
v 0.5 1 -0.6500000000000004
v 0.5 0.5 -1.6500000000000004
v 0.5 0.5 -0.6500000000000004
vt 0.71875 0.9375
vt 0.78125 0.9375
vt 0.78125 0.90625
vt 0.71875 0.90625
vt 0.71875 0.9375
vt 0.6875 0.9375
vt 0.6875 1
vt 0.71875 1
vn -1 0 0
vn 0 1 0
usemtl m_78259a52-36d1-b55a-1736-85a769a7346c
f 2919/6964/1741 2920/6963/1741 2918/6962/1741 2917/6961/1741
f 2918/6968/1742 2913/6967/1742 2914/6966/1742 2917/6965/1742
o cube
v 1.5 1 -0.6500000000000004
v 1.5 1 -1.6500000000000004
v 1.5 0.5 -0.6500000000000004
v 1.5 0.5 -1.6500000000000004
v 1 1 -1.6500000000000004
v 1 1 -0.6500000000000004
v 1 0.5 -1.6500000000000004
v 1 0.5 -0.6500000000000004
vt 0.625 0.9375
vt 0.6875 0.9375
vt 0.6875 0.90625
vt 0.625 0.90625
vt 0.71875 0.9375
vt 0.6875 0.9375
vt 0.6875 1
vt 0.71875 1
vt 0.75 1
vt 0.71875 1
vt 0.71875 0.9375
vt 0.75 0.9375
vn 1 0 0
vn 0 1 0
vn 0 -1 0
usemtl m_78259a52-36d1-b55a-1736-85a769a7346c
f 2923/6972/1743 2924/6971/1743 2922/6970/1743 2921/6969/1743
f 2926/6976/1744 2921/6975/1744 2922/6974/1744 2925/6973/1744
f 2927/6980/1745 2924/6979/1745 2923/6978/1745 2928/6977/1745
o cube
v -2 1 1.35
v -2 1 0.3500000000000001
v -2 0.5 1.35
v -2 0.5 0.3500000000000001
v -2.5 1 0.3500000000000001
v -2.5 1 1.35
v -2.5 0.5 0.3500000000000001
v -2.5 0.5 1.35
vt 0.6875 0.9375
vt 0.71875 0.9375
vt 0.71875 0.90625
vt 0.6875 0.90625
vt 0.78125 0.9375
vt 0.8125 0.9375
vt 0.8125 0.90625
vt 0.78125 0.90625
vt 0.71875 0.9375
vt 0.78125 0.9375
vt 0.78125 0.90625
vt 0.71875 0.90625
vt 0.71875 0.9375
vt 0.6875 0.9375
vt 0.6875 1
vt 0.71875 1
vt 0.75 1
vt 0.71875 1
vt 0.71875 0.9375
vt 0.75 0.9375
vn 0 0 -1
vn 0 0 1
vn -1 0 0
vn 0 1 0
vn 0 -1 0
usemtl m_78259a52-36d1-b55a-1736-85a769a7346c
f 2932/6984/1746 2935/6983/1746 2933/6982/1746 2930/6981/1746
f 2936/6988/1747 2931/6987/1747 2929/6986/1747 2934/6985/1747
f 2935/6992/1748 2936/6991/1748 2934/6990/1748 2933/6989/1748
f 2934/6996/1749 2929/6995/1749 2930/6994/1749 2933/6993/1749
f 2935/7000/1750 2932/6999/1750 2931/6998/1750 2936/6997/1750
o cube
v -1.5 1 1.35
v -1.5 1 0.3500000000000001
v -1.5 0.5 1.35
v -1.5 0.5 0.3500000000000001
v -2 1 0.3500000000000001
v -2 1 1.35
v -2 0.5 0.3500000000000001
v -2 0.5 1.35
vt 0.6875 0.9375
vt 0.71875 0.9375
vt 0.71875 0.90625
vt 0.6875 0.90625
vt 0.625 0.9375
vt 0.6875 0.9375
vt 0.6875 0.90625
vt 0.625 0.90625
vt 0.78125 0.9375
vt 0.8125 0.9375
vt 0.8125 0.90625
vt 0.78125 0.90625
vt 0.71875 0.9375
vt 0.6875 0.9375
vt 0.6875 1
vt 0.71875 1
vn 0 0 -1
vn 1 0 0
vn 0 0 1
vn 0 1 0
usemtl m_78259a52-36d1-b55a-1736-85a769a7346c
f 2940/7004/1751 2943/7003/1751 2941/7002/1751 2938/7001/1751
f 2939/7008/1752 2940/7007/1752 2938/7006/1752 2937/7005/1752
f 2944/7012/1753 2939/7011/1753 2937/7010/1753 2942/7009/1753
f 2942/7016/1754 2937/7015/1754 2938/7014/1754 2941/7013/1754
o cube
v -1.5 0.5 1.35
v -1.5 0.5 0.3500000000000001
v -1.5 0 1.35
v -1.5 0 0.3500000000000001
v -2 0.5 0.3500000000000001
v -2 0.5 1.35
v -2 0 0.3500000000000001
v -2 0 1.35
vt 0.6875 0.9375
vt 0.71875 0.9375
vt 0.71875 0.90625
vt 0.6875 0.90625
vt 0.78125 0.9375
vt 0.8125 0.9375
vt 0.8125 0.90625
vt 0.78125 0.90625
vt 0.71875 0.9375
vt 0.78125 0.9375
vt 0.78125 0.90625
vt 0.71875 0.90625
vt 0.75 1
vt 0.71875 1
vt 0.71875 0.9375
vt 0.75 0.9375
vn 0 0 -1
vn 0 0 1
vn -1 0 0
vn 0 -1 0
usemtl m_78259a52-36d1-b55a-1736-85a769a7346c
f 2948/7020/1755 2951/7019/1755 2949/7018/1755 2946/7017/1755
f 2952/7024/1756 2947/7023/1756 2945/7022/1756 2950/7021/1756
f 2951/7028/1757 2952/7027/1757 2950/7026/1757 2949/7025/1757
f 2951/7032/1758 2948/7031/1758 2947/7030/1758 2952/7029/1758
o cube
v 1.5 1 -1.6500000000000004
v 1.5 1 -2.6500000000000004
v 1.5 0.5 -1.6500000000000004
v 1.5 0.5 -2.6500000000000004
v 1 1 -2.6500000000000004
v 1 1 -1.6500000000000004
v 1 0.5 -2.6500000000000004
v 1 0.5 -1.6500000000000004
vt 0.625 0.9375
vt 0.6875 0.9375
vt 0.6875 0.90625
vt 0.625 0.90625
vt 0.71875 0.9375
vt 0.6875 0.9375
vt 0.6875 1
vt 0.71875 1
vt 0.75 1
vt 0.71875 1
vt 0.71875 0.9375
vt 0.75 0.9375
vn 1 0 0
vn 0 1 0
vn 0 -1 0
usemtl m_78259a52-36d1-b55a-1736-85a769a7346c
f 2955/7036/1759 2956/7035/1759 2954/7034/1759 2953/7033/1759
f 2958/7040/1760 2953/7039/1760 2954/7038/1760 2957/7037/1760
f 2959/7044/1761 2956/7043/1761 2955/7042/1761 2960/7041/1761
o cube
v 1 1 -1.6500000000000004
v 1 1 -2.6500000000000004
v 1 0.5 -1.6500000000000004
v 1 0.5 -2.6500000000000004
v 0.5 1 -2.6500000000000004
v 0.5 1 -1.6500000000000004
v 0.5 0.5 -2.6500000000000004
v 0.5 0.5 -1.6500000000000004
vt 0.71875 0.9375
vt 0.78125 0.9375
vt 0.78125 0.90625
vt 0.71875 0.90625
vt 0.71875 0.9375
vt 0.6875 0.9375
vt 0.6875 1
vt 0.71875 1
vn -1 0 0
vn 0 1 0
usemtl m_78259a52-36d1-b55a-1736-85a769a7346c
f 2967/7048/1762 2968/7047/1762 2966/7046/1762 2965/7045/1762
f 2966/7052/1763 2961/7051/1763 2962/7050/1763 2965/7049/1763
o cube
v 1 0.5 -1.6500000000000004
v 1 0.5 -2.6500000000000004
v 1 0 -1.6500000000000004
v 1 0 -2.6500000000000004
v 0.5 0.5 -2.6500000000000004
v 0.5 0.5 -1.6500000000000004
v 0.5 0 -2.6500000000000004
v 0.5 0 -1.6500000000000004
vt 0.625 0.9375
vt 0.6875 0.9375
vt 0.6875 0.90625
vt 0.625 0.90625
vt 0.75 1
vt 0.71875 1
vt 0.71875 0.9375
vt 0.75 0.9375
vn 1 0 0
vn 0 -1 0
usemtl m_78259a52-36d1-b55a-1736-85a769a7346c
f 2971/7056/1764 2972/7055/1764 2970/7054/1764 2969/7053/1764
f 2975/7060/1765 2972/7059/1765 2971/7058/1765 2976/7057/1765
o cube
v -1 1 -0.6500000000000004
v -1 1 -1.6500000000000004
v -1 0.5 -0.6500000000000004
v -1 0.5 -1.6500000000000004
v -1.5 1 -1.6500000000000004
v -1.5 1 -0.6500000000000004
v -1.5 0.5 -1.6500000000000004
v -1.5 0.5 -0.6500000000000004
vt 0.71875 0.9375
vt 0.78125 0.9375
vt 0.78125 0.90625
vt 0.71875 0.90625
vt 0.71875 0.9375
vt 0.6875 0.9375
vt 0.6875 1
vt 0.71875 1
vt 0.75 1
vt 0.71875 1
vt 0.71875 0.9375
vt 0.75 0.9375
vn -1 0 0
vn 0 1 0
vn 0 -1 0
usemtl m_78259a52-36d1-b55a-1736-85a769a7346c
f 2983/7064/1766 2984/7063/1766 2982/7062/1766 2981/7061/1766
f 2982/7068/1767 2977/7067/1767 2978/7066/1767 2981/7065/1767
f 2983/7072/1768 2980/7071/1768 2979/7070/1768 2984/7069/1768
o cube
v -0.5 1 -0.6500000000000004
v -0.5 1 -1.6500000000000004
v -0.5 0.5 -0.6500000000000004
v -0.5 0.5 -1.6500000000000004
v -1 1 -1.6500000000000004
v -1 1 -0.6500000000000004
v -1 0.5 -1.6500000000000004
v -1 0.5 -0.6500000000000004
vt 0.625 0.9375
vt 0.6875 0.9375
vt 0.6875 0.90625
vt 0.625 0.90625
vt 0.71875 0.9375
vt 0.6875 0.9375
vt 0.6875 1
vt 0.71875 1
vn 1 0 0
vn 0 1 0
usemtl m_78259a52-36d1-b55a-1736-85a769a7346c
f 2987/7076/1769 2988/7075/1769 2986/7074/1769 2985/7073/1769
f 2990/7080/1770 2985/7079/1770 2986/7078/1770 2989/7077/1770
o cube
v -0.5 0.5 -0.6500000000000004
v -0.5 0.5 -1.6500000000000004
v -0.5 0 -0.6500000000000004
v -0.5 0 -1.6500000000000004
v -1 0.5 -1.6500000000000004
v -1 0.5 -0.6500000000000004
v -1 0 -1.6500000000000004
v -1 0 -0.6500000000000004
vt 0.78125 0.9375
vt 0.8125 0.9375
vt 0.8125 0.90625
vt 0.78125 0.90625
vt 0.71875 0.9375
vt 0.78125 0.9375
vt 0.78125 0.90625
vt 0.71875 0.90625
vt 0.75 1
vt 0.71875 1
vt 0.71875 0.9375
vt 0.75 0.9375
vn 0 0 1
vn -1 0 0
vn 0 -1 0
usemtl m_78259a52-36d1-b55a-1736-85a769a7346c
f 3000/7084/1771 2995/7083/1771 2993/7082/1771 2998/7081/1771
f 2999/7088/1772 3000/7087/1772 2998/7086/1772 2997/7085/1772
f 2999/7092/1773 2996/7091/1773 2995/7090/1773 3000/7089/1773
o cube
v 1.5 1 0.3500000000000001
v 1.5 1 -0.6499999999999999
v 1.5 0.5 0.3500000000000001
v 1.5 0.5 -0.6499999999999999
v 0.5 1 -0.6499999999999999
v 0.5 1 0.3500000000000001
v 0.5 0.5 -0.6499999999999999
v 0.5 0.5 0.3500000000000001
vt 0.625 0.9375
vt 0.6875 0.9375
vt 0.6875 0.90625
vt 0.625 0.90625
vt 0.8125 0.9375
vt 0.875 0.9375
vt 0.875 0.90625
vt 0.8125 0.90625
vt 0.75 0.9375
vt 0.8125 0.9375
vt 0.8125 0.90625
vt 0.75 0.90625
vt 0.75 0.9375
vt 0.6875 0.9375
vt 0.6875 1
vt 0.75 1
vt 0.8125 1
vt 0.75 1
vt 0.75 0.9375
vt 0.8125 0.9375
vn 1 0 0
vn 0 0 1
vn -1 0 0
vn 0 1 0
vn 0 -1 0
usemtl m_78259a52-36d1-b55a-1736-85a769a7346c
f 3003/7096/1774 3004/7095/1774 3002/7094/1774 3001/7093/1774
f 3008/7100/1775 3003/7099/1775 3001/7098/1775 3006/7097/1775
f 3007/7104/1776 3008/7103/1776 3006/7102/1776 3005/7101/1776
f 3006/7108/1777 3001/7107/1777 3002/7106/1777 3005/7105/1777
f 3007/7112/1778 3004/7111/1778 3003/7110/1778 3008/7109/1778
o cube
v 2 0.5 1.35
v 2 0.5 0.3500000000000001
v 2 0 1.35
v 2 0 0.3500000000000001
v 1.5 0.5 0.3500000000000001
v 1.5 0.5 1.35
v 1.5 0 0.3500000000000001
v 1.5 0 1.35
vt 0.6875 0.9375
vt 0.71875 0.9375
vt 0.71875 0.90625
vt 0.6875 0.90625
vt 0.625 0.9375
vt 0.6875 0.9375
vt 0.6875 0.90625
vt 0.625 0.90625
vt 0.78125 0.9375
vt 0.8125 0.9375
vt 0.8125 0.90625
vt 0.78125 0.90625
vt 0.75 1
vt 0.71875 1
vt 0.71875 0.9375
vt 0.75 0.9375
vn 0 0 -1
vn 1 0 0
vn 0 0 1
vn 0 -1 0
usemtl m_78259a52-36d1-b55a-1736-85a769a7346c
f 3012/7116/1779 3015/7115/1779 3013/7114/1779 3010/7113/1779
f 3011/7120/1780 3012/7119/1780 3010/7118/1780 3009/7117/1780
f 3016/7124/1781 3011/7123/1781 3009/7122/1781 3014/7121/1781
f 3015/7128/1782 3012/7127/1782 3011/7126/1782 3016/7125/1782
o cube
v 2 1 1.35
v 2 1 0.3500000000000001
v 2 0.5 1.35
v 2 0.5 0.3500000000000001
v 1.5 1 0.3500000000000001
v 1.5 1 1.35
v 1.5 0.5 0.3500000000000001
v 1.5 0.5 1.35
vt 0.6875 0.9375
vt 0.71875 0.9375
vt 0.71875 0.90625
vt 0.6875 0.90625
vt 0.78125 0.9375
vt 0.8125 0.9375
vt 0.8125 0.90625
vt 0.78125 0.90625
vt 0.71875 0.9375
vt 0.78125 0.9375
vt 0.78125 0.90625
vt 0.71875 0.90625
vt 0.71875 0.9375
vt 0.6875 0.9375
vt 0.6875 1
vt 0.71875 1
vn 0 0 -1
vn 0 0 1
vn -1 0 0
vn 0 1 0
usemtl m_78259a52-36d1-b55a-1736-85a769a7346c
f 3020/7132/1783 3023/7131/1783 3021/7130/1783 3018/7129/1783
f 3024/7136/1784 3019/7135/1784 3017/7134/1784 3022/7133/1784
f 3023/7140/1785 3024/7139/1785 3022/7138/1785 3021/7137/1785
f 3022/7144/1786 3017/7143/1786 3018/7142/1786 3021/7141/1786
o cube
v 2.5 1 1.35
v 2.5 1 0.3500000000000001
v 2.5 0.5 1.35
v 2.5 0.5 0.3500000000000001
v 2 1 0.3500000000000001
v 2 1 1.35
v 2 0.5 0.3500000000000001
v 2 0.5 1.35
vt 0.6875 0.9375
vt 0.71875 0.9375
vt 0.71875 0.90625
vt 0.6875 0.90625
vt 0.625 0.9375
vt 0.6875 0.9375
vt 0.6875 0.90625
vt 0.625 0.90625
vt 0.78125 0.9375
vt 0.8125 0.9375
vt 0.8125 0.90625
vt 0.78125 0.90625
vt 0.71875 0.9375
vt 0.6875 0.9375
vt 0.6875 1
vt 0.71875 1
vt 0.75 1
vt 0.71875 1
vt 0.71875 0.9375
vt 0.75 0.9375
vn 0 0 -1
vn 1 0 0
vn 0 0 1
vn 0 1 0
vn 0 -1 0
usemtl m_78259a52-36d1-b55a-1736-85a769a7346c
f 3028/7148/1787 3031/7147/1787 3029/7146/1787 3026/7145/1787
f 3027/7152/1788 3028/7151/1788 3026/7150/1788 3025/7149/1788
f 3032/7156/1789 3027/7155/1789 3025/7154/1789 3030/7153/1789
f 3030/7160/1790 3025/7159/1790 3026/7158/1790 3029/7157/1790
f 3031/7164/1791 3028/7163/1791 3027/7162/1791 3032/7161/1791
o cube
v 1.5 0.5 1.35
v 1.5 0.5 0.3500000000000001
v 1.5 0 1.35
v 1.5 0 0.3500000000000001
v 0.5 0.5 0.3500000000000001
v 0.5 0.5 1.35
v 0.5 0 0.3500000000000001
v 0.5 0 1.35
vt 0.6875 0.9375
vt 0.75 0.9375
vt 0.75 0.90625
vt 0.6875 0.90625
vt 0.8125 0.9375
vt 0.875 0.9375
vt 0.875 0.90625
vt 0.8125 0.90625
vt 0.75 0.9375
vt 0.6875 0.9375
vt 0.6875 1
vt 0.75 1
vt 0.8125 1
vt 0.75 1
vt 0.75 0.9375
vt 0.8125 0.9375
vn 0 0 -1
vn 0 0 1
vn 0 1 0
vn 0 -1 0
usemtl m_78259a52-36d1-b55a-1736-85a769a7346c
f 3036/7168/1792 3039/7167/1792 3037/7166/1792 3034/7165/1792
f 3040/7172/1793 3035/7171/1793 3033/7170/1793 3038/7169/1793
f 3038/7176/1794 3033/7175/1794 3034/7174/1794 3037/7173/1794
f 3039/7180/1795 3036/7179/1795 3035/7178/1795 3040/7177/1795
o cube
v 0 0.5 -2.6500000000000004
v 0 0.5 -3.1500000000000004
v 0 0 -2.6500000000000004
v 0 0 -3.1500000000000004
v -1 0.5 -3.1500000000000004
v -1 0.5 -2.6500000000000004
v -1 0 -3.1500000000000004
v -1 0 -2.6500000000000004
vt 0.65625 0.9375
vt 0.71875 0.9375
vt 0.71875 0.90625
vt 0.65625 0.90625
vt 0.71875 0.9375
vt 0.75 0.9375
vt 0.75 0.90625
vt 0.71875 0.90625
vt 0.78125 0.96875
vt 0.71875 0.96875
vt 0.71875 0.9375
vt 0.78125 0.9375
vn 0 0 -1
vn -1 0 0
vn 0 -1 0
usemtl m_78259a52-36d1-b55a-1736-85a769a7346c
f 3044/7184/1796 3047/7183/1796 3045/7182/1796 3042/7181/1796
f 3047/7188/1797 3048/7187/1797 3046/7186/1797 3045/7185/1797
f 3047/7192/1798 3044/7191/1798 3043/7190/1798 3048/7189/1798
o cube
v 0 1 -2.6500000000000004
v 0 1 -3.6500000000000004
v 0 0.5 -2.6500000000000004
v 0 0.5 -3.6500000000000004
v -0.5 1 -3.6500000000000004
v -0.5 1 -2.6500000000000004
v -0.5 0.5 -3.6500000000000004
v -0.5 0.5 -2.6500000000000004
vt 0.78125 0.9375
vt 0.8125 0.9375
vt 0.8125 0.90625
vt 0.78125 0.90625
vt 0.71875 0.9375
vt 0.6875 0.9375
vt 0.6875 1
vt 0.71875 1
vt 0.75 1
vt 0.71875 1
vt 0.71875 0.9375
vt 0.75 0.9375
vn 0 0 1
vn 0 1 0
vn 0 -1 0
usemtl m_78259a52-36d1-b55a-1736-85a769a7346c
f 3056/7196/1799 3051/7195/1799 3049/7194/1799 3054/7193/1799
f 3054/7200/1800 3049/7199/1800 3050/7198/1800 3053/7197/1800
f 3055/7204/1801 3052/7203/1801 3051/7202/1801 3056/7201/1801
o cube
v -0.5 1 -2.6500000000000004
v -0.5 1 -3.6500000000000004
v -0.5 0.5 -2.6500000000000004
v -0.5 0.5 -3.6500000000000004
v -1.5 1 -3.6500000000000004
v -1.5 1 -2.6500000000000004
v -1.5 0.5 -3.6500000000000004
v -1.5 0.5 -2.6500000000000004
vt 0.6875 0.9375
vt 0.75 0.9375
vt 0.75 0.90625
vt 0.6875 0.90625
vt 0.75 0.9375
vt 0.8125 0.9375
vt 0.8125 0.90625
vt 0.75 0.90625
vt 0.75 0.9375
vt 0.6875 0.9375
vt 0.6875 1
vt 0.75 1
vt 0.8125 1
vt 0.75 1
vt 0.75 0.9375
vt 0.8125 0.9375
vn 0 0 -1
vn -1 0 0
vn 0 1 0
vn 0 -1 0
usemtl m_78259a52-36d1-b55a-1736-85a769a7346c
f 3060/7208/1802 3063/7207/1802 3061/7206/1802 3058/7205/1802
f 3063/7212/1803 3064/7211/1803 3062/7210/1803 3061/7209/1803
f 3062/7216/1804 3057/7215/1804 3058/7214/1804 3061/7213/1804
f 3063/7220/1805 3060/7219/1805 3059/7218/1805 3064/7217/1805
o cube
v -0.5 0.5 1.35
v -0.5 0.5 0.3500000000000001
v -0.5 0 1.35
v -0.5 0 0.3500000000000001
v -1.5 0.5 0.3500000000000001
v -1.5 0.5 1.35
v -1.5 0 0.3500000000000001
v -1.5 0 1.35
vt 0.6875 0.9375
vt 0.75 0.9375
vt 0.75 0.90625
vt 0.6875 0.90625
vt 0.8125 0.9375
vt 0.875 0.9375
vt 0.875 0.90625
vt 0.8125 0.90625
vt 0.75 0.9375
vt 0.6875 0.9375
vt 0.6875 1
vt 0.75 1
vt 0.8125 1
vt 0.75 1
vt 0.75 0.9375
vt 0.8125 0.9375
vn 0 0 -1
vn 0 0 1
vn 0 1 0
vn 0 -1 0
usemtl m_78259a52-36d1-b55a-1736-85a769a7346c
f 3068/7224/1806 3071/7223/1806 3069/7222/1806 3066/7221/1806
f 3072/7228/1807 3067/7227/1807 3065/7226/1807 3070/7225/1807
f 3070/7232/1808 3065/7231/1808 3066/7230/1808 3069/7229/1808
f 3071/7236/1809 3068/7235/1809 3067/7234/1809 3072/7233/1809
o cube
v 1.5 1 2.35
v 1.5 1 1.35
v 1.5 0.5 2.35
v 1.5 0.5 1.35
v 0.5 1 1.35
v 0.5 1 2.35
v 0.5 0.5 1.35
v 0.5 0.5 2.35
vt 0.6875 0.9375
vt 0.75 0.9375
vt 0.75 0.90625
vt 0.6875 0.90625
vt 0.625 0.9375
vt 0.6875 0.9375
vt 0.6875 0.90625
vt 0.625 0.90625
vt 0.75 0.9375
vt 0.8125 0.9375
vt 0.8125 0.90625
vt 0.75 0.90625
vt 0.75 0.9375
vt 0.6875 0.9375
vt 0.6875 1
vt 0.75 1
vt 0.8125 1
vt 0.75 1
vt 0.75 0.9375
vt 0.8125 0.9375
vn 0 0 -1
vn 1 0 0
vn -1 0 0
vn 0 1 0
vn 0 -1 0
usemtl m_78259a52-36d1-b55a-1736-85a769a7346c
f 3076/7240/1810 3079/7239/1810 3077/7238/1810 3074/7237/1810
f 3075/7244/1811 3076/7243/1811 3074/7242/1811 3073/7241/1811
f 3079/7248/1812 3080/7247/1812 3078/7246/1812 3077/7245/1812
f 3078/7252/1813 3073/7251/1813 3074/7250/1813 3077/7249/1813
f 3079/7256/1814 3076/7255/1814 3075/7254/1814 3080/7253/1814
o cube
v -0.5 1 0.3500000000000001
v -0.5 1 -0.6499999999999999
v -0.5 0.5 0.3500000000000001
v -0.5 0.5 -0.6499999999999999
v -1.5 1 -0.6499999999999999
v -1.5 1 0.3500000000000001
v -1.5 0.5 -0.6499999999999999
v -1.5 0.5 0.3500000000000001
vt 0.625 0.9375
vt 0.6875 0.9375
vt 0.6875 0.90625
vt 0.625 0.90625
vt 0.8125 0.9375
vt 0.875 0.9375
vt 0.875 0.90625
vt 0.8125 0.90625
vt 0.75 0.9375
vt 0.8125 0.9375
vt 0.8125 0.90625
vt 0.75 0.90625
vt 0.75 0.9375
vt 0.6875 0.9375
vt 0.6875 1
vt 0.75 1
vt 0.8125 1
vt 0.75 1
vt 0.75 0.9375
vt 0.8125 0.9375
vn 1 0 0
vn 0 0 1
vn -1 0 0
vn 0 1 0
vn 0 -1 0
usemtl m_78259a52-36d1-b55a-1736-85a769a7346c
f 3083/7260/1815 3084/7259/1815 3082/7258/1815 3081/7257/1815
f 3088/7264/1816 3083/7263/1816 3081/7262/1816 3086/7261/1816
f 3087/7268/1817 3088/7267/1817 3086/7266/1817 3085/7265/1817
f 3086/7272/1818 3081/7271/1818 3082/7270/1818 3085/7269/1818
f 3087/7276/1819 3084/7275/1819 3083/7274/1819 3088/7273/1819
o cube
v 1 1 3.35
v 1 1 2.35
v 1 0.5 3.35
v 1 0.5 2.35
v 0.5 1 2.35
v 0.5 1 3.35
v 0.5 0.5 2.35
v 0.5 0.5 3.35
vt 0.78125 0.9375
vt 0.8125 0.9375
vt 0.8125 0.90625
vt 0.78125 0.90625
vn 0 0 1
usemtl m_78259a52-36d1-b55a-1736-85a769a7346c
f 3096/7280/1820 3091/7279/1820 3089/7278/1820 3094/7277/1820
o cube
v 1 0.5 3.35
v 1 0.5 2.35
v 1 0 3.35
v 1 0 2.35
v 0.5 0.5 2.35
v 0.5 0.5 3.35
v 0.5 0 2.35
v 0.5 0 3.35
vt 0.6875 0.9375
vt 0.71875 0.9375
vt 0.71875 0.90625
vt 0.6875 0.90625
vt 0.625 0.9375
vt 0.6875 0.9375
vt 0.6875 0.90625
vt 0.625 0.90625
vt 0.78125 0.9375
vt 0.8125 0.9375
vt 0.8125 0.90625
vt 0.78125 0.90625
vt 0.75 1
vt 0.71875 1
vt 0.71875 0.9375
vt 0.75 0.9375
vn 0 0 -1
vn 1 0 0
vn 0 0 1
vn 0 -1 0
usemtl m_78259a52-36d1-b55a-1736-85a769a7346c
f 3100/7284/1821 3103/7283/1821 3101/7282/1821 3098/7281/1821
f 3099/7288/1822 3100/7287/1822 3098/7286/1822 3097/7285/1822
f 3104/7292/1823 3099/7291/1823 3097/7290/1823 3102/7289/1823
f 3103/7296/1824 3100/7295/1824 3099/7294/1824 3104/7293/1824
o cube
v -1 1 -1.6500000000000004
v -1 1 -2.6500000000000004
v -1 0.5 -1.6500000000000004
v -1 0.5 -2.6500000000000004
v -1.5 1 -2.6500000000000004
v -1.5 1 -1.6500000000000004
v -1.5 0.5 -2.6500000000000004
v -1.5 0.5 -1.6500000000000004
vt 0.71875 0.9375
vt 0.78125 0.9375
vt 0.78125 0.90625
vt 0.71875 0.90625
vt 0.71875 0.9375
vt 0.6875 0.9375
vt 0.6875 1
vt 0.71875 1
vt 0.75 1
vt 0.71875 1
vt 0.71875 0.9375
vt 0.75 0.9375
vn -1 0 0
vn 0 1 0
vn 0 -1 0
usemtl m_78259a52-36d1-b55a-1736-85a769a7346c
f 3111/7300/1825 3112/7299/1825 3110/7298/1825 3109/7297/1825
f 3110/7304/1826 3105/7303/1826 3106/7302/1826 3109/7301/1826
f 3111/7308/1827 3108/7307/1827 3107/7306/1827 3112/7305/1827
o cube
v -0.5 1 -1.6500000000000004
v -0.5 1 -2.6500000000000004
v -0.5 0.5 -1.6500000000000004
v -0.5 0.5 -2.6500000000000004
v -1 1 -2.6500000000000004
v -1 1 -1.6500000000000004
v -1 0.5 -2.6500000000000004
v -1 0.5 -1.6500000000000004
vt 0.625 0.9375
vt 0.6875 0.9375
vt 0.6875 0.90625
vt 0.625 0.90625
vt 0.71875 0.9375
vt 0.6875 0.9375
vt 0.6875 1
vt 0.71875 1
vn 1 0 0
vn 0 1 0
usemtl m_78259a52-36d1-b55a-1736-85a769a7346c
f 3115/7312/1828 3116/7311/1828 3114/7310/1828 3113/7309/1828
f 3118/7316/1829 3113/7315/1829 3114/7314/1829 3117/7313/1829
o cube
v -0.5 0.5 -1.6500000000000004
v -0.5 0.5 -2.6500000000000004
v -0.5 0 -1.6500000000000004
v -0.5 0 -2.6500000000000004
v -1 0.5 -2.6500000000000004
v -1 0.5 -1.6500000000000004
v -1 0 -2.6500000000000004
v -1 0 -1.6500000000000004
vt 0.71875 0.9375
vt 0.78125 0.9375
vt 0.78125 0.90625
vt 0.71875 0.90625
vt 0.75 1
vt 0.71875 1
vt 0.71875 0.9375
vt 0.75 0.9375
vn -1 0 0
vn 0 -1 0
usemtl m_78259a52-36d1-b55a-1736-85a769a7346c
f 3127/7320/1830 3128/7319/1830 3126/7318/1830 3125/7317/1830
f 3127/7324/1831 3124/7323/1831 3123/7322/1831 3128/7321/1831
o cube
v -0.5 1 2.35
v -0.5 1 1.35
v -0.5 0.5 2.35
v -0.5 0.5 1.35
v -1.5 1 1.35
v -1.5 1 2.35
v -1.5 0.5 1.35
v -1.5 0.5 2.35
vt 0.6875 0.9375
vt 0.75 0.9375
vt 0.75 0.90625
vt 0.6875 0.90625
vt 0.625 0.9375
vt 0.6875 0.9375
vt 0.6875 0.90625
vt 0.625 0.90625
vt 0.75 0.9375
vt 0.8125 0.9375
vt 0.8125 0.90625
vt 0.75 0.90625
vt 0.75 0.9375
vt 0.6875 0.9375
vt 0.6875 1
vt 0.75 1
vt 0.8125 1
vt 0.75 1
vt 0.75 0.9375
vt 0.8125 0.9375
vn 0 0 -1
vn 1 0 0
vn -1 0 0
vn 0 1 0
vn 0 -1 0
usemtl m_78259a52-36d1-b55a-1736-85a769a7346c
f 3132/7328/1832 3135/7327/1832 3133/7326/1832 3130/7325/1832
f 3131/7332/1833 3132/7331/1833 3130/7330/1833 3129/7329/1833
f 3135/7336/1834 3136/7335/1834 3134/7334/1834 3133/7333/1834
f 3134/7340/1835 3129/7339/1835 3130/7338/1835 3133/7337/1835
f 3135/7344/1836 3132/7343/1836 3131/7342/1836 3136/7341/1836
o cube
v -1 1 3.35
v -1 1 2.35
v -1 0.5 3.35
v -1 0.5 2.35
v -1.5 1 2.35
v -1.5 1 3.35
v -1.5 0.5 2.35
v -1.5 0.5 3.35
vt 0.78125 0.9375
vt 0.8125 0.9375
vt 0.8125 0.90625
vt 0.78125 0.90625
vt 0.71875 0.9375
vt 0.78125 0.9375
vt 0.78125 0.90625
vt 0.71875 0.90625
vt 0.75 1
vt 0.71875 1
vt 0.71875 0.9375
vt 0.75 0.9375
vn 0 0 1
vn -1 0 0
vn 0 -1 0
usemtl m_78259a52-36d1-b55a-1736-85a769a7346c
f 3144/7348/1837 3139/7347/1837 3137/7346/1837 3142/7345/1837
f 3143/7352/1838 3144/7351/1838 3142/7350/1838 3141/7349/1838
f 3143/7356/1839 3140/7355/1839 3139/7354/1839 3144/7353/1839
o cube
v -0.5 1 3.35
v -0.5 1 2.35
v -0.5 0.5 3.35
v -0.5 0.5 2.35
v -1 1 2.35
v -1 1 3.35
v -1 0.5 2.35
v -1 0.5 3.35
vt 0.78125 0.9375
vt 0.8125 0.9375
vt 0.8125 0.90625
vt 0.78125 0.90625
vn 0 0 1
usemtl m_78259a52-36d1-b55a-1736-85a769a7346c
f 3152/7360/1840 3147/7359/1840 3145/7358/1840 3150/7357/1840
o cube
v -0.5 0.5 3.35
v -0.5 0.5 2.35
v -0.5 0 3.35
v -0.5 0 2.35
v -1 0.5 2.35
v -1 0.5 3.35
v -1 0 2.35
v -1 0 3.35
vt 0.6875 0.9375
vt 0.71875 0.9375
vt 0.71875 0.90625
vt 0.6875 0.90625
vt 0.78125 0.9375
vt 0.8125 0.9375
vt 0.8125 0.90625
vt 0.78125 0.90625
vt 0.71875 0.9375
vt 0.78125 0.9375
vt 0.78125 0.90625
vt 0.71875 0.90625
vt 0.75 1
vt 0.71875 1
vt 0.71875 0.9375
vt 0.75 0.9375
vn 0 0 -1
vn 0 0 1
vn -1 0 0
vn 0 -1 0
usemtl m_78259a52-36d1-b55a-1736-85a769a7346c
f 3156/7364/1841 3159/7363/1841 3157/7362/1841 3154/7361/1841
f 3160/7368/1842 3155/7367/1842 3153/7366/1842 3158/7365/1842
f 3159/7372/1843 3160/7371/1843 3158/7370/1843 3157/7369/1843
f 3159/7376/1844 3156/7375/1844 3155/7374/1844 3160/7373/1844
o cube
v 1.5 1 -2.6500000000000004
v 1.5 1 -3.6500000000000004
v 1.5 0.5 -2.6500000000000004
v 1.5 0.5 -3.6500000000000004
v 0.5 1 -3.6500000000000004
v 0.5 1 -2.6500000000000004
v 0.5 0.5 -3.6500000000000004
v 0.5 0.5 -2.6500000000000004
vt 0.6875 0.9375
vt 0.75 0.9375
vt 0.75 0.90625
vt 0.6875 0.90625
vt 0.625 0.9375
vt 0.6875 0.9375
vt 0.6875 0.90625
vt 0.625 0.90625
vt 0.75 0.9375
vt 0.6875 0.9375
vt 0.6875 1
vt 0.75 1
vt 0.8125 1
vt 0.75 1
vt 0.75 0.9375
vt 0.8125 0.9375
vn 0 0 -1
vn 1 0 0
vn 0 1 0
vn 0 -1 0
usemtl m_78259a52-36d1-b55a-1736-85a769a7346c
f 3164/7380/1845 3167/7379/1845 3165/7378/1845 3162/7377/1845
f 3163/7384/1846 3164/7383/1846 3162/7382/1846 3161/7381/1846
f 3166/7388/1847 3161/7387/1847 3162/7386/1847 3165/7385/1847
f 3167/7392/1848 3164/7391/1848 3163/7390/1848 3168/7389/1848
o cube
v 0.5 1 -3.6500000000000004
v 0.5 1 -4.65
v 0.5 0.5 -3.6500000000000004
v 0.5 0.5 -4.65
v 0 1 -4.65
v 0 1 -3.6500000000000004
v 0 0.5 -4.65
v 0 0.5 -3.6500000000000004
vt 0.6875 0.9375
vt 0.71875 0.9375
vt 0.71875 0.90625
vt 0.6875 0.90625
vt 0.625 0.9375
vt 0.6875 0.9375
vt 0.6875 0.90625
vt 0.625 0.90625
vt 0.71875 0.9375
vt 0.6875 0.9375
vt 0.6875 1
vt 0.71875 1
vt 0.75 1
vt 0.71875 1
vt 0.71875 0.9375
vt 0.75 0.9375
vn 0 0 -1
vn 1 0 0
vn 0 1 0
vn 0 -1 0
usemtl m_78259a52-36d1-b55a-1736-85a769a7346c
f 3172/7396/1849 3175/7395/1849 3173/7394/1849 3170/7393/1849
f 3171/7400/1850 3172/7399/1850 3170/7398/1850 3169/7397/1850
f 3174/7404/1851 3169/7403/1851 3170/7402/1851 3173/7401/1851
f 3175/7408/1852 3172/7407/1852 3171/7406/1852 3176/7405/1852
o cube
v 1 0.5 -2.6500000000000004
v 1 0.5 -3.1500000000000004
v 1 0 -2.6500000000000004
v 1 0 -3.1500000000000004
v 0 0.5 -3.1500000000000004
v 0 0.5 -2.6500000000000004
v 0 0 -3.1500000000000004
v 0 0 -2.6500000000000004
vt 0.65625 0.9375
vt 0.71875 0.9375
vt 0.71875 0.90625
vt 0.65625 0.90625
vt 0.625 0.9375
vt 0.65625 0.9375
vt 0.65625 0.90625
vt 0.625 0.90625
vt 0.78125 0.96875
vt 0.71875 0.96875
vt 0.71875 0.9375
vt 0.78125 0.9375
vn 0 0 -1
vn 1 0 0
vn 0 -1 0
usemtl m_78259a52-36d1-b55a-1736-85a769a7346c
f 3180/7412/1853 3183/7411/1853 3181/7410/1853 3178/7409/1853
f 3179/7416/1854 3180/7415/1854 3178/7414/1854 3177/7413/1854
f 3183/7420/1855 3180/7419/1855 3179/7418/1855 3184/7417/1855
o cube
v -2 2 3.35
v -2 2 2.35
v -2 1.5 3.35
v -2 1.5 2.35
v -2.5 2 2.35
v -2.5 2 3.35
v -2.5 1.5 2.35
v -2.5 1.5 3.35
vt 0.6875 0.9375
vt 0.71875 0.9375
vt 0.71875 0.90625
vt 0.6875 0.90625
vt 0.78125 0.9375
vt 0.8125 0.9375
vt 0.8125 0.90625
vt 0.78125 0.90625
vt 0.71875 0.9375
vt 0.78125 0.9375
vt 0.78125 0.90625
vt 0.71875 0.90625
vt 0.71875 0.9375
vt 0.6875 0.9375
vt 0.6875 1
vt 0.71875 1
vt 0.75 1
vt 0.71875 1
vt 0.71875 0.9375
vt 0.75 0.9375
vn 0 0 -1
vn 0 0 1
vn -1 0 0
vn 0 1 0
vn 0 -1 0
usemtl m_78259a52-36d1-b55a-1736-85a769a7346c
f 3188/7424/1856 3191/7423/1856 3189/7422/1856 3186/7421/1856
f 3192/7428/1857 3187/7427/1857 3185/7426/1857 3190/7425/1857
f 3191/7432/1858 3192/7431/1858 3190/7430/1858 3189/7429/1858
f 3190/7436/1859 3185/7435/1859 3186/7434/1859 3189/7433/1859
f 3191/7440/1860 3188/7439/1860 3187/7438/1860 3192/7437/1860
o cube
v -1.5 2 3.35
v -1.5 2 2.35
v -1.5 1.5 3.35
v -1.5 1.5 2.35
v -2 2 2.35
v -2 2 3.35
v -2 1.5 2.35
v -2 1.5 3.35
vt 0.6875 0.9375
vt 0.71875 0.9375
vt 0.71875 0.90625
vt 0.6875 0.90625
vt 0.625 0.9375
vt 0.6875 0.9375
vt 0.6875 0.90625
vt 0.625 0.90625
vt 0.78125 0.9375
vt 0.8125 0.9375
vt 0.8125 0.90625
vt 0.78125 0.90625
vt 0.71875 0.9375
vt 0.6875 0.9375
vt 0.6875 1
vt 0.71875 1
vn 0 0 -1
vn 1 0 0
vn 0 0 1
vn 0 1 0
usemtl m_78259a52-36d1-b55a-1736-85a769a7346c
f 3196/7444/1861 3199/7443/1861 3197/7442/1861 3194/7441/1861
f 3195/7448/1862 3196/7447/1862 3194/7446/1862 3193/7445/1862
f 3200/7452/1863 3195/7451/1863 3193/7450/1863 3198/7449/1863
f 3198/7456/1864 3193/7455/1864 3194/7454/1864 3197/7453/1864
o cube
v -1.5 1.5 3.35
v -1.5 1.5 2.35
v -1.5 1 3.35
v -1.5 1 2.35
v -2 1.5 2.35
v -2 1.5 3.35
v -2 1 2.35
v -2 1 3.35
vt 0.6875 0.9375
vt 0.71875 0.9375
vt 0.71875 0.90625
vt 0.6875 0.90625
vt 0.78125 0.9375
vt 0.8125 0.9375
vt 0.8125 0.90625
vt 0.78125 0.90625
vt 0.71875 0.9375
vt 0.78125 0.9375
vt 0.78125 0.90625
vt 0.71875 0.90625
vt 0.75 1
vt 0.71875 1
vt 0.71875 0.9375
vt 0.75 0.9375
vn 0 0 -1
vn 0 0 1
vn -1 0 0
vn 0 -1 0
usemtl m_78259a52-36d1-b55a-1736-85a769a7346c
f 3204/7460/1865 3207/7459/1865 3205/7458/1865 3202/7457/1865
f 3208/7464/1866 3203/7463/1866 3201/7462/1866 3206/7461/1866
f 3207/7468/1867 3208/7467/1867 3206/7466/1867 3205/7465/1867
f 3207/7472/1868 3204/7471/1868 3203/7470/1868 3208/7469/1868
o cube
v 0 1 -3.6500000000000004
v 0 1 -4.65
v 0 0.5 -3.6500000000000004
v 0 0.5 -4.65
v -0.5 1 -4.65
v -0.5 1 -3.6500000000000004
v -0.5 0.5 -4.65
v -0.5 0.5 -3.6500000000000004
vt 0.6875 0.9375
vt 0.71875 0.9375
vt 0.71875 0.90625
vt 0.6875 0.90625
vt 0.71875 0.9375
vt 0.78125 0.9375
vt 0.78125 0.90625
vt 0.71875 0.90625
vt 0.71875 0.9375
vt 0.6875 0.9375
vt 0.6875 1
vt 0.71875 1
vt 0.75 1
vt 0.71875 1
vt 0.71875 0.9375
vt 0.75 0.9375
vn 0 0 -1
vn -1 0 0
vn 0 1 0
vn 0 -1 0
usemtl m_78259a52-36d1-b55a-1736-85a769a7346c
f 3212/7476/1869 3215/7475/1869 3213/7474/1869 3210/7473/1869
f 3215/7480/1870 3216/7479/1870 3214/7478/1870 3213/7477/1870
f 3214/7484/1871 3209/7483/1871 3210/7482/1871 3213/7481/1871
f 3215/7488/1872 3212/7487/1872 3211/7486/1872 3216/7485/1872
o cube
v 0.5 1 -2.6500000000000004
v 0.5 1 -3.6500000000000004
v 0.5 0.5 -2.6500000000000004
v 0.5 0.5 -3.6500000000000004
v 0 1 -3.6500000000000004
v 0 1 -2.6500000000000004
v 0 0.5 -3.6500000000000004
v 0 0.5 -2.6500000000000004
vt 0.78125 0.9375
vt 0.8125 0.9375
vt 0.8125 0.90625
vt 0.78125 0.90625
vt 0.71875 0.9375
vt 0.6875 0.9375
vt 0.6875 1
vt 0.71875 1
vt 0.75 1
vt 0.71875 1
vt 0.71875 0.9375
vt 0.75 0.9375
vn 0 0 1
vn 0 1 0
vn 0 -1 0
usemtl m_78259a52-36d1-b55a-1736-85a769a7346c
f 3224/7492/1873 3219/7491/1873 3217/7490/1873 3222/7489/1873
f 3222/7496/1874 3217/7495/1874 3218/7494/1874 3221/7493/1874
f 3223/7500/1875 3220/7499/1875 3219/7498/1875 3224/7497/1875
o cube
v -0.5 1.5 3.35
v -0.5 1.5 2.35
v -0.5 1 3.35
v -0.5 1 2.35
v -1.5 1.5 2.35
v -1.5 1.5 3.35
v -1.5 1 2.35
v -1.5 1 3.35
vt 0.6875 0.9375
vt 0.75 0.9375
vt 0.75 0.90625
vt 0.6875 0.90625
vt 0.625 0.9375
vt 0.6875 0.9375
vt 0.6875 0.90625
vt 0.625 0.90625
vt 0.8125 0.9375
vt 0.875 0.9375
vt 0.875 0.90625
vt 0.8125 0.90625
vt 0.75 0.9375
vt 0.6875 0.9375
vt 0.6875 1
vt 0.75 1
vn 0 0 -1
vn 1 0 0
vn 0 0 1
vn 0 1 0
usemtl m_78259a52-36d1-b55a-1736-85a769a7346c
f 3228/7504/1876 3231/7503/1876 3229/7502/1876 3226/7501/1876
f 3227/7508/1877 3228/7507/1877 3226/7506/1877 3225/7505/1877
f 3232/7512/1878 3227/7511/1878 3225/7510/1878 3230/7509/1878
f 3230/7516/1879 3225/7515/1879 3226/7514/1879 3229/7513/1879
o cube
v 1.5 1 3.35
v 1.5 1 2.35
v 1.5 0.5 3.35
v 1.5 0.5 2.35
v 1 1 2.35
v 1 1 3.35
v 1 0.5 2.35
v 1 0.5 3.35
vt 0.8125 0.9375
vt 0.78125 0.9375
vt 0.78125 0.90625
vt 0.8125 0.90625
vt 0.71875 1
vt 0.75 1
vt 0.75 0.9375
vt 0.71875 0.9375
vn 0 0 1
vn 0 -1 0
usemtl m_78259a52-36d1-b55a-1736-85a769a7346c
f 3240/7520/1880 3235/7519/1880 3233/7518/1880 3238/7517/1880
f 3239/7524/1881 3236/7523/1881 3235/7522/1881 3240/7521/1881
o cube
v 1.5 1.5 3.35
v 1.5 1.5 2.35
v 1.5 1 3.35
v 1.5 1 2.35
v 0.5 1.5 2.35
v 0.5 1.5 3.35
v 0.5 1 2.35
v 0.5 1 3.35
vt 0.75 0.9375
vt 0.6875 0.9375
vt 0.6875 0.90625
vt 0.75 0.90625
vt 0.875 0.9375
vt 0.8125 0.9375
vt 0.8125 0.90625
vt 0.875 0.90625
vt 0.6875 0.9375
vt 0.625 0.9375
vt 0.625 0.90625
vt 0.6875 0.90625
vt 0.6875 0.9375
vt 0.75 0.9375
vt 0.75 1
vt 0.6875 1
vn 0 0 -1
vn 0 0 1
vn -1 0 0
vn 0 1 0
usemtl m_78259a52-36d1-b55a-1736-85a769a7346c
f 3244/7528/1882 3247/7527/1882 3245/7526/1882 3242/7525/1882
f 3248/7532/1883 3243/7531/1883 3241/7530/1883 3246/7529/1883
f 3247/7536/1884 3248/7535/1884 3246/7534/1884 3245/7533/1884
f 3246/7540/1885 3241/7539/1885 3242/7538/1885 3245/7537/1885
o cube
v 2 1 3.35
v 2 1 2.35
v 2 0.5 3.35
v 2 0.5 2.35
v 1.5 1 2.35
v 1.5 1 3.35
v 1.5 0.5 2.35
v 1.5 0.5 3.35
vt 0.78125 0.9375
vt 0.71875 0.9375
vt 0.71875 0.90625
vt 0.78125 0.90625
vt 0.8125 0.9375
vt 0.78125 0.9375
vt 0.78125 0.90625
vt 0.8125 0.90625
vt 0.71875 1
vt 0.75 1
vt 0.75 0.9375
vt 0.71875 0.9375
vn 1 0 0
vn 0 0 1
vn 0 -1 0
usemtl m_78259a52-36d1-b55a-1736-85a769a7346c
f 3251/7544/1886 3252/7543/1886 3250/7542/1886 3249/7541/1886
f 3256/7548/1887 3251/7547/1887 3249/7546/1887 3254/7545/1887
f 3255/7552/1888 3252/7551/1888 3251/7550/1888 3256/7549/1888
o cube
v 2 1.5 3.35
v 2 1.5 2.35
v 2 1 3.35
v 2 1 2.35
v 1.5 1.5 2.35
v 1.5 1.5 3.35
v 1.5 1 2.35
v 1.5 1 3.35
vt 0.6875 0.9375
vt 0.71875 0.9375
vt 0.71875 0.90625
vt 0.6875 0.90625
vt 0.78125 0.9375
vt 0.8125 0.9375
vt 0.8125 0.90625
vt 0.78125 0.90625
vt 0.71875 0.9375
vt 0.6875 0.9375
vt 0.6875 1
vt 0.71875 1
vn 0 0 -1
vn 0 0 1
vn 0 1 0
usemtl m_78259a52-36d1-b55a-1736-85a769a7346c
f 3260/7556/1889 3263/7555/1889 3261/7554/1889 3258/7553/1889
f 3264/7560/1890 3259/7559/1890 3257/7558/1890 3262/7557/1890
f 3262/7564/1891 3257/7563/1891 3258/7562/1891 3261/7561/1891
o cube
v 2.5 1.5 3.35
v 2.5 1.5 2.35
v 2.5 1 3.35
v 2.5 1 2.35
v 2 1.5 2.35
v 2 1.5 3.35
v 2 1 2.35
v 2 1 3.35
vt 0.78125 0.9375
vt 0.71875 0.9375
vt 0.71875 0.90625
vt 0.78125 0.90625
vt 0.8125 0.9375
vt 0.78125 0.9375
vt 0.78125 0.90625
vt 0.8125 0.90625
vt 0.71875 1
vt 0.75 1
vt 0.75 0.9375
vt 0.71875 0.9375
vn 1 0 0
vn 0 0 1
vn 0 -1 0
usemtl m_78259a52-36d1-b55a-1736-85a769a7346c
f 3267/7568/1892 3268/7567/1892 3266/7566/1892 3265/7565/1892
f 3272/7572/1893 3267/7571/1893 3265/7570/1893 3270/7569/1893
f 3271/7576/1894 3268/7575/1894 3267/7574/1894 3272/7573/1894
o cube
v 3 2 3.35
v 3 2 2.35
v 3 1.5 3.35
v 3 1.5 2.35
v 2.5 2 2.35
v 2.5 2 3.35
v 2.5 1.5 2.35
v 2.5 1.5 3.35
vt 0.625 0.9375
vt 0.6875 0.9375
vt 0.6875 0.90625
vt 0.625 0.90625
vt 0.75 1
vt 0.71875 1
vt 0.71875 0.9375
vt 0.75 0.9375
vn 1 0 0
vn 0 -1 0
usemtl m_78259a52-36d1-b55a-1736-85a769a7346c
f 3275/7580/1895 3276/7579/1895 3274/7578/1895 3273/7577/1895
f 3279/7584/1896 3276/7583/1896 3275/7582/1896 3280/7581/1896
o cube
v 3 2 3.35
v 3 2 2.35
v 3 1.5 3.35
v 3 1.5 2.35
v 2 2 2.35
v 2 2 3.35
v 2 1.5 2.35
v 2 1.5 3.35
vt 0.75 0.9375
vt 0.6875 0.9375
vt 0.6875 0.90625
vt 0.75 0.90625
vt 0.875 0.9375
vt 0.8125 0.9375
vt 0.8125 0.90625
vt 0.875 0.90625
vt 0.6875 0.9375
vt 0.625 0.9375
vt 0.625 0.90625
vt 0.6875 0.90625
vt 0.6875 0.9375
vt 0.75 0.9375
vt 0.75 1
vt 0.6875 1
vn 0 0 -1
vn 0 0 1
vn -1 0 0
vn 0 1 0
usemtl m_78259a52-36d1-b55a-1736-85a769a7346c
f 3284/7588/1897 3287/7587/1897 3285/7586/1897 3282/7585/1897
f 3288/7592/1898 3283/7591/1898 3281/7590/1898 3286/7589/1898
f 3287/7596/1899 3288/7595/1899 3286/7594/1899 3285/7593/1899
f 3286/7600/1900 3281/7599/1900 3282/7598/1900 3285/7597/1900
o cube
v 0.264363877429604 1.1306193324658038 -0.8703618459905718
v 0.2857627209742297 1.3680589169153188 -0.9456249394122107
v 0.5335497883979183 1.2995968202751669 -0.2607375322121639
v 0.554948631942545 1.5370364047246818 -0.33600062563380284
v 0.45754458881242943 1.3317261681772732 -1.0114061772476122
v 0.4361457452678028 1.0942865837277584 -0.9361430838259732
v 0.7267304997807438 1.5007036559866362 -0.4017818634692043
v 0.7053316562361172 1.2632640715371215 -0.32651877004756535
vt 0.6875 0.453125
vt 0.69921875 0.453125
vt 0.69921875 0.41015625
vt 0.6875 0.41015625
vt 0.671875 0.453125
vt 0.6875 0.453125
vt 0.6875 0.41015625
vt 0.671875 0.41015625
vt 0.71484375 0.453125
vt 0.7265625 0.453125
vt 0.7265625 0.41015625
vt 0.71484375 0.41015625
vt 0.69921875 0.453125
vt 0.71484375 0.453125
vt 0.71484375 0.41015625
vt 0.69921875 0.41015625
vt 0.69921875 0.453125
vt 0.6875 0.453125
vt 0.6875 0.46875
vt 0.69921875 0.46875
vt 0.7109375 0.46875
vt 0.69921875 0.46875
vt 0.69921875 0.453125
vt 0.7109375 0.453125
vn 0.08559537417850499 0.9497583377980594 -0.30105237368655513
vn -0.9161699618037283 0.19377465993624154 0.35083326845547197
vn -0.08559537417850499 -0.9497583377980594 0.30105237368655513
vn 0.9161699618037283 -0.19377465993624154 -0.35083326845547197
vn -0.39154314322663974 -0.24578543681361872 -0.8867262745867758
vn 0.39154314322663974 0.24578543681361872 0.8867262745867758
usemtl m_78259a52-36d1-b55a-1736-85a769a7346c
f 3292/7604/1901 3295/7603/1901 3293/7602/1901 3290/7601/1901
f 3291/7608/1902 3292/7607/1902 3290/7606/1902 3289/7605/1902
f 3296/7612/1903 3291/7611/1903 3289/7610/1903 3294/7609/1903
f 3295/7616/1904 3296/7615/1904 3294/7614/1904 3293/7613/1904
f 3294/7620/1905 3289/7619/1905 3290/7618/1905 3293/7617/1905
f 3295/7624/1906 3292/7623/1906 3291/7622/1906 3296/7621/1906
o cube
v 1.770789551576728 2.084202110582387 2.3586984389142858
v 1.7814889733490409 2.2029219028071445 2.3210668922034667
v 3.2146048922249624 2.9905359088326073 5.62850157645302
v 3.2253043139972757 3.1092557010573647 5.590870029742201
v 1.8960102185745065 2.1787000703151147 2.2772127336465324
v 1.8853107968021936 2.0599802780903573 2.3148442803573515
v 3.3398255592227417 3.0850338685653345 5.547015871185268
v 3.3291261374504284 2.966314076340577 5.584647417896087
vt 0.6875 0.9921875
vt 0.6953125 0.9921875
vt 0.6953125 0.76171875
vt 0.6875 0.76171875
vt 0.6796875 0.9921875
vt 0.6875 0.9921875
vt 0.6875 0.76171875
vt 0.6796875 0.76171875
vt 0.703125 0.9921875
vt 0.7109375 0.9921875
vt 0.7109375 0.76171875
vt 0.703125 0.76171875
vt 0.6953125 0.9921875
vt 0.703125 0.9921875
vt 0.703125 0.76171875
vt 0.6953125 0.76171875
vt 0.703125 1
vt 0.6953125 1
vt 0.6953125 0.9921875
vt 0.703125 0.9921875
vn 0.08559537417850499 0.9497583377980594 -0.30105237368655513
vn -0.9161699618037283 0.19377465993624154 0.35083326845547197
vn -0.08559537417850499 -0.9497583377980594 0.30105237368655513
vn 0.9161699618037283 -0.19377465993624154 -0.35083326845547197
vn 0.39154314322663974 0.24578543681361872 0.8867262745867758
usemtl m_78259a52-36d1-b55a-1736-85a769a7346c
f 3300/7628/1907 3303/7627/1907 3301/7626/1907 3298/7625/1907
f 3299/7632/1908 3300/7631/1908 3298/7630/1908 3297/7629/1908
f 3304/7636/1909 3299/7635/1909 3297/7634/1909 3302/7633/1909
f 3303/7640/1910 3304/7639/1910 3302/7638/1910 3301/7637/1910
f 3303/7644/1911 3300/7643/1911 3299/7642/1911 3304/7641/1911
o cube
v 0.12240316692922537 1.2416735671170789 -0.7679759893489084
v 0.13310258870153824 1.3603933593418363 -0.8056075360597279
v 0.17134605983255558 1.2723967467187813 -0.6571352050255612
v 0.18204548160486844 1.3911165389435387 -0.6947667517363807
v 0.30488445653973706 1.3240606106037909 -0.8713887738951294
v 0.2941850347674242 1.2053408183790335 -0.8337572271843099
v 0.35382734944306726 1.3547837902054933 -0.7605479895717822
v 0.3431279276707544 1.236063997980736 -0.7229164428609627
vt 0.6875 0.453125
vt 0.69921875 0.453125
vt 0.69921875 0.4453125
vt 0.6875 0.4453125
vt 0.6796875 0.453125
vt 0.6875 0.453125
vt 0.6875 0.4453125
vt 0.6796875 0.4453125
vt 0.70703125 0.453125
vt 0.71875 0.453125
vt 0.71875 0.4453125
vt 0.70703125 0.4453125
vt 0.69921875 0.453125
vt 0.6875 0.453125
vt 0.6875 0.4609375
vt 0.69921875 0.4609375
vt 0.7109375 0.4609375
vt 0.69921875 0.4609375
vt 0.69921875 0.453125
vt 0.7109375 0.453125
vn 0.08559537417850499 0.9497583377980594 -0.30105237368655513
vn -0.9161699618037283 0.19377465993624154 0.35083326845547197
vn -0.08559537417850499 -0.9497583377980594 0.30105237368655513
vn -0.39154314322663974 -0.24578543681361872 -0.8867262745867758
vn 0.39154314322663974 0.24578543681361872 0.8867262745867758
usemtl m_78259a52-36d1-b55a-1736-85a769a7346c
f 3308/7648/1912 3311/7647/1912 3309/7646/1912 3306/7645/1912
f 3307/7652/1913 3308/7651/1913 3306/7650/1913 3305/7649/1913
f 3312/7656/1914 3307/7655/1914 3305/7654/1914 3310/7653/1914
f 3310/7660/1915 3305/7659/1915 3306/7658/1915 3309/7657/1915
f 3311/7664/1916 3308/7663/1916 3307/7662/1916 3312/7661/1916
o cube
v 0.0568248146070891 1.2966185792108114 -0.6132810464686269
v 0.06752423637940197 1.4153383714355687 -0.6509125931794464
v 0.1057677075104193 1.3273417588125138 -0.5024402621452797
v 0.11646712928273217 1.4460615510372712 -0.5400718088560992
v 0.2393061042176008 1.3790056226975234 -0.7166938310148478
v 0.22860668244528792 1.260285830472766 -0.6790622843040284
v 0.288248997120931 1.4097288022992258 -0.6058530466915006
v 0.2775495753486181 1.2910090100744684 -0.5682214999806812
vt 0.6875 0.453125
vt 0.69921875 0.453125
vt 0.69921875 0.4453125
vt 0.6875 0.4453125
vt 0.6796875 0.453125
vt 0.6875 0.453125
vt 0.6875 0.4453125
vt 0.6796875 0.4453125
vt 0.70703125 0.453125
vt 0.71875 0.453125
vt 0.71875 0.4453125
vt 0.70703125 0.4453125
vt 0.69921875 0.453125
vt 0.70703125 0.453125
vt 0.70703125 0.4453125
vt 0.69921875 0.4453125
vt 0.69921875 0.453125
vt 0.6875 0.453125
vt 0.6875 0.4609375
vt 0.69921875 0.4609375
vt 0.7109375 0.4609375
vt 0.69921875 0.4609375
vt 0.69921875 0.453125
vt 0.7109375 0.453125
vn 0.08559537417850499 0.9497583377980594 -0.30105237368655513
vn -0.9161699618037283 0.19377465993624154 0.35083326845547197
vn -0.08559537417850499 -0.9497583377980594 0.30105237368655513
vn 0.9161699618037283 -0.19377465993624154 -0.35083326845547197
vn -0.39154314322663974 -0.24578543681361872 -0.8867262745867758
vn 0.39154314322663974 0.24578543681361872 0.8867262745867758
usemtl m_78259a52-36d1-b55a-1736-85a769a7346c
f 3316/7668/1917 3319/7667/1917 3317/7666/1917 3314/7665/1917
f 3315/7672/1918 3316/7671/1918 3314/7670/1918 3313/7669/1918
f 3320/7676/1919 3315/7675/1919 3313/7674/1919 3318/7673/1919
f 3319/7680/1920 3320/7679/1920 3318/7678/1920 3317/7677/1920
f 3318/7684/1921 3313/7683/1921 3314/7682/1921 3317/7681/1921
f 3319/7688/1922 3316/7687/1922 3315/7686/1922 3320/7685/1922
o cube
v -0.008753537715047166 1.351563591304544 -0.4585861035883463
v 0.001945884057265701 1.4702833835293014 -0.49621765029916576
v 0.04018935518828304 1.3822867709062465 -0.3477453192649991
v 0.050888776960595905 1.501006563131004 -0.38537686597581855
v 0.17372775189546452 1.433950634791256 -0.5619988881345672
v 0.16302833012315165 1.3152308425664987 -0.5243673414237477
v 0.22267064479879473 1.4646738143929585 -0.45115810381122
v 0.21197122302648186 1.3459540221682011 -0.41352655710040054
vt 0.6875 0.453125
vt 0.69921875 0.453125
vt 0.69921875 0.4453125
vt 0.6875 0.4453125
vt 0.6796875 0.453125
vt 0.6875 0.453125
vt 0.6875 0.4453125
vt 0.6796875 0.4453125
vt 0.70703125 0.453125
vt 0.71875 0.453125
vt 0.71875 0.4453125
vt 0.70703125 0.4453125
vt 0.69921875 0.453125
vt 0.70703125 0.453125
vt 0.70703125 0.4453125
vt 0.69921875 0.4453125
vt 0.69921875 0.453125
vt 0.6875 0.453125
vt 0.6875 0.4609375
vt 0.69921875 0.4609375
vt 0.7109375 0.4609375
vt 0.69921875 0.4609375
vt 0.69921875 0.453125
vt 0.7109375 0.453125
vn 0.08559537417850499 0.9497583377980594 -0.30105237368655513
vn -0.9161699618037283 0.19377465993624154 0.35083326845547197
vn -0.08559537417850499 -0.9497583377980594 0.30105237368655513
vn 0.9161699618037283 -0.19377465993624154 -0.35083326845547197
vn -0.39154314322663974 -0.24578543681361872 -0.8867262745867758
vn 0.39154314322663974 0.24578543681361872 0.8867262745867758
usemtl m_78259a52-36d1-b55a-1736-85a769a7346c
f 3324/7692/1923 3327/7691/1923 3325/7690/1923 3322/7689/1923
f 3323/7696/1924 3324/7695/1924 3322/7694/1924 3321/7693/1924
f 3328/7700/1925 3323/7699/1925 3321/7698/1925 3326/7697/1925
f 3327/7704/1926 3328/7703/1926 3326/7702/1926 3325/7701/1926
f 3326/7708/1927 3321/7707/1927 3322/7706/1927 3325/7705/1927
f 3327/7712/1928 3324/7711/1928 3323/7710/1928 3328/7709/1928
o cube
v -0.17221767584384295 1.3450622441948716 -0.5255727293547592
v -0.1615182540715301 1.463782036419629 -0.5632042760655787
v -0.12327478294051275 1.375785423796574 -0.414731945031412
v -0.11257536116819988 1.4945052160213315 -0.45236349174223145
v 0.010263613766668733 1.4274492876815836 -0.6289855139009801
v -0.0004358080056441338 1.3087294954568263 -0.5913539671901606
v 0.05920650666999894 1.458172467283286 -0.5181447295776329
v 0.04850708489768607 1.3394526750585287 -0.48051318286681344
vt 0.6875 0.453125
vt 0.69921875 0.453125
vt 0.69921875 0.4453125
vt 0.6875 0.4453125
vt 0.6796875 0.453125
vt 0.6875 0.453125
vt 0.6875 0.4453125
vt 0.6796875 0.4453125
vt 0.70703125 0.453125
vt 0.71875 0.453125
vt 0.71875 0.4453125
vt 0.70703125 0.4453125
vt 0.69921875 0.453125
vt 0.70703125 0.453125
vt 0.70703125 0.4453125
vt 0.69921875 0.4453125
vt 0.69921875 0.453125
vt 0.6875 0.453125
vt 0.6875 0.4609375
vt 0.69921875 0.4609375
vt 0.7109375 0.4609375
vt 0.69921875 0.4609375
vt 0.69921875 0.453125
vt 0.7109375 0.453125
vn 0.08559537417850499 0.9497583377980594 -0.30105237368655513
vn -0.9161699618037283 0.19377465993624154 0.35083326845547197
vn -0.08559537417850499 -0.9497583377980594 0.30105237368655513
vn 0.9161699618037283 -0.19377465993624154 -0.35083326845547197
vn -0.39154314322663974 -0.24578543681361872 -0.8867262745867758
vn 0.39154314322663974 0.24578543681361872 0.8867262745867758
usemtl m_78259a52-36d1-b55a-1736-85a769a7346c
f 3332/7716/1929 3335/7715/1929 3333/7714/1929 3330/7713/1929
f 3331/7720/1930 3332/7719/1930 3330/7718/1930 3329/7717/1930
f 3336/7724/1931 3331/7723/1931 3329/7722/1931 3334/7721/1931
f 3335/7728/1932 3336/7727/1932 3334/7726/1932 3333/7725/1932
f 3334/7732/1933 3329/7731/1933 3330/7730/1933 3333/7729/1933
f 3335/7736/1934 3332/7735/1934 3331/7734/1934 3336/7733/1934
o cube
v -0.33568181397263874 1.3385608970851997 -0.5925593551211721
v -0.3249823922003259 1.457280689309957 -0.6301909018319916
v -0.28673892106930854 1.369284076686902 -0.4817185707978249
v -0.27603949929699567 1.4880038689116595 -0.5193501175086443
v -0.15320052436212706 1.4209479405719119 -0.6959721396673926
v -0.16389994613443992 1.3022281483471545 -0.6583405929565731
v -0.10425763145879685 1.4516711201736143 -0.5851313553440454
v -0.11495705323110972 1.332951327948857 -0.5474998086332259
vt 0.6875 0.453125
vt 0.69921875 0.453125
vt 0.69921875 0.4453125
vt 0.6875 0.4453125
vt 0.6796875 0.453125
vt 0.6875 0.453125
vt 0.6875 0.4453125
vt 0.6796875 0.4453125
vt 0.70703125 0.453125
vt 0.71875 0.453125
vt 0.71875 0.4453125
vt 0.70703125 0.4453125
vt 0.69921875 0.453125
vt 0.70703125 0.453125
vt 0.70703125 0.4453125
vt 0.69921875 0.4453125
vt 0.69921875 0.453125
vt 0.6875 0.453125
vt 0.6875 0.4609375
vt 0.69921875 0.4609375
vt 0.7109375 0.4609375
vt 0.69921875 0.4609375
vt 0.69921875 0.453125
vt 0.7109375 0.453125
vn 0.08559537417850499 0.9497583377980594 -0.30105237368655513
vn -0.9161699618037283 0.19377465993624154 0.35083326845547197
vn -0.08559537417850499 -0.9497583377980594 0.30105237368655513
vn 0.9161699618037283 -0.19377465993624154 -0.35083326845547197
vn -0.39154314322663974 -0.24578543681361872 -0.8867262745867758
vn 0.39154314322663974 0.24578543681361872 0.8867262745867758
usemtl m_78259a52-36d1-b55a-1736-85a769a7346c
f 3340/7740/1935 3343/7739/1935 3341/7738/1935 3338/7737/1935
f 3339/7744/1936 3340/7743/1936 3338/7742/1936 3337/7741/1936
f 3344/7748/1937 3339/7747/1937 3337/7746/1937 3342/7745/1937
f 3343/7752/1938 3344/7751/1938 3342/7750/1938 3341/7749/1938
f 3342/7756/1939 3337/7755/1939 3338/7754/1939 3341/7753/1939
f 3343/7760/1940 3340/7759/1940 3339/7758/1940 3344/7757/1940
o cube
v -0.3273640842632357 1.295726801237482 -0.7253272187229864
v -0.31666466249092284 1.4144465934622394 -0.7629587654338059
v -0.2784211913599055 1.3264499808391845 -0.6144864343996392
v -0.26772176958759264 1.445169773063942 -0.6521179811104587
v -0.14488279465272402 1.378113844724194 -0.8287400032692074
v -0.1555822164250369 1.2593940524994367 -0.7911084565583879
v -0.09593990174939382 1.4088370243258965 -0.7178992189458602
v -0.10663932352170669 1.2901172321011392 -0.6802676722350407
vt 0.6875 0.453125
vt 0.69921875 0.453125
vt 0.69921875 0.4453125
vt 0.6875 0.4453125
vt 0.6796875 0.453125
vt 0.6875 0.453125
vt 0.6875 0.4453125
vt 0.6796875 0.4453125
vt 0.70703125 0.453125
vt 0.71875 0.453125
vt 0.71875 0.4453125
vt 0.70703125 0.4453125
vt 0.69921875 0.453125
vt 0.70703125 0.453125
vt 0.70703125 0.4453125
vt 0.69921875 0.4453125
vt 0.69921875 0.453125
vt 0.6875 0.453125
vt 0.6875 0.4609375
vt 0.69921875 0.4609375
vt 0.7109375 0.4609375
vt 0.69921875 0.4609375
vt 0.69921875 0.453125
vt 0.7109375 0.453125
vn 0.08559537417850499 0.9497583377980594 -0.30105237368655513
vn -0.9161699618037283 0.19377465993624154 0.35083326845547197
vn -0.08559537417850499 -0.9497583377980594 0.30105237368655513
vn 0.9161699618037283 -0.19377465993624154 -0.35083326845547197
vn -0.39154314322663974 -0.24578543681361872 -0.8867262745867758
vn 0.39154314322663974 0.24578543681361872 0.8867262745867758
usemtl m_78259a52-36d1-b55a-1736-85a769a7346c
f 3348/7764/1941 3351/7763/1941 3349/7762/1941 3346/7761/1941
f 3347/7768/1942 3348/7767/1942 3346/7766/1942 3345/7765/1942
f 3352/7772/1943 3347/7771/1943 3345/7770/1943 3350/7769/1943
f 3351/7776/1944 3352/7775/1944 3350/7774/1944 3349/7773/1944
f 3350/7780/1945 3345/7779/1945 3346/7778/1945 3349/7777/1945
f 3351/7784/1946 3348/7783/1946 3347/7782/1946 3352/7781/1946
o cube
v -0.26178573194109944 1.2407817891437494 -0.8800221616032671
v -0.25643602105494256 1.300141685256128 -0.8988379349586766
v -0.21284283903776924 1.2715049687454518 -0.7691813772799199
v -0.20749312815161236 1.3308648648578305 -0.7879971506353294
v -0.08465415321674374 1.2638089365180827 -0.964619172794078
v -0.09000386410290062 1.204449040405704 -0.9458033994386685
v -0.03571126031341354 1.2945321161197851 -0.8537783884707308
v -0.04106097119957042 1.2351722200074065 -0.8349626151153213
vt 0.6875 0.453125
vt 0.69921875 0.453125
vt 0.69921875 0.4453125
vt 0.6875 0.4453125
vt 0.68359375 0.453125
vt 0.6875 0.453125
vt 0.6875 0.4453125
vt 0.68359375 0.4453125
vt 0.703125 0.453125
vt 0.71484375 0.453125
vt 0.71484375 0.4453125
vt 0.703125 0.4453125
vt 0.69921875 0.453125
vt 0.703125 0.453125
vt 0.703125 0.4453125
vt 0.69921875 0.4453125
vt 0.69921875 0.453125
vt 0.6875 0.453125
vt 0.6875 0.45703125
vt 0.69921875 0.45703125
vt 0.7109375 0.45703125
vt 0.69921875 0.45703125
vt 0.69921875 0.453125
vt 0.7109375 0.453125
vn 0.08559537417850499 0.9497583377980594 -0.30105237368655513
vn -0.9161699618037283 0.19377465993624154 0.35083326845547197
vn -0.08559537417850499 -0.9497583377980594 0.30105237368655513
vn 0.9161699618037283 -0.19377465993624154 -0.35083326845547197
vn -0.39154314322663974 -0.24578543681361872 -0.8867262745867758
vn 0.39154314322663974 0.24578543681361872 0.8867262745867758
usemtl m_78259a52-36d1-b55a-1736-85a769a7346c
f 3356/7788/1947 3359/7787/1947 3357/7786/1947 3354/7785/1947
f 3355/7792/1948 3356/7791/1948 3354/7790/1948 3353/7789/1948
f 3360/7796/1949 3355/7795/1949 3353/7794/1949 3358/7793/1949
f 3359/7800/1950 3360/7799/1950 3358/7798/1950 3357/7797/1950
f 3358/7804/1951 3353/7803/1951 3354/7802/1951 3357/7801/1951
f 3359/7808/1952 3356/7807/1952 3355/7806/1952 3360/7805/1952
o cube
v -0.2534680022316964 1.1979476932960322 -1.0127900252050805
v -0.24276858045938354 1.3166674855207896 -1.0504215719159
v -0.2045251093283662 1.2286708728977347 -0.9019492408817333
v -0.19382568755605334 1.347390665122492 -0.9395807875925528
v -0.07098671262118472 1.2803347367827442 -1.1162028097513015
v -0.08168613439349759 1.1616149445579869 -1.078571263040482
v -0.022043819717854518 1.3110579163844467 -1.0053620254279543
v -0.032743241490167385 1.1923381241596893 -0.9677304787171348
vt 0.6875 0.453125
vt 0.69921875 0.453125
vt 0.69921875 0.4453125
vt 0.6875 0.4453125
vt 0.6796875 0.453125
vt 0.6875 0.453125
vt 0.6875 0.4453125
vt 0.6796875 0.4453125
vt 0.70703125 0.453125
vt 0.71875 0.453125
vt 0.71875 0.4453125
vt 0.70703125 0.4453125
vt 0.69921875 0.453125
vt 0.70703125 0.453125
vt 0.70703125 0.4453125
vt 0.69921875 0.4453125
vt 0.69921875 0.453125
vt 0.6875 0.453125
vt 0.6875 0.4609375
vt 0.69921875 0.4609375
vt 0.7109375 0.4609375
vt 0.69921875 0.4609375
vt 0.69921875 0.453125
vt 0.7109375 0.453125
vn 0.08559537417850499 0.9497583377980594 -0.30105237368655513
vn -0.9161699618037283 0.19377465993624154 0.35083326845547197
vn -0.08559537417850499 -0.9497583377980594 0.30105237368655513
vn 0.9161699618037283 -0.19377465993624154 -0.35083326845547197
vn -0.39154314322663974 -0.24578543681361872 -0.8867262745867758
vn 0.39154314322663974 0.24578543681361872 0.8867262745867758
usemtl m_78259a52-36d1-b55a-1736-85a769a7346c
f 3364/7812/1953 3367/7811/1953 3365/7810/1953 3362/7809/1953
f 3363/7816/1954 3364/7815/1954 3362/7814/1954 3361/7813/1954
f 3368/7820/1955 3363/7819/1955 3361/7818/1955 3366/7817/1955
f 3367/7824/1956 3368/7823/1956 3366/7822/1956 3365/7821/1956
f 3366/7828/1957 3361/7827/1957 3362/7826/1957 3365/7825/1957
f 3367/7832/1958 3364/7831/1958 3363/7830/1958 3368/7829/1958
o cube
v -0.18788964990956014 1.1430026812022995 -1.1674849680853612
v -0.18253993902340326 1.2023625773146782 -1.1863007414407707
v -0.11447531055456484 1.1890874506048532 -1.0012237916003413
v -0.10912559966840796 1.248447346717232 -1.0200395649557508
v -0.010758071185204443 1.1660298285766328 -1.2520819792761722
v -0.01610778207136132 1.1066699324642542 -1.2332662059207626
v 0.06265626816979086 1.2121145979791865 -1.0858208027911522
v 0.057306557283633985 1.1527547018668078 -1.0670050294357427
vt 0.6875 0.453125
vt 0.69921875 0.453125
vt 0.69921875 0.44140625
vt 0.6875 0.44140625
vt 0.68359375 0.453125
vt 0.6875 0.453125
vt 0.6875 0.44140625
vt 0.68359375 0.44140625
vt 0.703125 0.453125
vt 0.71484375 0.453125
vt 0.71484375 0.44140625
vt 0.703125 0.44140625
vt 0.69921875 0.453125
vt 0.703125 0.453125
vt 0.703125 0.44140625
vt 0.69921875 0.44140625
vt 0.69921875 0.453125
vt 0.6875 0.453125
vt 0.6875 0.45703125
vt 0.69921875 0.45703125
vt 0.7109375 0.45703125
vt 0.69921875 0.45703125
vt 0.69921875 0.453125
vt 0.7109375 0.453125
vn 0.08559537417850499 0.9497583377980594 -0.30105237368655513
vn -0.9161699618037283 0.19377465993624154 0.35083326845547197
vn -0.08559537417850499 -0.9497583377980594 0.30105237368655513
vn 0.9161699618037283 -0.19377465993624154 -0.35083326845547197
vn -0.39154314322663974 -0.24578543681361872 -0.8867262745867758
vn 0.39154314322663974 0.24578543681361872 0.8867262745867758
usemtl m_78259a52-36d1-b55a-1736-85a769a7346c
f 3372/7836/1959 3375/7835/1959 3373/7834/1959 3370/7833/1959
f 3371/7840/1960 3372/7839/1960 3370/7838/1960 3369/7837/1960
f 3376/7844/1961 3371/7843/1961 3369/7842/1961 3374/7841/1961
f 3375/7848/1962 3376/7847/1962 3374/7846/1962 3373/7845/1962
f 3374/7852/1963 3369/7851/1963 3370/7850/1963 3373/7849/1963
f 3375/7856/1964 3372/7855/1964 3371/7854/1964 3376/7853/1964
o cube
v -0.179571920200158 1.100168585354582 -1.3002528316871755
v -0.17422220931400112 1.1595284814669606 -1.319068605042585
v -0.10615758084516269 1.1462533547571356 -1.1339916552021556
v -0.10080786995900581 1.2056132508695143 -1.1528074285575651
v -0.002440341475802299 1.1231957327289153 -1.3848498428779865
v -0.007790052361959177 1.0638358366165366 -1.366034069522577
v 0.07097399787919301 1.169280502131469 -1.2185886663929666
v 0.06562428699303613 1.1099206060190903 -1.199772893037557
vt 0.6875 0.453125
vt 0.69921875 0.453125
vt 0.69921875 0.44140625
vt 0.6875 0.44140625
vt 0.68359375 0.453125
vt 0.6875 0.453125
vt 0.6875 0.44140625
vt 0.68359375 0.44140625
vt 0.703125 0.453125
vt 0.71484375 0.453125
vt 0.71484375 0.44140625
vt 0.703125 0.44140625
vt 0.69921875 0.453125
vt 0.703125 0.453125
vt 0.703125 0.44140625
vt 0.69921875 0.44140625
vt 0.7109375 0.45703125
vt 0.69921875 0.45703125
vt 0.69921875 0.453125
vt 0.7109375 0.453125
vn 0.08559537417850499 0.9497583377980594 -0.30105237368655513
vn -0.9161699618037283 0.19377465993624154 0.35083326845547197
vn -0.08559537417850499 -0.9497583377980594 0.30105237368655513
vn 0.9161699618037283 -0.19377465993624154 -0.35083326845547197
vn 0.39154314322663974 0.24578543681361872 0.8867262745867758
usemtl m_78259a52-36d1-b55a-1736-85a769a7346c
f 3380/7860/1965 3383/7859/1965 3381/7858/1965 3378/7857/1965
f 3379/7864/1966 3380/7863/1966 3378/7862/1966 3377/7861/1966
f 3384/7868/1967 3379/7867/1967 3377/7866/1967 3382/7865/1967
f 3383/7872/1968 3384/7871/1968 3382/7870/1968 3381/7869/1968
f 3383/7876/1969 3380/7875/1969 3379/7874/1969 3384/7873/1969
o cube
v -0.23635080013634635 0.9684156242565933 -1.7320497353758242
v -0.23100108925018947 1.027775520368972 -1.7508655087312337
v -0.13846501432968594 1.0298619834599982 -1.5103681667291307
v -0.13311530344352906 1.089221879572377 -1.5291839400845402
v -0.17374046663745712 1.015664604122957 -1.7727925880097009
v -0.179090177523614 0.9563047080105782 -1.7539768146542913
v -0.07585468083079672 1.0771109633263618 -1.5511110193630073
v -0.0812043917169536 1.0177510672139831 -1.5322952460075978
vt 0.6953125 0.453125
vt 0.69921875 0.453125
vt 0.69921875 0.4375
vt 0.6953125 0.4375
vt 0.69140625 0.453125
vt 0.6953125 0.453125
vt 0.6953125 0.4375
vt 0.69140625 0.4375
vt 0.703125 0.453125
vt 0.70703125 0.453125
vt 0.70703125 0.4375
vt 0.703125 0.4375
vt 0.69921875 0.453125
vt 0.703125 0.453125
vt 0.703125 0.4375
vt 0.69921875 0.4375
vt 0.69921875 0.453125
vt 0.6953125 0.453125
vt 0.6953125 0.45703125
vt 0.69921875 0.45703125
vn 0.08559537417850499 0.9497583377980594 -0.30105237368655513
vn -0.9161699618037283 0.19377465993624154 0.35083326845547197
vn -0.08559537417850499 -0.9497583377980594 0.30105237368655513
vn 0.9161699618037283 -0.19377465993624154 -0.35083326845547197
vn -0.39154314322663974 -0.24578543681361872 -0.8867262745867758
usemtl m_78259a52-36d1-b55a-1736-85a769a7346c
f 3388/7880/1970 3391/7879/1970 3389/7878/1970 3386/7877/1970
f 3387/7884/1971 3388/7883/1971 3386/7882/1971 3385/7881/1971
f 3392/7888/1972 3387/7887/1972 3385/7886/1972 3390/7885/1972
f 3391/7892/1973 3392/7891/1973 3390/7890/1973 3389/7889/1973
f 3390/7896/1974 3385/7895/1974 3386/7894/1974 3389/7893/1974
o cube
v 0.38720285236447083 1.063563404126056 -1.0469838681493204
v 0.40860169590909745 1.3010029885755707 -1.1222469615709594
v 0.680860209784452 1.2479024817362703 -0.3819391622092385
v 0.7022590533290778 1.485342066185785 -0.45720225563087746
v 0.5803835637472972 1.2646702398375256 -1.18802819940636
v 0.5589847202026714 1.0272306553880106 -1.112765105984721
v 0.8740409211672775 1.4490093174477399 -0.5229834934662785
v 0.8526420776226509 1.211569732998225 -0.44772040004463953
vt 0.68359375 0.453125
vt 0.6953125 0.453125
vt 0.6953125 0.40625
vt 0.68359375 0.40625
vt 0.66796875 0.453125
vt 0.68359375 0.453125
vt 0.68359375 0.40625
vt 0.66796875 0.40625
vt 0.7109375 0.453125
vt 0.72265625 0.453125
vt 0.72265625 0.40625
vt 0.7109375 0.40625
vt 0.6953125 0.453125
vt 0.7109375 0.453125
vt 0.7109375 0.40625
vt 0.6953125 0.40625
vt 0.6953125 0.453125
vt 0.68359375 0.453125
vt 0.68359375 0.46875
vt 0.6953125 0.46875
vt 0.70703125 0.46875
vt 0.6953125 0.46875
vt 0.6953125 0.453125
vt 0.70703125 0.453125
vn 0.08559537417850499 0.9497583377980594 -0.30105237368655513
vn -0.9161699618037283 0.19377465993624154 0.35083326845547197
vn -0.08559537417850499 -0.9497583377980594 0.30105237368655513
vn 0.9161699618037283 -0.19377465993624154 -0.35083326845547197
vn -0.39154314322663974 -0.24578543681361872 -0.8867262745867758
vn 0.39154314322663974 0.24578543681361872 0.8867262745867758
usemtl m_78259a52-36d1-b55a-1736-85a769a7346c
f 3396/7900/1975 3399/7899/1975 3397/7898/1975 3394/7897/1975
f 3395/7904/1976 3396/7903/1976 3394/7902/1976 3393/7901/1976
f 3400/7908/1977 3395/7907/1977 3393/7906/1977 3398/7905/1977
f 3399/7912/1978 3400/7911/1978 3398/7910/1978 3397/7909/1978
f 3398/7916/1979 3393/7915/1979 3394/7914/1979 3397/7913/1979
f 3399/7920/1980 3396/7919/1980 3395/7918/1980 3400/7917/1980
o cube
v 0.5888058775404925 1.1019521413012405 -1.0761604871784574
v 0.5995052993128054 1.220671933525998 -1.1137920338892768
v 0.6866916633471529 1.1633985005046454 -0.8544789185317638
v 0.6973910851194658 1.2821182927294028 -0.8921104652425833
v 0.7712871671510042 1.1843391847879525 -1.1795732717246783
v 0.7605877453786913 1.0656193925631952 -1.1419417250138588
v 0.8691729529576646 1.2457855439913574 -0.9578917030779848
v 0.8584735311853517 1.1270657517666 -0.9202601563671653
vt 0.6875 0.453125
vt 0.69921875 0.453125
vt 0.69921875 0.4375
vt 0.6875 0.4375
vt 0.70703125 0.453125
vt 0.71875 0.453125
vt 0.71875 0.4375
vt 0.70703125 0.4375
vt 0.7109375 0.4609375
vt 0.69921875 0.4609375
vt 0.69921875 0.453125
vt 0.7109375 0.453125
vn 0.08559537417850499 0.9497583377980594 -0.30105237368655513
vn -0.08559537417850499 -0.9497583377980594 0.30105237368655513
vn 0.39154314322663974 0.24578543681361872 0.8867262745867758
usemtl m_78259a52-36d1-b55a-1736-85a769a7346c
f 3404/7924/1981 3407/7923/1981 3405/7922/1981 3402/7921/1981
f 3408/7928/1982 3403/7927/1982 3401/7926/1982 3406/7925/1982
f 3407/7932/1983 3404/7931/1983 3403/7930/1983 3408/7929/1983
o cube
v 0.7194808395082211 1.135925994457779 -0.9318263899719041
v 0.7301802612805339 1.2546457866825365 -0.9694579366827236
v 0.7928951788632155 1.1820107638603328 -0.7655652134868842
v 0.8035946006355283 1.3007305560850901 -0.8031967601977037
v 0.9592227517314651 1.206202121698476 -1.0571662537965918
v 0.9485233299591522 1.0874823294737186 -1.0195347070857723
v 1.0326370910864604 1.2522868911010296 -0.8909050773115719
v 1.0219376693141475 1.1335670988762723 -0.8532735306007524
vt 0.68359375 0.453125
vt 0.69921875 0.453125
vt 0.69921875 0.44140625
vt 0.68359375 0.44140625
vt 0.67578125 0.453125
vt 0.68359375 0.453125
vt 0.68359375 0.44140625
vt 0.67578125 0.44140625
vt 0.70703125 0.453125
vt 0.72265625 0.453125
vt 0.72265625 0.44140625
vt 0.70703125 0.44140625
vt 0.71484375 0.4609375
vt 0.69921875 0.4609375
vt 0.69921875 0.453125
vt 0.71484375 0.453125
vn 0.08559537417850499 0.9497583377980594 -0.30105237368655513
vn -0.9161699618037283 0.19377465993624154 0.35083326845547197
vn -0.08559537417850499 -0.9497583377980594 0.30105237368655513
vn 0.39154314322663974 0.24578543681361872 0.8867262745867758
usemtl m_78259a52-36d1-b55a-1736-85a769a7346c
f 3412/7936/1984 3415/7935/1984 3413/7934/1984 3410/7933/1984
f 3411/7940/1985 3412/7939/1985 3410/7938/1985 3409/7937/1985
f 3416/7944/1986 3411/7943/1986 3409/7942/1986 3414/7941/1986
f 3415/7948/1987 3412/7947/1987 3411/7946/1987 3416/7945/1987
o cube
v 0.8340020847336875 1.111704161965749 -0.9756805485288385
v 0.8447015065060004 1.2304239541905064 -1.013312095239658
v 0.9318878705403479 1.1731505211691537 -0.7539989798821449
v 0.9425872923126608 1.2918703133939111 -0.7916305265929644
v 1.0737439969569325 1.181980289206446 -1.1010204123535257
v 1.0630445751846196 1.0632604969816886 -1.0633888656427066
v 1.171629782763592 1.2434266484098506 -0.8793388437068326
v 1.160930360991279 1.1247068561850933 -0.8417072969960131
vt 0.68359375 0.453125
vt 0.69921875 0.453125
vt 0.69921875 0.4375
vt 0.68359375 0.4375
vt 0.67578125 0.453125
vt 0.68359375 0.453125
vt 0.68359375 0.4375
vt 0.67578125 0.4375
vt 0.70703125 0.453125
vt 0.72265625 0.453125
vt 0.72265625 0.4375
vt 0.70703125 0.4375
vt 0.69921875 0.453125
vt 0.70703125 0.453125
vt 0.70703125 0.4375
vt 0.69921875 0.4375
vt 0.69921875 0.453125
vt 0.68359375 0.453125
vt 0.68359375 0.4609375
vt 0.69921875 0.4609375
vt 0.71484375 0.4609375
vt 0.69921875 0.4609375
vt 0.69921875 0.453125
vt 0.71484375 0.453125
vn 0.08559537417850499 0.9497583377980594 -0.30105237368655513
vn -0.9161699618037283 0.19377465993624154 0.35083326845547197
vn -0.08559537417850499 -0.9497583377980594 0.30105237368655513
vn 0.9161699618037283 -0.19377465993624154 -0.35083326845547197
vn -0.39154314322663974 -0.24578543681361872 -0.8867262745867758
vn 0.39154314322663974 0.24578543681361872 0.8867262745867758
usemtl m_78259a52-36d1-b55a-1736-85a769a7346c
f 3420/7952/1988 3423/7951/1988 3421/7950/1988 3418/7949/1988
f 3419/7956/1989 3420/7955/1989 3418/7954/1989 3417/7953/1989
f 3424/7960/1990 3419/7959/1990 3417/7958/1990 3422/7957/1990
f 3423/7964/1991 3424/7963/1991 3422/7962/1991 3421/7961/1991
f 3422/7968/1992 3417/7967/1992 3418/7966/1992 3421/7965/1992
f 3423/7972/1993 3420/7971/1993 3419/7970/1993 3424/7969/1993
o cube
v 0.7605877453786922 1.0656193925631954 -1.141941725013858
v 0.7712871671510051 1.1843391847879527 -1.1795732717246774
v 0.8340020847336875 1.111704161965749 -0.975680548528838
v 0.8447015065060004 1.2304239541905064 -1.0133120952396575
v 0.9430690349892039 1.1480064360499074 -1.2453545095600789
v 0.932369613216891 1.02928664382515 -1.2077229628492594
v 1.0164833743441992 1.194091205452461 -1.079093333075059
v 1.0057839525718864 1.0753714132277037 -1.0414617863642395
vt 0.6875 0.453125
vt 0.69921875 0.453125
vt 0.69921875 0.44140625
vt 0.6875 0.44140625
vt 0.70703125 0.453125
vt 0.71875 0.453125
vt 0.71875 0.44140625
vt 0.70703125 0.44140625
vt 0.69921875 0.453125
vt 0.70703125 0.453125
vt 0.70703125 0.44140625
vt 0.69921875 0.44140625
vt 0.69921875 0.453125
vt 0.6875 0.453125
vt 0.6875 0.4609375
vt 0.69921875 0.4609375
vn 0.08559537417850499 0.9497583377980594 -0.30105237368655513
vn -0.08559537417850499 -0.9497583377980594 0.30105237368655513
vn 0.9161699618037283 -0.19377465993624154 -0.35083326845547197
vn -0.39154314322663974 -0.24578543681361872 -0.8867262745867758
usemtl m_78259a52-36d1-b55a-1736-85a769a7346c
f 3428/7976/1994 3431/7975/1994 3429/7974/1994 3426/7973/1994
f 3432/7980/1995 3427/7979/1995 3425/7978/1995 3430/7977/1995
f 3431/7984/1996 3432/7983/1996 3430/7982/1996 3429/7981/1996
f 3430/7988/1997 3425/7987/1997 3426/7986/1997 3429/7985/1997
o cube
v 0.5153915381854981 1.0558673718986868 -1.2424216636634777
v 0.526090959957811 1.1745871641234442 -1.2800532103742972
v 0.5888058775404925 1.1019521413012405 -1.0761604871784578
v 0.5995052993128054 1.220671933525998 -1.1137920338892773
v 0.8123940730214763 1.1140325828933686 -1.389688606766632
v 0.8016946512491634 0.9953127906686113 -1.3520570600558126
v 0.8858084123764707 1.1601173522959223 -1.2234274302816122
v 0.8751089906041578 1.041397560071165 -1.1857958835707927
vt 0.68359375 0.453125
vt 0.703125 0.453125
vt 0.703125 0.44140625
vt 0.68359375 0.44140625
vt 0.67578125 0.453125
vt 0.68359375 0.453125
vt 0.68359375 0.44140625
vt 0.67578125 0.44140625
vt 0.7109375 0.453125
vt 0.73046875 0.453125
vt 0.73046875 0.44140625
vt 0.7109375 0.44140625
vt 0.703125 0.453125
vt 0.7109375 0.453125
vt 0.7109375 0.44140625
vt 0.703125 0.44140625
vt 0.703125 0.453125
vt 0.68359375 0.453125
vt 0.68359375 0.4609375
vt 0.703125 0.4609375
vn 0.08559537417850499 0.9497583377980594 -0.30105237368655513
vn -0.9161699618037283 0.19377465993624154 0.35083326845547197
vn -0.08559537417850499 -0.9497583377980594 0.30105237368655513
vn 0.9161699618037283 -0.19377465993624154 -0.35083326845547197
vn -0.39154314322663974 -0.24578543681361872 -0.8867262745867758
usemtl m_78259a52-36d1-b55a-1736-85a769a7346c
f 3436/7992/1998 3439/7991/1998 3437/7990/1998 3434/7989/1998
f 3435/7996/1999 3436/7995/1999 3434/7994/1999 3433/7993/1999
f 3440/8000/2000 3435/7999/2000 3433/7998/2000 3438/7997/2000
f 3439/8004/2001 3440/8003/2001 3438/8002/2001 3437/8001/2001
f 3438/8008/2002 3433/8007/2002 3434/8006/2002 3437/8005/2002
o cube
v 0.40918802266943466 1.0372551085429997 -1.3313353687083573
v 0.4198874444417475 1.155974900767757 -1.3689669154191768
v 0.48260236202442997 1.0833398779455534 -1.1650741922233374
v 0.49330178379674283 1.2020596701703108 -1.2027057389341569
v 0.6489299348926805 1.1075312357836968 -1.456675232533045
v 0.6382305131203676 0.9888114435589394 -1.4190436858222255
v 0.7223442742476749 1.1536160051862505 -1.290414056048025
v 0.711644852475362 1.0348962129614931 -1.2527825093372056
vt 0.6875 0.453125
vt 0.703125 0.453125
vt 0.703125 0.44140625
vt 0.6875 0.44140625
vt 0.6796875 0.453125
vt 0.6875 0.453125
vt 0.6875 0.44140625
vt 0.6796875 0.44140625
vt 0.7109375 0.453125
vt 0.7265625 0.453125
vt 0.7265625 0.44140625
vt 0.7109375 0.44140625
vt 0.703125 0.453125
vt 0.7109375 0.453125
vt 0.7109375 0.44140625
vt 0.703125 0.44140625
vt 0.703125 0.453125
vt 0.6875 0.453125
vt 0.6875 0.4609375
vt 0.703125 0.4609375
vt 0.71875 0.4609375
vt 0.703125 0.4609375
vt 0.703125 0.453125
vt 0.71875 0.453125
vn 0.08559537417850499 0.9497583377980594 -0.30105237368655513
vn -0.9161699618037283 0.19377465993624154 0.35083326845547197
vn -0.08559537417850499 -0.9497583377980594 0.30105237368655513
vn 0.9161699618037283 -0.19377465993624154 -0.35083326845547197
vn -0.39154314322663974 -0.24578543681361872 -0.8867262745867758
vn 0.39154314322663974 0.24578543681361872 0.8867262745867758
usemtl m_78259a52-36d1-b55a-1736-85a769a7346c
f 3444/8012/2003 3447/8011/2003 3445/8010/2003 3442/8009/2003
f 3443/8016/2004 3444/8015/2004 3442/8014/2004 3441/8013/2004
f 3448/8020/2005 3443/8019/2005 3441/8018/2005 3446/8017/2005
f 3447/8024/2006 3448/8023/2006 3446/8022/2006 3445/8021/2006
f 3446/8028/2007 3441/8027/2007 3442/8026/2007 3445/8025/2007
f 3447/8032/2008 3444/8031/2008 3443/8030/2008 3448/8029/2008
o cube
v 0.24572388454063887 1.0307537614333275 -1.3983219944747702
v 0.25107359542679575 1.0901136575457062 -1.4171377678301798
v 0.3191382238956342 1.0768385308358812 -1.2320608179897503
v 0.32448793478179105 1.13619842694826 -1.2508765913451598
v 0.537376708490461 1.0295590763156306 -1.526773164222515
v 0.5320269976043042 0.970199180203252 -1.5079573908671056
v 0.6107910478454563 1.0756438457181843 -1.3605119877374952
v 0.6054413369592995 1.0162839496058056 -1.3416962143820856
vt 0.6875 0.453125
vt 0.70703125 0.453125
vt 0.70703125 0.44140625
vt 0.6875 0.44140625
vt 0.68359375 0.453125
vt 0.6875 0.453125
vt 0.6875 0.44140625
vt 0.68359375 0.44140625
vt 0.7109375 0.453125
vt 0.73046875 0.453125
vt 0.73046875 0.44140625
vt 0.7109375 0.44140625
vt 0.70703125 0.453125
vt 0.7109375 0.453125
vt 0.7109375 0.44140625
vt 0.70703125 0.44140625
vt 0.7265625 0.45703125
vt 0.70703125 0.45703125
vt 0.70703125 0.453125
vt 0.7265625 0.453125
vn 0.08559537417850499 0.9497583377980594 -0.30105237368655513
vn -0.9161699618037283 0.19377465993624154 0.35083326845547197
vn -0.08559537417850499 -0.9497583377980594 0.30105237368655513
vn 0.9161699618037283 -0.19377465993624154 -0.35083326845547197
vn 0.39154314322663974 0.24578543681361872 0.8867262745867758
usemtl m_78259a52-36d1-b55a-1736-85a769a7346c
f 3452/8036/2009 3455/8035/2009 3453/8034/2009 3450/8033/2009
f 3451/8040/2010 3452/8039/2010 3450/8038/2010 3449/8037/2010
f 3456/8044/2011 3451/8043/2011 3449/8042/2011 3454/8041/2011
f 3455/8048/2012 3456/8047/2012 3454/8046/2012 3453/8045/2012
f 3455/8052/2013 3452/8051/2013 3451/8050/2013 3456/8049/2013
o cube
v -0.08904037874981174 0.9167212857176971 -1.8532513653728984
v -0.07834095697749888 1.0354410779424543 -1.8908829120837178
v -0.015626039394816438 0.9628060551202507 -1.6869901888878784
v -0.004926617622503571 1.081525847345008 -1.724621735598698
v 0.09344091086069994 0.9991083292044091 -1.9566641499191193
v 0.08274148908838708 0.8803885369796517 -1.9190326032082998
v 0.16685525021569525 1.0451930986069629 -1.7904029734340994
v 0.15615582844338238 0.9264733063822054 -1.75277142672328
vt 0.6875 0.453125
vt 0.69921875 0.453125
vt 0.69921875 0.44140625
vt 0.6875 0.44140625
vt 0.6796875 0.453125
vt 0.6875 0.453125
vt 0.6875 0.44140625
vt 0.6796875 0.44140625
vt 0.70703125 0.453125
vt 0.71875 0.453125
vt 0.71875 0.44140625
vt 0.70703125 0.44140625
vt 0.69921875 0.453125
vt 0.70703125 0.453125
vt 0.70703125 0.44140625
vt 0.69921875 0.44140625
vt 0.69921875 0.453125
vt 0.6875 0.453125
vt 0.6875 0.4609375
vt 0.69921875 0.4609375
vn 0.08559537417850499 0.9497583377980594 -0.30105237368655513
vn -0.9161699618037283 0.19377465993624154 0.35083326845547197
vn -0.08559537417850499 -0.9497583377980594 0.30105237368655513
vn 0.9161699618037283 -0.19377465993624154 -0.35083326845547197
vn -0.39154314322663974 -0.24578543681361872 -0.8867262745867758
usemtl m_78259a52-36d1-b55a-1736-85a769a7346c
f 3460/8056/2014 3463/8055/2014 3461/8054/2014 3458/8053/2014
f 3459/8060/2015 3460/8059/2015 3458/8058/2015 3457/8057/2015
f 3464/8064/2016 3459/8063/2016 3457/8062/2016 3462/8061/2016
f 3463/8068/2017 3464/8067/2017 3462/8066/2017 3461/8065/2017
f 3462/8072/2018 3457/8071/2018 3458/8070/2018 3461/8069/2018
o cube
v -0.09984438460591782 0.9178854961815069 -2.060255394491795
v -0.09449467371976183 0.9772453922938856 -2.079071167847205
v -0.026430045250922518 0.9639702655840606 -1.893994218006775
v -0.02108033436476653 1.0233301616964394 -1.912809991362185
v 0.020026571505704638 0.9530235598018554 -2.1229253264041392
v 0.014676860619548648 0.8936636636894767 -2.1041095530487293
v 0.09344091086069994 0.9991083292044091 -1.9566641499191193
v 0.08809119997454395 0.9397484330920304 -1.9378483765637093
vt 0.6875 0.453125
vt 0.6953125 0.453125
vt 0.6953125 0.44140625
vt 0.6875 0.44140625
vt 0.68359375 0.453125
vt 0.6875 0.453125
vt 0.6875 0.44140625
vt 0.68359375 0.44140625
vt 0.69921875 0.453125
vt 0.70703125 0.453125
vt 0.70703125 0.44140625
vt 0.69921875 0.44140625
vt 0.6953125 0.453125
vt 0.69921875 0.453125
vt 0.69921875 0.44140625
vt 0.6953125 0.44140625
vt 0.6953125 0.453125
vt 0.6875 0.453125
vt 0.6875 0.45703125
vt 0.6953125 0.45703125
vn 0.08559537417850499 0.9497583377980594 -0.30105237368655513
vn -0.9161699618037283 0.19377465993624154 0.35083326845547197
vn -0.08559537417850499 -0.9497583377980594 0.30105237368655513
vn 0.9161699618037283 -0.19377465993624154 -0.35083326845547197
vn -0.39154314322663974 -0.24578543681361872 -0.8867262745867758
usemtl m_78259a52-36d1-b55a-1736-85a769a7346c
f 3468/8076/2019 3471/8075/2019 3469/8074/2019 3466/8073/2019
f 3467/8080/2020 3468/8079/2020 3466/8078/2020 3465/8077/2020
f 3472/8084/2021 3467/8083/2021 3465/8082/2021 3470/8081/2021
f 3471/8088/2022 3472/8087/2022 3470/8086/2022 3469/8085/2022
f 3470/8092/2023 3465/8091/2023 3466/8090/2023 3469/8089/2023
o cube
v -0.140469547799845 0.8443282207320871 -2.3038640424169565
v -0.135119836913689 0.9036881168444658 -2.3226798157723665
v -0.04258376199318459 0.905774579935492 -2.082182473770263
v -0.0372340511070286 0.9651344760478707 -2.100998247125673
v -0.07785921430095577 0.8915772005984507 -2.3446068950508336
v -0.08320892518711176 0.832217304486072 -2.3257911216954237
v 0.020026571505704638 0.9530235598018556 -2.12292532640414
v 0.014676860619548648 0.8936636636894769 -2.10410955304873
vt 0.69140625 0.453125
vt 0.6953125 0.453125
vt 0.6953125 0.4375
vt 0.69140625 0.4375
vt 0.6875 0.453125
vt 0.69140625 0.453125
vt 0.69140625 0.4375
vt 0.6875 0.4375
vt 0.69921875 0.453125
vt 0.703125 0.453125
vt 0.703125 0.4375
vt 0.69921875 0.4375
vt 0.6953125 0.453125
vt 0.69921875 0.453125
vt 0.69921875 0.4375
vt 0.6953125 0.4375
vt 0.6953125 0.453125
vt 0.69140625 0.453125
vt 0.69140625 0.45703125
vt 0.6953125 0.45703125
vn 0.08559537417850499 0.9497583377980594 -0.30105237368655513
vn -0.9161699618037283 0.19377465993624154 0.35083326845547197
vn -0.08559537417850499 -0.9497583377980594 0.30105237368655513
vn 0.9161699618037283 -0.19377465993624154 -0.35083326845547197
vn -0.39154314322663974 -0.24578543681361872 -0.8867262745867758
usemtl m_78259a52-36d1-b55a-1736-85a769a7346c
f 3476/8096/2024 3479/8095/2024 3477/8094/2024 3474/8093/2024
f 3475/8100/2025 3476/8099/2025 3474/8098/2025 3473/8097/2025
f 3480/8104/2026 3475/8103/2026 3473/8102/2026 3478/8101/2026
f 3479/8108/2027 3480/8107/2027 3478/8106/2027 3477/8105/2027
f 3478/8112/2028 3473/8111/2028 3474/8110/2028 3477/8109/2028
o cube
v 0.915734153798085 1.114954835520585 -0.942187235645632
v 0.9264335755703978 1.2336746277453423 -0.9798187823564515
v 1.0136199396047454 1.1764011947239896 -0.7205056669989385
v 1.0243193613770583 1.295120986948747 -0.758137213709758
v 1.15547606602133 1.1852309627612818 -1.0675270994703192
v 1.144776644249017 1.0665111705365244 -1.0298955527595002
v 1.2533618518279894 1.2466773219646865 -0.8458455308236261
v 1.2426624300556766 1.1279575297399291 -0.8082139841128066
vt 0.68359375 0.453125
vt 0.69921875 0.453125
vt 0.69921875 0.4375
vt 0.68359375 0.4375
vt 0.67578125 0.453125
vt 0.68359375 0.453125
vt 0.68359375 0.4375
vt 0.67578125 0.4375
vt 0.70703125 0.453125
vt 0.72265625 0.453125
vt 0.72265625 0.4375
vt 0.70703125 0.4375
vt 0.69921875 0.453125
vt 0.70703125 0.453125
vt 0.70703125 0.4375
vt 0.69921875 0.4375
vt 0.69921875 0.453125
vt 0.68359375 0.453125
vt 0.68359375 0.4609375
vt 0.69921875 0.4609375
vt 0.71484375 0.4609375
vt 0.69921875 0.4609375
vt 0.69921875 0.453125
vt 0.71484375 0.453125
vn 0.08559537417850499 0.9497583377980594 -0.30105237368655513
vn -0.9161699618037283 0.19377465993624154 0.35083326845547197
vn -0.08559537417850499 -0.9497583377980594 0.30105237368655513
vn 0.9161699618037283 -0.19377465993624154 -0.35083326845547197
vn -0.39154314322663974 -0.24578543681361872 -0.8867262745867758
vn 0.39154314322663974 0.24578543681361872 0.8867262745867758
usemtl m_78259a52-36d1-b55a-1736-85a769a7346c
f 3484/8116/2029 3487/8115/2029 3485/8114/2029 3482/8113/2029
f 3483/8120/2030 3484/8119/2030 3482/8118/2030 3481/8117/2030
f 3488/8124/2031 3483/8123/2031 3481/8122/2031 3486/8121/2031
f 3487/8128/2032 3488/8127/2032 3486/8126/2032 3485/8125/2032
f 3486/8132/2033 3481/8131/2033 3482/8130/2033 3485/8129/2033
f 3487/8136/2034 3484/8135/2034 3483/8134/2034 3488/8133/2034
o cube
v 2.0752509148528118 2.2673769777287913 3.230747173973266
v 2.0966497583974384 2.504816562178306 3.155484080551627
v 2.173136700659472 2.3288233369321962 3.4524287426199596
v 2.194535544204099 2.566262921381711 3.3771656491983206
v 2.3256922488483713 2.456372897194246 3.067775763437759
v 2.3042934053037447 2.218933312744731 3.143038856859398
v 2.423578034655031 2.517819256397651 3.2894573320844525
v 2.402179191110405 2.2803796719481357 3.3647204255060914
vt 0.6875 0.453125
vt 0.703125 0.453125
vt 0.703125 0.4375
vt 0.6875 0.4375
vt 0.671875 0.453125
vt 0.6875 0.453125
vt 0.6875 0.4375
vt 0.671875 0.4375
vt 0.71875 0.453125
vt 0.734375 0.453125
vt 0.734375 0.4375
vt 0.71875 0.4375
vt 0.703125 0.453125
vt 0.71875 0.453125
vt 0.71875 0.4375
vt 0.703125 0.4375
vt 0.703125 0.453125
vt 0.6875 0.453125
vt 0.6875 0.46875
vt 0.703125 0.46875
vt 0.71875 0.46875
vt 0.703125 0.46875
vt 0.703125 0.453125
vt 0.71875 0.453125
vn 0.08559537417850499 0.9497583377980594 -0.30105237368655513
vn -0.9161699618037283 0.19377465993624154 0.35083326845547197
vn -0.08559537417850499 -0.9497583377980594 0.30105237368655513
vn 0.9161699618037283 -0.19377465993624154 -0.35083326845547197
vn -0.39154314322663974 -0.24578543681361872 -0.8867262745867758
vn 0.39154314322663974 0.24578543681361872 0.8867262745867758
usemtl m_78259a52-36d1-b55a-1736-85a769a7346c
f 3492/8140/2035 3495/8139/2035 3493/8138/2035 3490/8137/2035
f 3491/8144/2036 3492/8143/2036 3490/8142/2036 3489/8141/2036
f 3496/8148/2037 3491/8147/2037 3489/8146/2037 3494/8145/2037
f 3495/8152/2038 3496/8151/2038 3494/8150/2038 3493/8149/2038
f 3494/8156/2039 3489/8155/2039 3490/8154/2039 3493/8153/2039
f 3495/8160/2040 3492/8159/2040 3491/8158/2040 3496/8157/2040
o cube
v 1.903950789691157 2.1598458491228327 2.842804428841549
v 1.9253496332357836 2.3972854335723475 2.76754133541991
v 2.0018365754978173 2.2212922083262376 3.0644859974882426
v 2.023235419042444 2.4587317927757524 2.9892229040666036
v 2.1543921236867165 2.3488417685882874 2.679833018306042
v 2.13299328014209 2.1114021841387722 2.755096111727681
v 2.252277909493376 2.4102881277916923 2.9015145869527355
v 2.2308790659487503 2.172848543342177 2.9767776803743744
vt 0.6875 0.453125
vt 0.703125 0.453125
vt 0.703125 0.4375
vt 0.6875 0.4375
vt 0.671875 0.453125
vt 0.6875 0.453125
vt 0.6875 0.4375
vt 0.671875 0.4375
vt 0.71875 0.453125
vt 0.734375 0.453125
vt 0.734375 0.4375
vt 0.71875 0.4375
vt 0.703125 0.453125
vt 0.71875 0.453125
vt 0.71875 0.4375
vt 0.703125 0.4375
vt 0.703125 0.453125
vt 0.6875 0.453125
vt 0.6875 0.46875
vt 0.703125 0.46875
vt 0.71875 0.46875
vt 0.703125 0.46875
vt 0.703125 0.453125
vt 0.71875 0.453125
vn 0.08559537417850499 0.9497583377980594 -0.30105237368655513
vn -0.9161699618037283 0.19377465993624154 0.35083326845547197
vn -0.08559537417850499 -0.9497583377980594 0.30105237368655513
vn 0.9161699618037283 -0.19377465993624154 -0.35083326845547197
vn -0.39154314322663974 -0.24578543681361872 -0.8867262745867758
vn 0.39154314322663974 0.24578543681361872 0.8867262745867758
usemtl m_78259a52-36d1-b55a-1736-85a769a7346c
f 3500/8164/2041 3503/8163/2041 3501/8162/2041 3498/8161/2041
f 3499/8168/2042 3500/8167/2042 3498/8166/2042 3497/8165/2042
f 3504/8172/2043 3499/8171/2043 3497/8170/2043 3502/8169/2043
f 3503/8176/2044 3504/8175/2044 3502/8174/2044 3501/8173/2044
f 3502/8180/2045 3497/8179/2045 3498/8178/2045 3501/8177/2045
f 3503/8184/2046 3500/8183/2046 3499/8182/2046 3504/8181/2046
o cube
v 1.7326506645295021 2.052314720516875 2.4548616837098356
v 1.7540495080741287 2.2897543049663898 2.3795985902881966
v 1.8305364503361625 2.11376107972028 2.676543252356529
v 1.8519352938807891 2.3512006641697947 2.60128015893489
v 1.9830919985250617 2.2413106399823297 2.2918902731743285
v 1.961693154980435 2.0038710555328145 2.3671533665959674
v 2.080977784331721 2.3027569991857346 2.513571841821022
v 2.0595789407870955 2.0653174147362194 2.588834935242661
vt 0.6875 0.453125
vt 0.703125 0.453125
vt 0.703125 0.4375
vt 0.6875 0.4375
vt 0.671875 0.453125
vt 0.6875 0.453125
vt 0.6875 0.4375
vt 0.671875 0.4375
vt 0.71875 0.453125
vt 0.734375 0.453125
vt 0.734375 0.4375
vt 0.71875 0.4375
vt 0.703125 0.453125
vt 0.71875 0.453125
vt 0.71875 0.4375
vt 0.703125 0.4375
vt 0.703125 0.453125
vt 0.6875 0.453125
vt 0.6875 0.46875
vt 0.703125 0.46875
vt 0.71875 0.46875
vt 0.703125 0.46875
vt 0.703125 0.453125
vt 0.71875 0.453125
vn 0.08559537417850499 0.9497583377980594 -0.30105237368655513
vn -0.9161699618037283 0.19377465993624154 0.35083326845547197
vn -0.08559537417850499 -0.9497583377980594 0.30105237368655513
vn 0.9161699618037283 -0.19377465993624154 -0.35083326845547197
vn -0.39154314322663974 -0.24578543681361872 -0.8867262745867758
vn 0.39154314322663974 0.24578543681361872 0.8867262745867758
usemtl m_78259a52-36d1-b55a-1736-85a769a7346c
f 3508/8188/2047 3511/8187/2047 3509/8186/2047 3506/8185/2047
f 3507/8192/2048 3508/8191/2048 3506/8190/2048 3505/8189/2048
f 3512/8196/2049 3507/8195/2049 3505/8194/2049 3510/8193/2049
f 3511/8200/2050 3512/8199/2050 3510/8198/2050 3509/8197/2050
f 3510/8204/2051 3505/8203/2051 3506/8202/2051 3509/8201/2051
f 3511/8208/2052 3508/8207/2052 3507/8206/2052 3512/8205/2052
o cube
v 1.5858219858195124 1.9601451817117677 2.122339330739794
v 1.607220829364139 2.1975847661612824 2.047076237318155
v 1.6837077716261728 2.0215915409151726 2.3440208993864875
v 1.7051066151707994 2.2590311253646873 2.2687578059648486
v 1.836263319815072 2.1491411011772223 1.9593679202042869
v 1.8148644762704453 1.9117015167277072 2.034631013625926
v 1.9341491056217315 2.2105874603806273 2.1810494888509804
v 1.9127502620771057 1.973147875931112 2.2563125822726193
vt 0.6875 0.453125
vt 0.703125 0.453125
vt 0.703125 0.4375
vt 0.6875 0.4375
vt 0.671875 0.453125
vt 0.6875 0.453125
vt 0.6875 0.4375
vt 0.671875 0.4375
vt 0.71875 0.453125
vt 0.734375 0.453125
vt 0.734375 0.4375
vt 0.71875 0.4375
vt 0.703125 0.453125
vt 0.71875 0.453125
vt 0.71875 0.4375
vt 0.703125 0.4375
vt 0.703125 0.453125
vt 0.6875 0.453125
vt 0.6875 0.46875
vt 0.703125 0.46875
vt 0.71875 0.46875
vt 0.703125 0.46875
vt 0.703125 0.453125
vt 0.71875 0.453125
vn 0.08559537417850499 0.9497583377980594 -0.30105237368655513
vn -0.9161699618037283 0.19377465993624154 0.35083326845547197
vn -0.08559537417850499 -0.9497583377980594 0.30105237368655513
vn 0.9161699618037283 -0.19377465993624154 -0.35083326845547197
vn -0.39154314322663974 -0.24578543681361872 -0.8867262745867758
vn 0.39154314322663974 0.24578543681361872 0.8867262745867758
usemtl m_78259a52-36d1-b55a-1736-85a769a7346c
f 3516/8212/2053 3519/8211/2053 3517/8210/2053 3514/8209/2053
f 3515/8216/2054 3516/8215/2054 3514/8214/2054 3513/8213/2054
f 3520/8220/2055 3515/8219/2055 3513/8218/2055 3518/8217/2055
f 3519/8224/2056 3520/8223/2056 3518/8222/2056 3517/8221/2056
f 3518/8228/2057 3513/8227/2057 3514/8226/2057 3517/8225/2057
f 3519/8232/2058 3516/8231/2058 3515/8230/2058 3520/8229/2058
o cube
v 0.5961601218968084 1.3468458001415307 -0.3014803848460401
v 0.6068595436691213 1.465565592366288 -0.33911193155685915
v 2.358104266416688 2.4528802658028157 3.6887878507944487
v 2.3688036881890007 2.571600058027573 3.6511563040836292
v 0.7213807888945878 1.4413437598742578 -0.38296609011379346
v 0.7106813671222749 1.3226239676495004 -0.3453345434029744
v 2.4833249334144663 2.5473782255355433 3.607302145526695
v 2.4726255116421534 2.428658433310786 3.6449336922375144
vt 0.6875 0.9921875
vt 0.6953125 0.9921875
vt 0.6953125 0.7109375
vt 0.6875 0.7109375
vt 0.6796875 0.9921875
vt 0.6875 0.9921875
vt 0.6875 0.7109375
vt 0.6796875 0.7109375
vt 0.703125 0.9921875
vt 0.7109375 0.9921875
vt 0.7109375 0.7109375
vt 0.703125 0.7109375
vt 0.6953125 0.9921875
vt 0.703125 0.9921875
vt 0.703125 0.7109375
vt 0.6953125 0.7109375
vn 0.08559537417850499 0.9497583377980594 -0.30105237368655513
vn -0.9161699618037283 0.19377465993624154 0.35083326845547197
vn -0.08559537417850499 -0.9497583377980594 0.30105237368655513
vn 0.9161699618037283 -0.19377465993624154 -0.35083326845547197
usemtl m_78259a52-36d1-b55a-1736-85a769a7346c
f 3524/8236/2059 3527/8235/2059 3525/8234/2059 3522/8233/2059
f 3523/8240/2060 3524/8239/2060 3522/8238/2060 3521/8237/2060
f 3528/8244/2061 3523/8243/2061 3521/8242/2061 3526/8241/2061
f 3527/8248/2062 3528/8247/2062 3526/8246/2062 3525/8245/2062